Activity ID,Activity Date,Activity Name,Activity Type,Activity Description,Elapsed Time,Distance,Max Heart Rate,Relative Effort,Commute,Activity Private Note,Activity Gear,Filename,Athlete Weight,Bike Weight,Elapsed Time,Moving Time,Distance,Max Speed,Average Speed,Elevation Gain,Elevation Loss,Elevation Low,Elevation High,Max Grade,Average Grade,Average Positive Grade,Average Negative Grade,Max Cadence,Average Cadence,Max Heart Rate,Average Heart Rate,Max Watts,Average Watts,Calories,Max Temperature,Average Temperature,Relative Effort,Total Work,Number of Runs,Uphill Time,Downhill Time,Other Time,Perceived Exertion,Type,Start Time,Weighted Average Power,Power Count,Prefer Perceived Exertion,Perceived Relative Effort,Commute,Total Weight Lifted,From Upload,Grade Adjusted Distance,Weather Observation Time,Weather Condition,Weather Temperature,Apparent Temperature,Dewpoint,Humidity,Weather Pressure,Wind Speed,Wind Gust,Wind Bearing,Precipitation Intensity,Sunrise Time,Sunset Time,Moon Phase,Bike,Gear,Precipitation Probability,Precipitation Type,Cloud Cover,Weather Visibility,UV Index,Weather Ozone,Jump Count,Total Grit,Average Flow,Flagged,Average Elapsed Speed,Dirt Distance,Newly Explored Distance,Newly Explored Dirt Distance,Activity Count,Total Steps,Carbon Saved,Pool Length,Training Load,Intensity,Average Grade Adjusted Pace,Timer Time,Total Cycles,Recovery,With Pet,Competition,Long Run,For a Cause,With Kid,Downhill Distance,Total Sets,Total Reps,Media
18394703486,"May 5, 2026, 2:34:10 PM",Afternoon Run,Run,"",6152,14.50,173.0,70,false,,,activities/19499177084.fit.gz,,,6152.0,5737.0,14502.6,3.2,2.528,0.0,0.0,0.0,0.0,0.0,0.0,,,88.0,76.0,173.0,146.0,,,1371.0,,,70.0,,,,,,,,,,,0.0,,0.0,,1.0,14500.0,,,,,,,,,,,,,,,,,,,,,,,,,,,2.357,0.0,,,,,0.0,,,,,,,0.0,0.0,,,,0.0,,,,""
18394489821,"May 2, 2026, 5:59:02 AM",Morning Weight Training,Weight Training,,3721,0,146.0,9,false,,,activities/19498961039.fit.gz,,,3721.0,3721.0,0.0,0.0,0.0,0.0,0.0,0.0,0.0,0.0,0.0,,,,,146.0,106.0,,,496.0,,,9.0,,,,,,,,,,,,,0.0,,1.0,,,,,,,,,,,,,,,,,,,,,,,,,,,,0.0,0.0,,,,,0.0,,,,,,,0.0,0.0,,,,0.0,,,,media/fb4baa43-68d1-4f54-a272-f541251403dc.jpg
18394704417,"Apr 28, 2026, 2:43:34 PM",Afternoon Run,Run,,4639,11.42,176.0,117,false,,,activities/19499178014.fit.gz,,,4639.0,4639.0,11428.2,3.24,2.463,0.0,0.0,0.0,0.0,0.0,0.0,,,84.0,76.0,176.0,161.0,,,1291.0,,,117.0,,,,,,,,,,,,,0.0,,1.0,11427.2,,,,,,,,,,,,,,,,,,,,,,,,,,,2.463,0.0,,,,,0.0,,,,,,,0.0,0.0,,,,0.0,,,,media/a96c18ac-32e6-4523-a81e-c81519abd8d1.jpg
18394492627,"Apr 19, 2026, 7:38:55 AM",Morning Weight Training,Weight Training,,5512,0,146.0,15,false,,,activities/19498963921.fit.gz,,,5512.0,5512.0,0.0,0.0,0.0,0.0,0.0,0.0,0.0,0.0,0.0,,,,,146.0,109.0,,,754.0,,,15.0,,,,,,,,,,,,,0.0,,1.0,,,,,,,,,,,,,,,,,,,,,,,,,,,,0.0,0.0,,,,,0.0,,,,,,,0.0,0.0,,,,0.0,,,,media/62d92988-15e9-4329-bbb8-59ca07be035e.jpg
18394493667,"Apr 12, 2026, 7:33:31 AM",Morning Weight Training,Weight Training,,4601,0,161.0,16,false,,,activities/19498964891.fit.gz,,,4601.0,4601.0,0.0,0.0,0.0,0.0,0.0,0.0,0.0,0.0,0.0,,,,,161.0,122.0,,,679.0,,,16.0,,,,,,,,,,,,,0.0,,1.0,,,,,,,,,,,,,,,,,,,,,,,,,,,,0.0,0.0,,,,,0.0,,,,,,,0.0,0.0,,,,0.0,,,,media/1d3b6684-9bc4-443f-b0cb-e1a7c97f1aa5.jpg
18394494499,"Apr 7, 2026, 2:29:34 PM",Afternoon Run,Run,,4220,10.69,185.0,107,false,,,activities/19498965835.fit.gz,,,4220.0,4220.0,10696.6,3.26,2.535,0.0,0.0,0.0,0.0,0.0,0.0,,,90.0,77.0,185.0,161.0,,,1135.0,,,107.0,,,,,,,,,,,,,0.0,,1.0,10693.6,,,,,,,,,,,,,,,,,,,,,,,,,,,2.535,0.0,,,,,0.0,,,,,,,0.0,0.0,,,,0.0,,,,media/0347906d-3756-4311-bf28-d27f12c73633.jpg
18394495234,"Apr 4, 2026, 12:05:06 PM",Afternoon Weight Training,Weight Training,,6592,0,187.0,27,false,,,activities/19498966536.fit.gz,,,6592.0,6592.0,0.0,0.0,0.0,0.0,0.0,0.0,0.0,0.0,0.0,,,,,187.0,118.0,,,924.0,,,27.0,,,,,,,,,,,,,0.0,,1.0,,,,,,,,,,,,,,,,,,,,,,,,,,,,0.0,0.0,,,,,0.0,,,,,,,0.0,0.0,,,,0.0,,,,media/c99de7b2-2ae6-49ef-ad6e-13353e0ca13e.jpg
18394496464,"Mar 31, 2026, 3:34:11 PM",Evening Run,Run,,4250,9.15,175.0,56,false,,,activities/19498967693.fit.gz,,,4250.0,4136.0,9150.8,5.94,2.212,13.0,29.0,147.8,171.8,11.2,-0.2,,,84.0,74.0,175.0,148.0,,,957.0,,,56.0,,,,,,,,,,,,,0.0,,1.0,9151.4,,,,,,,,,,,,,,,,,,,,,,,,,,,2.153,8527.9,,,,,0.0,,,,2.213,,,,,,,,,,,,media/f91ced2e-b133-49d7-82bb-2514d9080ea6.jpg
18394497246,"Mar 29, 2026, 6:57:50 AM",Morning Weight Training,Weight Training,,3868,0,160.0,14,false,,,activities/19498968588.fit.gz,,,3868.0,3868.0,0.0,0.0,0.0,0.0,0.0,0.0,0.0,0.0,0.0,,,,,160.0,121.0,,,552.0,,,14.0,,,,,,,,,,,,,0.0,,1.0,,,,,,,,,,,,,,,,,,,,,,,,,,,,0.0,0.0,,,,,0.0,,,,,,,0.0,0.0,,,,0.0,,,,media/761bd3ff-bdcf-4b54-87b1-7378d3432787.jpg
18394498512,"Mar 24, 2026, 3:21:19 PM",Afternoon Run,Run,,4535,10.96,207.0,109,false,,,activities/19498969842.fit.gz,,,4535.0,4419.0,10968.0,9.48,2.482,78.0,77.0,143.0,182.6,14.9,0.0,,,83.0,77.0,207.0,161.0,,,1199.0,,,109.0,,,,,,,,,,,,,0.0,,1.0,11095.6,,,,,,,,,,,,,,,,,,,,,,,,,,,2.419,9889.3,,,,,0.0,,,,2.511,,,,,,,,,,,,media/07b5251e-00fb-48ed-8ea6-5a44ab83bc69.jpg
18394499541,"Mar 17, 2026, 3:58:22 PM",Afternoon Run,Run,,3883,10.14,212.0,127,false,,,activities/19498970902.fit.gz,,,3883.0,3883.0,10140.9,3.36,2.612,0.0,0.0,0.0,0.0,0.0,0.0,,,84.0,77.0,212.0,168.0,,,1087.0,,,127.0,,,,,,,,,,,,,0.0,,1.0,10138.5,,,,,,,,,,,,,,,,,,,,,,,,,,,2.612,0.0,,,,,0.0,,,,,,,0.0,0.0,,,,0.0,,,,""
18394500454,"Mar 5, 2026, 3:09:58 PM",Afternoon Run,Run,,3923,10.38,184.0,103,false,,,activities/19498971822.fit.gz,,,3923.0,3923.0,10386.0,3.12,2.647,0.0,0.0,0.0,0.0,0.0,0.0,,,82.0,77.0,184.0,162.0,,,1018.0,,,103.0,,,,,,,,,,,,,0.0,,1.0,10384.7,,,,,,,,,,,,,,,,,,,,,,,,,,,2.647,0.0,,,,,0.0,,,,,,,0.0,0.0,,,,0.0,,,,media/a3ef440a-b633-4db2-bea9-97f3d6595b42.jpg
18394501230,"Mar 3, 2026, 3:20:09 PM",Afternoon Run,Run,,3946,10.30,175.0,68,false,,,activities/19498972574.fit.gz,,,3946.0,3946.0,10302.1,3.54,2.611,0.0,0.0,0.0,0.0,0.0,0.0,,,86.0,77.0,175.0,152.0,,,957.0,,,68.0,,,,,,,,,,,,,0.0,,1.0,10300.5,,,,,,,,,,,,,,,,,,,,,,,,,,,2.611,0.0,,,,,0.0,,,,,,,0.0,0.0,,,,0.0,,,,media/86454853-0018-4a18-875b-6874b93251d8.jpg
18394502493,"Feb 24, 2026, 4:19:01 PM",Evening Run,Run,,3785,10.08,178.0,92,false,,,activities/19498973884.fit.gz,,,3785.0,3785.0,10081.8,3.34,2.664,0.0,0.0,0.0,0.0,0.0,0.0,,,84.0,77.0,178.0,160.0,,,1009.0,,,92.0,,,,,,,,,,,,,0.0,,1.0,10077.8,,,,,,,,,,,,,,,,,,,,,,,,,,,2.664,0.0,,,,,0.0,,,,,,,0.0,0.0,,,,0.0,,,,media/3908ca8b-acb0-4497-bae7-3a32905db965.jpg
18394503369,"Feb 23, 2026, 3:10:48 PM",Afternoon Walk,Walk,,2137,2.55,148.0,5,false,,,activities/19498974782.fit.gz,,,2137.0,1979.0,2557.6,11.64,1.292,19.0,9.0,93.6,108.6,43.2,0.4,,,69.0,48.0,148.0,101.0,,,230.0,,,5.0,,,,,,,,,,,,,0.0,,1.0,,,,,,,,,,,,,,,,,,,,,,,,,,,,1.197,0.0,,,,,0.0,,,,,,,,,,,,,,,,media/043b0424-d41d-4b46-b666-b0951cd63037.jpg
18394697661,"Feb 19, 2026, 4:46:18 PM",Evening Run,Run,,3067,8.18,175.0,77,false,,,activities/19499171268.fit.gz,,,3067.0,3067.0,8188.2,3.0,2.67,0.0,0.0,0.0,0.0,0.0,0.0,,,81.0,78.0,175.0,160.0,,,806.0,,,77.0,,,,,,,,,,,,,0.0,,1.0,8185.9,,,,,,,,,,,,,,,,,,,,,,,,,,,2.67,0.0,,,,,0.0,,,,,,,0.0,0.0,,,,0.0,,,,media/d71dcff6-3d96-4d54-a514-a72a9ef3a28c.jpg
18394705465,"Feb 17, 2026, 4:17:28 PM",Evening Run,Run,,4292,9.65,174.0,100,false,,,activities/19499179090.fit.gz,,,4292.0,4292.0,9650.5,3.34,2.248,0.0,0.0,0.0,0.0,0.0,0.0,,,85.0,78.0,174.0,159.0,,,1130.0,,,100.0,,,,,,,,,,,,,0.0,,1.0,9648.0,,,,,,,,,,,,,,,,,,,,,,,,,,,2.248,0.0,,,,,0.0,,,,,,,0.0,0.0,,,,0.0,,,,media/628c6cb6-52aa-4603-9501-6154eeaa3b06.jpg
18394706661,"Feb 10, 2026, 4:21:14 PM",Evening Run,Run,,4517,8.74,214.0,37,false,,,activities/19499180274.fit.gz,,,4517.0,4517.0,8748.5,3.06,1.937,0.0,0.0,0.0,0.0,0.0,0.0,,,82.0,63.0,214.0,128.0,,,830.0,,,37.0,,,,,,,,,,,,,0.0,,1.0,8748.1,,,,,,,,,,,,,,,,,,,,,,,,,,,1.937,0.0,,,,,0.0,,,,,,,0.0,0.0,,,,0.0,,,,media/914e1565-fe96-4da6-acf4-88e9b18c0a41.jpg
18394707689,"Jan 15, 2026, 4:08:29 PM",Evening Run,Run,,4718,10.84,179.0,89,false,,,activities/19499181334.fit.gz,,,4718.0,4718.0,10847.1,3.52,2.299,0.0,0.0,0.0,0.0,0.0,0.0,,,86.0,72.0,179.0,154.0,,,1178.0,,,89.0,,,,,,,,,,,,,0.0,,1.0,10847.1,,,,,,,,,,,,,,,,,,,,,,,,,,,2.299,0.0,,,,,0.0,,,,,,,0.0,0.0,,,,0.0,,,,media/ab324805-1348-40df-8912-bb63fb049335.jpg
18394709053,"Jan 8, 2026, 4:28:39 PM",Evening Run,Run,,4042,7.54,169.0,27,false,,,activities/19499182663.fit.gz,,,4042.0,4042.0,7543.1,3.34,1.866,0.0,0.0,0.0,0.0,0.0,0.0,,,87.0,62.0,169.0,129.0,,,772.0,,,27.0,,,,,,,,,,,,,0.0,,1.0,7542.1,,,,,,,,,,,,,,,,,,,,,,,,,,,1.866,0.0,,,,,0.0,,,,,,,0.0,0.0,,,,0.0,,,,media/1e192a62-1deb-4a8e-806d-1c5b5bdef8cd.jpg
18394709989,"Jan 6, 2026, 4:17:32 PM",Evening Run,Run,,3944,10.30,200.0,76,false,,,activities/19499183627.fit.gz,,,3944.0,3944.0,10303.7,3.2,2.612,0.0,0.0,0.0,0.0,0.0,0.0,,,83.0,78.0,200.0,156.0,,,1026.0,,,76.0,,,,,,,,,,,,,0.0,,1.0,10299.8,,,,,,,,,,,,,,,,,,,,,,,,,,,2.612,0.0,,,,,0.0,,,,,,,0.0,0.0,,,,0.0,,,,media/3af4aea0-bbd8-4e19-bde4-2b9b1f72ef1b.jpg
18394711096,"Dec 23, 2025, 8:53:13 AM",Morning Run,Run,,2333,1.92,151.0,3,false,,,activities/19499184737.fit.gz,,,2333.0,663.0,1922.2,10.74,2.899,0.0,0.0,81.8,82.0,2.5,0.0,,,85.0,77.0,151.0,135.0,,,305.0,,,3.0,,,,,,,,,,,,,0.0,,1.0,1922.8,,,,,,,,,,,,,,,,,,,,,,,,,,,0.824,0.0,,,,,0.0,,,,2.9,,,,,,,,,,,,media/25591939-a977-4e1a-9526-35a0786a5dfb.jpg
18394713011,"Dec 18, 2025, 4:16:45 PM",Evening Run,Run,,4018,9.71,172.0,66,false,,,activities/19499186708.fit.gz,,,4018.0,4018.0,9709.8,3.56,2.417,0.0,0.0,0.0,0.0,0.0,0.0,,,87.0,74.0,172.0,150.0,,,998.0,,,66.0,,,,,,,,,,,,,0.0,,1.0,9707.7,,,,,,,,,,,,,,,,,,,,,,,,,,,2.417,0.0,,,,,0.0,,,,,,,0.0,0.0,,,,0.0,,,,media/3cc1ba6e-29a0-4735-a909-e6cc1c39285f.jpg
18394714027,"Dec 16, 2025, 4:23:30 PM",Evening Run,Run,,4029,10.49,176.0,38,false,,,activities/19499187718.fit.gz,,,4029.0,4029.0,10498.2,3.42,2.606,0.0,0.0,0.0,0.0,0.0,0.0,,,85.0,78.0,176.0,139.0,,,863.0,,,38.0,,,,,,,,,,,,,0.0,,1.0,10496.8,,,,,,,,,,,,,,,,,,,,,,,,,,,2.606,0.0,,,,,0.0,,,,,,,0.0,0.0,,,,0.0,,,,media/36edb1bc-eddb-4d45-a622-906e977f611f.jpg
18394715260,"Dec 11, 2025, 4:11:13 PM",Evening Run,Run,,4007,10.19,194.0,78,false,,,activities/19499188993.fit.gz,,,4007.0,4007.0,10195.5,3.86,2.544,0.0,0.0,0.0,0.0,0.0,0.0,,,91.0,76.0,194.0,155.0,,,1029.0,,,78.0,,,,,,,,,,,,,0.0,,1.0,10194.0,,,,,,,,,,,,,,,,,,,,,,,,,,,2.544,0.0,,,,,0.0,,,,,,,0.0,0.0,,,,0.0,,,,media/78187ba3-c966-4b70-b25f-600de479062f.jpg
18394716336,"Dec 9, 2025, 4:12:52 PM",Evening Run,Run,,5229,13.27,204.0,159,false,,,activities/19499190074.fit.gz,,,5229.0,5229.0,13278.6,3.28,2.539,0.0,0.0,0.0,0.0,0.0,0.0,,,85.0,77.0,204.0,166.0,,,1407.0,,,159.0,,,,,,,,,,,,,0.0,,1.0,13277.7,,,,,,,,,,,,,,,,,,,,,,,,,,,2.539,0.0,,,,,0.0,,,,,,,0.0,0.0,,,,0.0,,,,media/8c0e2503-9cfa-44aa-8afd-ef555d18b2ab.jpg
18394717390,"Dec 2, 2025, 4:22:16 PM",Evening Run,Run,,4367,9.30,187.0,46,false,,,activities/19499191249.fit.gz,,,4367.0,4367.0,9303.6,3.86,2.13,0.0,0.0,0.0,0.0,0.0,0.0,,,89.0,68.0,187.0,136.0,,,929.0,,,46.0,,,,,,,,,,,,,0.0,,1.0,9302.2,,,,,,,,,,,,,,,,,,,,,,,,,,,2.13,0.0,,,,,0.0,,,,,,,0.0,0.0,,,,0.0,,,,media/09f96a57-ec65-4ff3-9444-71ec40b6d7ad.jpg
18394731546,"Nov 5, 2025, 4:17:28 PM",Evening Run,Run,,4451,10.64,190.0,87,false,,,activities/19499205597.fit.gz,,,4451.0,4395.0,10640.0,3.14,2.421,0.0,0.0,0.0,0.0,0.0,0.0,,,85.0,74.0,190.0,155.0,,,1125.0,,,87.0,,,,,,,,,,,,,0.0,,1.0,10639.5,,,,,,,,,,,,,,,,,,,,,,,,,,,2.39,0.0,,,,,0.0,,,,,,,0.0,0.0,,,,0.0,,,,media/b14ba122-f19d-45bf-97bd-2449e06b0def.jpg
15068400602,"Jul 7, 2025, 4:00:11 PM",Evening Walk,Walk,,46727,3.29,162.0,6,false,,,activities/16087977883.fit.gz,,,46727.0,2359.0,3296.3,8.64,1.397,32.0,54.0,226.2,254.2,46.7,-0.8,,,75.0,52.0,162.0,105.0,,,466.0,,,6.0,,,,,,,,,,,,,0.0,,1.0,,,,,,,,,,,,,,,,,,,,,,,,,,,0.0,0.071,0.0,,,,,,,,,,,,,,,,,,,,,media/33b3103d-fbf6-4476-afb7-b864f4849358.jpg
15068384907,"Jul 5, 2025, 5:07:49 AM",Morning Swim,Swim,,812,615,,,false,,,activities/16087961008.fit.gz,,,812.0,812.0,615.3,2.225,0.758,0.0,0.0,0.0,0.0,0.0,0.0,,,32.0,25.0,,,,,225.0,,,,,,,,,,,,,,,,0.0,,1.0,,,,,,,,,,,,,,,,,,,,,,,,,,,0.0,0.758,0.0,,,,,,,,,,,,,,,,,,,,,media/6e02857b-0a32-4f21-b5ed-546381208be1.jpg
15068337212,"Jul 5, 2025, 3:24:04 AM",Morning Ride,Ride,,2460,14.27,216.0,33,false,,,activities/16087908656.fit.gz,,,2460.0,2460.0,14270.4,10.38,5.801,56.0,60.0,3.8,55.2,6.3,-0.1,,,,,216.0,147.0,,82.0,586.0,,,33.0,,,,,,,,,,,,,0.0,,1.0,,,,,,,,,,,,,,,,,,,,,,,,,,,0.0,5.801,0.0,,,,,,,,,,,,,,,,,,,,,media/a0eeea95-5714-4ada-a999-bf9a3397c06a.jpg
15068338747,"Jul 2, 2025, 3:22:54 PM",Evening Run,Run,,3802,8.35,178.0,88,false,,,activities/16087910480.fit.gz,,,3802.0,3565.0,8357.8,2.78,2.344,0.0,0.0,0.0,0.0,0.0,0.0,,,82.0,74.0,178.0,160.0,,,981.0,,,88.0,,,,,,,,,,,,,0.0,,1.0,8355.0,,,,,,,,,,,,,,,,,,,,,,,,,,0.0,2.198,0.0,,,,,,,,,,,,,,,,,,,,,media/19aba138-5512-422c-8429-7a9649552f7e.jpg
15068386392,"Jun 24, 2025, 4:23:17 PM",Evening Walk,Walk,,43409,4.35,116.0,7,false,,,activities/16087961981.fit.gz,,,43409.0,3138.0,4355.8,9.68,1.388,28.0,32.0,146.6,161.0,49.2,0.1,,,79.0,54.0,116.0,100.0,,,238.0,,,7.0,,,,,,,,,,,,,0.0,,1.0,,,,,,,,,,,,,,,,,,,,,,,,,,,0.0,0.1,64.9,,,,,,,,,,,,,,,,,,,,,media/093129f3-e702-45c3-9398-9b759c850066.jpg
15068389724,"Jun 19, 2025, 3:15:52 PM",Evening Run,Run,,4631,9.84,187.0,80,false,,,activities/16087966071.fit.gz,,,4631.0,4138.0,9840.8,9.5,2.378,68.0,73.0,161.6,192.6,11.6,0.0,,,86.0,74.0,187.0,156.0,,,1063.0,,,80.0,,,,,,,,,,,,,0.0,,1.0,9941.6,,,,,,,,,,,,,,,,,,,,,,,,,,0.0,2.125,8862.6,,,,,,,,,2.403,,,,,,,,,,,,media/bc503c6e-ee59-4674-955c-d102d9aab091.jpg
15068374694,"Jun 17, 2025, 4:31:05 PM",Evening Walk,Walk,,2470,3.22,119.0,5,false,,,activities/16087949866.fit.gz,,,2470.0,2420.0,3222.7,8.367,1.332,8.0,14.0,143.8,152.8,6.3,0.0,,,79.0,53.0,119.0,100.0,,,304.0,,,5.0,,,,,,,,,,,,,0.0,,1.0,,,,,,,,,,,,,,,,,,,,,,,,,,,0.0,1.305,0.0,,,,,,,,,,,,,,,,,,,,,media/76a9c626-a9ea-4f25-a803-b6e5fdb8a38d.jpg
14803038502,"Jun 15, 2025, 5:50:11 AM",Morning Swim,Swim,,1390,972,,,false,,,activities/15798140932.fit.gz,,,1390.0,1229.0,971.7,3.2,0.791,0.0,0.0,0.0,0.0,0.0,0.0,,,30.0,24.0,,,,,421.0,,,,,,,,,,,,,,,,0.0,,1.0,,,,,,,,,,,,,,,,,,,,,,,,,,,0.0,0.699,0.0,,,,,,,,,,,,,,,,,,,,,media/d768b629-539b-4ccb-9797-dd0c5d9eecf6.jpg
14802841972,"Jun 15, 2025, 3:36:55 AM",Morning Ride,Ride,,5421,41.21,,,false,,,activities/15797913677.fit.gz,,,5421.0,5421.0,41218.2,12.211,7.603,156.0,158.0,-7.4,51.4,5.5,0.0,,,,,,,,120.0,1731.0,,21.0,,,,,,,,,,,,,,0.0,,1.0,,,,,,,,,,,,,,,,,,,,,,,,,,,0.0,7.603,0.0,,,,,,,,,,,,,,,,,,,,,""
14720710938,"Jun 7, 2025, 6:51:19 AM",Morning Swim,Swim,,389,0,,,false,,,activities/15709126097.fit.gz,,,389.0,389.0,0.0,0.0,0.0,0.0,0.0,0.0,0.0,0.0,0.0,,,35.0,23.0,,,,,168.0,,,,,,,,,,,,,,,,0.0,,1.0,,,,,,,,,,,,,,,,,,,,,,,,,,,0.0,0.0,0.0,,,,,,,,,,,,,,,,,,,,,media/c962741b-552b-4e2b-ae68-594c4bd05779.jpg
14310459455,"Apr 23, 2025, 3:04:31 PM",Evening Run,Run,,4958,10.90,179.0,56,false,,,activities/15270577695.fit.gz,,,4958.0,4578.0,10900.3,11.04,2.381,71.0,76.0,154.8,190.6,16.1,0.0,,,84.0,70.0,179.0,142.0,,,1103.0,,,56.0,,,,,,,,,,,,,0.0,,1.0,11011.4,,,,,,,,,,,,,,,,,,,,,,,,,,0.0,2.199,7787.3,,,,,,,,,2.405,,,,,,,,,,,,media/2df1c645-ecc4-4a48-8017-0023e163b468.jpg
14310460269,"Apr 22, 2025, 3:58:45 PM",Evening Walk,Walk,,1240,1.83,120.0,2,false,,,activities/15270578610.fit.gz,,,1240.0,1240.0,1831.1,7.55,1.477,13.0,8.0,149.2,162.2,8.3,0.0,,,73.0,52.0,120.0,101.0,,,135.0,,,2.0,,,,,,,,,,,,,0.0,,1.0,,,,,,,,,,,,,,,,,,,,,,,,,,,0.0,1.477,0.0,,,,,,,,,,,,,,,,,,,,,media/f079b5d4-3429-4a07-8f3d-76967808b169.jpg
14310461463,"Apr 14, 2025, 3:13:35 PM",Evening Walk,Walk,,1685,2.50,128.0,4,false,,,activities/15270579817.fit.gz,,,1685.0,1654.0,2507.6,2.34,1.516,24.0,22.0,120.6,127.4,8.5,0.0,,,74.0,55.0,128.0,110.0,,,231.0,,,4.0,,,,,,,,,,,,,0.0,,1.0,,,,,,,,,,,,,,,,,,,,,,,,,,,0.0,1.488,72.6,,,,,,,,,,,,,,,,,,,,,media/6be917bd-435d-4722-b767-30f2a4ad7464.jpg
14310463317,"Mar 27, 2025, 4:13:56 PM",Evening Run,Run,,3812,9.35,173.0,86,false,,,activities/15270581650.fit.gz,,,3812.0,3623.0,9358.7,6.2,2.583,71.0,50.0,129.8,172.0,15.4,0.2,,,85.0,79.0,173.0,160.0,,,969.0,,,86.0,,,,,,,,,,,,,0.0,,1.0,9501.8,,,,,,,,,,,,,,,,,,,,,,,,,,0.0,2.455,5324.2,,,,,,,,,2.623,,,,,,,,,,,,media/06343e1d-79a7-4113-8c28-5795cb0eded9.jpg
14310473376,"Mar 16, 2025, 5:42:55 AM",Morning Walk,Walk,,2736,2.96,122.0,4,false,,,activities/15270592036.fit.gz,,,2736.0,2141.0,2960.0,2.48,1.383,39.0,37.0,5.8,33.2,20.2,-0.2,,,76.0,54.0,122.0,94.0,,,232.0,,,4.0,,,,,,,,,,,,,0.0,,1.0,,,,,,,,,,,,,,,,,,,,,,,,,,,0.0,1.082,0.0,,,,,,,,,,,,,,,,,,,,,media/115818d9-1970-426b-9b25-9de6a9746164.jpg
14310476232,"Mar 12, 2025, 4:23:16 PM",Evening Run,Run,,3864,10.16,184.0,60,false,,,activities/15270594941.fit.gz,,,3864.0,3654.0,10167.2,9.68,2.782,65.0,68.0,148.6,185.0,15.4,-0.1,,,86.0,78.0,184.0,149.0,,,921.0,,,60.0,,,,,,,,,,,,,0.0,,1.0,10256.2,,,,,,,,,,,,,,,,,,,,,,,,,,0.0,2.631,8237.8,,,,,,,,,2.807,,,,,,,,,,,,media/62674c1c-85ea-4608-a692-b6cd4f670a6f.jpg
13820377875,"Mar 8, 2025, 8:10:31 AM",Kato Zodeia Bahcalar  w/gd,Walk,"",2675,2.95,145.0,6,false,,,activities/14750756263.fit.gz,,,2675.0,2615.0,2949.2,2.36,1.128,17.0,23.0,71.6,88.8,9.6,0.0,,,83.0,51.0,145.0,104.0,,,320.0,,,6.0,,,,,,,,,,,0.0,,0.0,,1.0,,,,,,,,,,,,,,,,,,,,,,,,,,,0.0,1.103,658.6,,,,,,,,,,,,,,,,,,,,,media/0a3de6b5-5c4f-4727-b168-e7a85b6f94a9.jpg
13820379705,"Mar 1, 2025, 10:29:17 AM",Karmi w/F,Walk,"",2216,1.98,147.0,5,false,,,activities/14750758162.fit.gz,,,2216.0,2018.0,1987.7,3.82,0.985,77.0,62.0,310.6,350.0,43.2,0.7,,,75.0,48.0,147.0,109.0,,,279.0,,,5.0,,,,,,,,,,,0.0,,0.0,,1.0,,,,,,,,,,,,,,,,,,,,,,,,,,,0.0,0.897,221.0,,,,,,,,,,,,,,,,,,,,,""
13820382365,"Feb 26, 2025, 4:02:39 PM",Evening Run,Run,,3159,6.79,181.0,34,false,,,activities/14750761170.fit.gz,,,3159.0,3003.0,6796.0,9.04,2.263,49.0,54.0,153.4,178.8,15.8,-0.1,,,91.0,70.0,181.0,139.0,,,686.0,,,34.0,,,,,,,,,,,,,0.0,,1.0,6876.8,,,,,,,,,,,,,,,,,,,,,,,,,,0.0,2.151,6534.1,,,,,,,,,2.29,,,,,,,,,,,,media/1d7a4625-1dd0-4b61-9b51-731ca506757a.jpg
13820383863,"Feb 19, 2025, 4:04:36 PM",Evening Run,Run,,3735,0,,,false,,,activities/14750762908.fit.gz,,,3735.0,3588.0,0.0,0.0,0.0,0.0,78.0,0.0,0.0,0.0,0.0,,,,,,,,,0.0,,,,,,,,,,,,,,,,0.0,,1.0,,,,,,,,,,,,,,,,,,,,,,,,,,,0.0,0.0,0.0,,,,,,,,,,,,,,,,,,,,,media/32411fae-76c2-4293-b0ea-d97ace2ac8f5.jpg
13820384958,"Feb 13, 2025, 4:13:09 PM",Evening Run,Run,,3581,0,,,false,,,activities/14750764161.fit.gz,,,3581.0,3290.0,0.0,0.0,0.0,0.0,21.0,0.0,0.0,0.0,0.0,,,,,,,,,0.0,,,,,,,,,,,,,,,,0.0,,1.0,,,,,,,,,,,,,,,,,,,,,,,,,,,0.0,0.0,0.0,,,,,,,,,,,,,,,,,,,,,media/b30a4d06-745f-4318-b0dc-52c486f780a0.jpg
13820387457,"Feb 6, 2025, 4:05:24 PM",Evening Run,Run,,3190,8.59,183.0,94,false,,,activities/14750766743.fit.gz,,,3190.0,3066.0,8598.3,6.5,2.804,49.0,56.0,138.0,161.8,13.3,-0.1,,,90.0,82.0,183.0,167.0,,,869.0,,,94.0,,,,,,,,,,,,,0.0,,1.0,8636.9,,,,,,,,,,,,,,,,,,,,,,,,,,0.0,2.695,1745.9,,,,,,,,,2.817,,,,,,,,,,,,media/709be430-d2c3-4fdb-b079-5794c00ed4d1.jpg
13820390007,"Jan 30, 2025, 4:13:07 PM",Evening Run,Run,,3415,8.08,178.0,65,false,,,activities/14750769495.fit.gz,,,3415.0,2881.0,8085.9,6.28,2.807,56.0,56.0,148.0,174.6,40.4,0.0,,,86.0,80.0,178.0,158.0,,,733.0,,,65.0,,,,,,,,,,,,,0.0,,1.0,8190.4,,,,,,,,,,,,,,,,,,,,,,,,,,0.0,2.368,7810.7,,,,,,,,,2.843,,,,,,,,,,,,media/952367de-a5a0-49f2-8121-abbf78f95389.jpg
13820392505,"Jan 23, 2025, 3:57:37 PM",Afternoon Run,Run,,3848,10.20,181.0,88,false,,,activities/14750772226.fit.gz,,,3848.0,3701.0,10208.0,6.12,2.758,60.0,59.0,145.4,182.4,15.0,0.0,,,90.0,80.0,181.0,160.0,,,993.0,,,88.0,,,,,,,,,,,,,0.0,,1.0,10296.8,,,,,,,,,,,,,,,,,,,,,,,,,,0.0,2.653,5779.6,,,,,,,,,2.782,,,,,,,,,,,,media/9c926f0d-d033-4ee1-b997-d9e7beff84b4.jpg
13820394496,"Jan 20, 2025, 4:04:26 PM",Evening Run,Run,,3660,7.48,188.0,84,false,,,activities/14750774435.fit.gz,,,3660.0,2641.0,7487.8,13.38,2.835,40.0,43.0,139.2,174.0,10.0,-0.3,,,88.0,81.0,188.0,168.0,,,759.0,,,84.0,,,,,,,,,,,,,0.0,,1.0,7536.9,,,,,,,,,,,,,,,,,,,,,,,,,,0.0,2.046,7487.8,,,,,,,,,2.854,,,,,,,,,,,,media/b97518cf-271f-41ce-b1af-a138da0eea65.jpg
13820397059,"Jan 9, 2025, 4:08:27 PM",Evening Run,Run,,3701,10.07,198.0,112,false,,,activities/14750777111.fit.gz,,,3701.0,3450.0,10070.5,5.5,2.919,74.0,76.0,137.8,171.0,16.5,0.0,,,90.0,81.0,198.0,168.0,,,957.0,,,112.0,,,,,,,,,,,,,0.0,,1.0,10173.5,,,,,,,,,,,,,,,,,,,,,,,,,,0.0,2.721,10070.5,,,,,,,,,2.949,,,,,,,,,,,,media/a333f361-f259-47ca-878b-7c2410936da7.jpg
13820412131,"Jan 6, 2025, 1:31:00 PM",Afternoon Run,Run,,2288,5.54,172.0,31,false,,,activities/14750793664.fit.gz,,,2288.0,2196.0,5543.8,6.54,2.524,73.0,78.0,199.0,232.4,19.2,-0.1,,,88.0,73.0,172.0,151.0,,,547.0,,,31.0,,,,,,,,,,,,,0.0,,1.0,5658.0,,,,,,,,,,,,,,,,,,,,,,,,,,0.0,2.423,859.9,,,,,,,,,2.577,,,,,,,,,,,,media/18d0d42d-7ab1-46bc-8a4b-afd7b123d5dd.jpg
14802841980,"Dec 29, 2024, 6:56:21 AM",Morning Ride,Ride,,4768,28.98,,,false,,,activities/15797913678.fit.gz,,,4768.0,4751.0,28985.4,10.978,6.101,266.0,260.0,19.8,171.0,8.8,0.0,,,,,,,,102.0,1201.0,,8.0,,,,,,,,,,,,,,0.0,,1.0,,,,,,,,,,,,,,,,,,,,,,,,,,,0.0,6.079,0.0,,,,,,,,,,,,,,,,,,,,,""
13252872307,"Dec 12, 2024, 4:09:57 PM",Evening Run,Run,,3881,0,,,false,,,activities/14134348421.fit.gz,,,3881.0,3800.0,0.0,0.0,0.0,0.0,66.0,0.0,0.0,0.0,0.0,,,,,,,,,0.0,,,,,,,,,,,,,,,,0.0,,1.0,,,,,,,,,,,,,,,,,,,,,,,,,,,0.0,0.0,0.0,,,,,,,,,,,,,,,,,,,,,media/f0309420-0c11-4aca-9347-0827f9b3eb39.jpg
13252872797,"Nov 20, 2024, 4:06:43 PM",Evening Run,Run,,3498,9.46,191.0,105,false,,,activities/14134348903.fit.gz,,,3498.0,3383.0,9468.2,12.26,2.799,67.0,69.0,142.0,171.4,18.5,0.0,,,85.0,80.0,191.0,167.0,,,973.0,,,105.0,,,,,,,,,,,,,0.0,,1.0,9560.9,,,,,,,,,,,,,,,,,,,,,,,,,,0.0,2.707,8731.4,,,,,,,,,2.826,,,,,,,,,,,,media/3d11574b-edbf-456f-8234-2e73887f1e64.jpg
13252857717,"Nov 13, 2024, 4:23:45 PM",Evening Run,Run,,3893,9.13,187.0,90,false,,,activities/14134331951.fit.gz,,,3893.0,3750.0,9136.2,11.78,2.436,63.0,63.0,170.2,197.2,17.5,0.0,,,87.0,75.0,187.0,160.0,,,995.0,,,90.0,,,,,,,,,,,,,0.0,,1.0,9244.1,,,,,,,,,,,,,,,,,,,,,,,,,,0.0,2.347,9136.2,,,,,,,,,2.465,,,,,,,,,,,,media/48ee3f51-d130-4eb4-9305-3cfd1f19d5fe.jpg
13252858632,"Oct 30, 2024, 4:00:25 PM",Evening Run,Run,,3166,7.82,180.0,75,false,,,activities/14134332973.fit.gz,,,3166.0,2841.0,7820.0,10.7,2.753,59.0,62.0,160.6,185.6,27.0,0.0,,,,,180.0,163.0,,,774.0,,,75.0,,,,,,,,,,,,,0.0,,1.0,7917.1,,,,,,,,,,,,,,,,,,,,,,,,,,0.0,2.47,7817.6,,,,,,,,,2.787,,,,,,,,,,,,media/1549c5e5-5f09-48d4-93af-accd109e42e2.jpg
13252860085,"Oct 29, 2024, 4:38:59 AM",Morning Walk,Walk,,2088,3.18,120.0,4,false,,,activities/14134334180.fit.gz,,,2088.0,1965.0,3179.0,3.12,1.618,38.0,35.0,164.2,189.0,28.0,-0.1,,,77.0,58.0,120.0,104.0,,,252.0,,,4.0,,,,,,,,,,,,,0.0,,1.0,,,,,,,,,,,,,,,,,,,,,,,,,,,0.0,1.523,60.7,,,,,,,,,,,,,,,,,,,,,media/896c7b14-ad9b-4e91-9a64-2182c9a6390e.jpg
13252860432,"Oct 26, 2024, 4:32:05 AM",Morning Walk,Walk,,3242,4.82,134.0,8,false,,,activities/14134335299.fit.gz,,,3242.0,3171.0,4821.5,3.32,1.52,72.0,75.0,141.6,167.8,14.7,-0.1,,,82.0,55.0,134.0,110.0,,,457.0,,,8.0,,,,,,,,,,,,,0.0,,1.0,,,,,,,,,,,,,,,,,,,,,,,,,,,0.0,1.487,669.4,,,,,,,,,,,,,,,,,,,,,media/fa5c410b-6064-4feb-b950-d2f7c3e0ad91.jpg
13252861352,"Oct 23, 2024, 5:10:42 AM",Morning Walk,Walk,,945,1.46,161.0,5,false,,,activities/14134336199.fit.gz,,,945.0,945.0,1463.3,3.9,1.548,18.0,23.0,149.2,169.8,10.0,-0.4,,,64.0,54.0,161.0,121.0,,,132.0,,,5.0,,,,,,,,,,,,,0.0,,1.0,,,,,,,,,,,,,,,,,,,,,,,,,,,0.0,1.548,0.0,,,,,,,,,,,,,,,,,,,,,media/6b380357-2759-4dc4-b1f5-470cfd09dd1b.jpg
13252861971,"Oct 22, 2024, 5:00:31 AM",Morning Walk,Walk,,647,1.11,115.0,1,false,,,activities/14134336813.fit.gz,,,647.0,647.0,1111.8,3.44,1.718,14.0,13.0,154.4,165.2,14.3,0.1,,,70.0,57.0,115.0,98.0,,,76.0,,,1.0,,,,,,,,,,,,,0.0,,1.0,,,,,,,,,,,,,,,,,,,,,,,,,,,0.0,1.718,198.3,,,,,,,,,,,,,,,,,,,,,media/341a7853-4b9d-4da2-92d0-4695451b042d.jpg
13252862468,"Oct 17, 2024, 4:53:17 AM",Morning Walk,Walk,,721,1.10,111.0,1,false,,,activities/14134337438.fit.gz,,,721.0,721.0,1105.2,3.96,1.533,13.0,10.0,126.0,136.8,7.3,0.3,,,74.0,55.0,111.0,99.0,,,86.0,,,1.0,,,,,,,,,,,,,0.0,,1.0,,,,,,,,,,,,,,,,,,,,,,,,,,,0.0,1.533,0.0,,,,,,,,,,,,,,,,,,,,,media/e3da63d8-0ae4-4ffd-933a-023304010bdb.jpg
13252863089,"Oct 16, 2024, 4:33:58 AM",Morning Walk,Walk,,1201,1.88,126.0,3,false,,,activities/14134338086.fit.gz,,,1201.0,1201.0,1885.2,5.22,1.57,25.0,22.0,107.0,128.8,34.0,0.2,,,69.0,55.0,126.0,107.0,,,170.0,,,3.0,,,,,,,,,,,,,0.0,,1.0,,,,,,,,,,,,,,,,,,,,,,,,,,,0.0,1.57,0.0,,,,,,,,,,,,,,,,,,,,,media/78cb6c4c-b712-492d-bafa-cfda6df7fc68.jpg
13252864064,"Oct 11, 2024, 4:21:18 AM",Morning Walk,Walk,,1461,2.13,129.0,3,false,,,activities/14134338843.fit.gz,,,1461.0,1461.0,2130.0,9.14,1.458,20.0,20.0,102.8,122.6,25.5,0.1,,,79.0,54.0,129.0,105.0,,,194.0,,,3.0,,,,,,,,,,,,,0.0,,1.0,,,,,,,,,,,,,,,,,,,,,,,,,,,0.0,1.458,107.5,,,,,,,,,,,,,,,,,,,,,media/6169b4d2-d526-4a64-a5e4-2a864faeee9b.jpg
13252864921,"Oct 10, 2024, 4:14:42 AM",Morning Walk,Walk,,902,1.27,113.0,1,false,,,activities/14134339666.fit.gz,,,902.0,902.0,1273.4,4.22,1.412,14.0,13.0,110.0,122.0,8.0,0.2,,,68.0,53.0,113.0,94.0,,,98.0,,,1.0,,,,,,,,,,,,,0.0,,1.0,,,,,,,,,,,,,,,,,,,,,,,,,,,0.0,1.412,96.6,,,,,,,,,,,,,,,,,,,,,media/cd0c5be0-26df-4d8a-a7f7-74edbbe53ce6.jpg
13252865451,"Oct 9, 2024, 4:22:22 AM",Morning Yoga,Yoga,,612,0,102.0,0,false,,,activities/14134340663.fit.gz,,,612.0,612.0,0.0,0.0,0.0,0.0,0.0,0.0,0.0,0.0,0.0,,,,,102.0,74.0,,,37.0,,,0.0,,,,,,,,,,,,,0.0,,1.0,,,,,,,,,,,,,,,,,,,,,,,,,,,0.0,0.0,0.0,,,,,,,,,,,,,,,,,,,,,media/3a85377a-1191-48d8-8f23-92511c59a3ae.jpg
13252865646,"Oct 9, 2024, 4:04:43 AM",Morning Walk,Walk,,780,1.17,128.0,1,false,,,activities/14134340964.fit.gz,,,780.0,780.0,1169.8,3.7,1.5,16.0,16.0,99.4,114.8,7.8,0.1,,,70.0,54.0,128.0,101.0,,,87.0,,,1.0,,,,,,,,,,,,,0.0,,1.0,,,,,,,,,,,,,,,,,,,,,,,,,,,0.0,1.5,192.7,,,,,,,,,,,,,,,,,,,,,media/d715c9a9-4fc6-4a64-a3b0-018897d2eef3.jpg
13252868439,"Sep 29, 2024, 6:13:53 AM",Morning Run,Run,,2977,8.00,187.0,97,false,,,activities/14134344261.fit.gz,,,2977.0,2631.0,8004.0,5.2,3.042,125.0,125.0,27.4,114.8,18.6,0.1,,,93.0,87.0,187.0,172.0,,,793.0,,,97.0,,,,,,,,,,,,,0.0,,1.0,8238.0,,,,,,,,,,,,,,,,,,,,,,,,,,0.0,2.689,3970.9,,,,,,,,,3.131,,,,,,,,,,,,media/705e8a70-ee44-4e6c-9f4a-e76220af1dc2.jpg
14802841983,"Sep 29, 2024, 4:47:59 AM",Morning Ride,Ride,,4924,41.15,,,false,,,activities/15797913674.fit.gz,,,4924.0,4924.0,41157.7,12.986,8.359,158.0,157.0,12.4,71.4,5.7,0.0,,,,,,,,151.0,1777.0,,21.0,,,,,,,,,,,,,,0.0,,1.0,,,,,,,,,,,,,,,,,,,,,,,,,,,0.0,8.359,0.0,,,,,,,,,,,,,,,,,,,,,""
14802841981,"Sep 22, 2024, 4:23:59 AM",Morning Ride,Ride,,4239,32.58,,,false,,,activities/15797913685.fit.gz,,,4239.0,4239.0,32585.0,10.633,7.687,111.0,104.0,1.0,53.2,5.8,0.0,,,,,,,,117.0,1353.0,,20.0,,,,,,,,,,,,,,0.0,,1.0,,,,,,,,,,,,,,,,,,,,,,,,,,,0.0,7.687,0.0,,,,,,,,,,,,,,,,,,,,,""
14802841984,"Sep 15, 2024, 4:19:05 AM",Morning Ride,Ride,,4138,28.15,,,false,,,activities/15797913711.fit.gz,,,4138.0,4085.0,28154.1,12.4,6.892,146.0,146.0,47.4,137.0,5.4,0.0,,,,,,,,98.0,1085.0,,21.0,,,,,,,,,,,,,,0.0,,1.0,,,,,,,,,,,,,,,,,,,,,,,,,,,0.0,6.804,115.2,,,,,,,,,,,,,,,,,,,,,""
12381157082,"Sep 10, 2024, 2:54:29 PM",Afternoon Walk,Walk,,1935,2.68,113.0,4,false,,,activities/13200215897.fit.gz,,,1935.0,1887.0,2684.2,9.208,1.422,27.0,26.0,126.0,137.0,46.2,0.2,,,83.0,52.0,113.0,101.0,,,238.0,,,4.0,,,,,,,,,,,,,0.0,,1.0,,,,,,,,,,,,,,,,,,,,,,,,,,,0.0,1.387,198.6,,,,,,,,,,,,,,,,,,,,,media/acae867a-e332-4745-b2d6-f8786154f415.jpg
12364754394,"Sep 9, 2024, 3:40:51 AM",Morning Run,Run,,1572,4.71,176.0,27,false,,,activities/13182827815.fit.gz,,,1572.0,1410.0,4711.6,13.456,3.342,5.0,23.0,140.2,161.6,13.1,-0.4,,,82.0,75.0,176.0,154.0,,,405.0,,,27.0,,,,,,,,,,,,,0.0,,1.0,4686.4,,,,,,,,,,,,,,,,,,,,,,,,,,0.0,2.997,535.4,,,,,,,,,3.324,,,,,,,,,,,,media/134258f0-c62d-44e6-bca5-2cdee1d59840.jpg
12364735286,"Sep 9, 2024, 3:20:39 AM",Morning Yoga,Yoga,,721,0,106.0,1,false,,,activities/13182807204.fit.gz,,,721.0,721.0,0.0,0.0,0.0,0.0,0.0,0.0,0.0,0.0,0.0,,,,,106.0,80.0,,,54.0,,,1.0,,,,,,,,,,,,,0.0,,1.0,,,,,,,,,,,,,,,,,,,,,,,,,,,0.0,0.0,0.0,,,,,,,,,,,,,,,,,,,,,media/c222094d-6e72-43f0-8a45-6d8427135005.jpg
12364736377,"Jul 29, 2024, 4:02:36 AM",Morning Walk,Walk,,2042,2.99,121.0,4,false,,,activities/13182808395.fit.gz,,,2042.0,2042.0,2992.7,3.248,1.466,28.0,31.0,130.8,151.4,25.8,0.0,,,77.0,54.0,121.0,97.0,,,238.0,,,4.0,,,,,,,,,,,,,0.0,,1.0,,,,,,,,,,,,,,,,,,,,,,,,,,,0.0,1.466,762.9,,,,,,,,,,,,,,,,,,,,,media/d06afd99-b6aa-48e2-a80c-86475e397959.jpg
12364737467,"Jul 18, 2024, 4:00:53 AM",Morning Walk,Walk,,3216,4.41,120.0,6,false,,,activities/13182809508.fit.gz,,,3216.0,3216.0,4412.9,5.807,1.372,25.0,27.0,112.0,132.8,7.1,0.0,,,78.0,53.0,120.0,95.0,,,356.0,,,6.0,,,,,,,,,,,,,0.0,,1.0,,,,,,,,,,,,,,,,,,,,,,,,,,,0.0,1.372,293.2,,,,,,,,,,,,,,,,,,,,,media/dc2d55a6-212d-47d9-b243-a1af0593c704.jpg
12364738316,"Jul 17, 2024, 4:39:27 AM",Morning Walk,Walk,,2266,3.29,122.0,5,false,,,activities/13182810449.fit.gz,,,2266.0,2266.0,3293.0,2.45,1.453,37.0,37.0,105.8,132.4,20.7,0.1,,,76.0,54.0,122.0,102.0,,,297.0,,,5.0,,,,,,,,,,,,,0.0,,1.0,,,,,,,,,,,,,,,,,,,,,,,,,,,0.0,1.453,454.1,,,,,,,,,,,,,,,,,,,,,media/c8e62b36-9893-4434-ae9b-067eddcbde39.jpg
12364739893,"Jun 23, 2024, 3:18:57 AM",Morning Walk,Walk,,4952,6.29,155.0,16,false,,,activities/13182812063.fit.gz,,,4952.0,4662.0,6292.6,3.2,1.35,253.0,245.0,75.6,295.0,38.0,0.1,,,81.0,52.0,155.0,113.0,,,712.0,,,16.0,,,,,,,,,,,,,0.0,,1.0,,,,,,,,,,,,,,,,,,,,,,,,,,,0.0,1.271,0.0,,,,,,,,,,,,,,,,,,,,,media/542c8ece-f7da-4d67-a765-421075c0d8c7.jpg
14802841971,"Jun 9, 2024, 3:27:00 AM",Morning Ride,Ride,,4138,25.02,,,false,,,activities/15797913676.fit.gz,,,4138.0,3587.0,25019.2,11.383,6.975,138.0,140.0,55.4,144.2,5.6,0.0,,,,,,,,97.0,981.0,,22.0,,,,,,,,,,,,,,0.0,,1.0,,,,,,,,,,,,,,,,,,,,,,,,,,,0.0,6.046,162.1,,,,,,,,,,,,,,,,,,,,,""
12364740608,"May 28, 2024, 3:45:58 PM",Evening Walk,Walk,,1902,2.69,121.0,4,false,,,activities/13182812864.fit.gz,,,1902.0,1886.0,2695.8,5.024,1.429,19.0,22.0,155.4,161.6,13.8,-0.1,,,79.0,53.0,121.0,99.0,,,223.0,,,4.0,,,,,,,,,,,,,0.0,,1.0,,,,,,,,,,,,,,,,,,,,,,,,,,,0.0,1.417,241.7,,,,,,,,,,,,,,,,,,,,,media/88b6bb94-a700-4cf2-bb01-5b6681b7f827.jpg
12364741574,"May 27, 2024, 4:01:52 PM",Evening Run,Run,,1871,3.15,152.0,5,false,,,activities/13182813972.fit.gz,,,1871.0,1866.0,3151.0,6.1,1.689,15.0,21.0,196.0,210.4,11.8,-0.1,,,81.0,60.0,152.0,111.0,,,275.0,,,5.0,,,,,,,,,,,,,0.0,,1.0,3169.5,,,,,,,,,,,,,,,,,,,,,,,,,,0.0,1.684,573.1,,,,,,,,,1.699,,,,,,,,,,,,media/f768c2de-a46a-47e7-93b6-3ac6df637d19.jpg
14802841970,"May 19, 2024, 5:15:44 AM",Morning Ride,Ride,,1881,18.24,,,false,,,activities/15797913671.fit.gz,,,1881.0,1881.0,18247.4,12.863,9.701,33.0,33.0,-2.0,14.4,1.9,0.0,,,,,,,,211.0,883.0,,22.0,,,,,,,,,,,,,,0.0,,1.0,,,,,,,,,,,,,,,,,,,,,,,,,,,0.0,9.701,0.0,,,,,,,,,,,,,,,,,,,,,""
14802840708,"May 12, 2024, 5:02:55 AM",Morning Ride,Ride,,2491,22.37,,,false,,,activities/15797912238.fit.gz,,,2491.0,2491.0,22378.1,13.5,8.984,105.0,101.0,-4.2,47.2,4.8,0.0,,,,,,,,179.0,1027.0,,21.0,,,,,,,,,,,,,,0.0,,1.0,,,,,,,,,,,,,,,,,,,,,,,,,,,0.0,8.984,0.0,,,,,,,,,,,,,,,,,,,,,""
12364744125,"May 12, 2024, 4:31:04 AM",Morning Swim,Swim,,1154,"1,033",,,false,,,activities/13182816423.fit.gz,,,1154.0,1140.0,1032.9,4.787,0.906,0.0,0.0,0.0,0.2,2.0,0.0,,,44.0,26.0,,,,,340.0,,,,,,,,,,,,,,,,0.0,,1.0,,,,,,,,,,,,,,,,,,,,,,,,,,,0.0,0.895,0.0,,,,,,,,,,,,,,,,,,,,,media/b0e76882-44ce-484b-a2cf-632f4564da85.jpg
12364744425,"May 6, 2024, 2:17:38 PM",Afternoon Run,Run,,1007,1.71,178.0,5,false,,,activities/13182817113.fit.gz,,,1007.0,935.0,1717.3,6.524,1.837,19.0,22.0,123.8,139.8,11.6,-0.2,,,83.0,61.0,178.0,122.0,,,166.0,,,5.0,,,,,,,,,,,,,0.0,,1.0,1737.8,,,,,,,,,,,,,,,,,,,,,,,,,,0.0,1.705,339.3,,,,,,,,,1.859,,,,,,,,,,,,media/5a75345e-3cba-4b71-9802-cc8e9050c405.jpg
12364744982,"May 6, 2024, 1:56:22 PM",Afternoon Run,Run,,1204,0,,,false,,,activities/13182817705.fit.gz,,,1204.0,1204.0,0.0,0.0,0.0,0.0,22.0,0.0,0.0,0.0,0.0,,,,,,,,,0.0,,,,,,,,,,,,,,,,0.0,,1.0,,,,,,,,,,,,,,,,,,,,,,,,,,,0.0,0.0,0.0,,,,,,,,,,,,,,,,,,,,,media/9dc3e3f9-1f97-4c34-8898-f5d477d3dccf.jpg
12364745637,"May 2, 2024, 3:17:13 PM",Evening Run,Run,,968,0,,,false,,,activities/13182818375.fit.gz,,,968.0,683.0,0.0,0.0,0.0,0.0,12.0,0.0,0.0,0.0,0.0,,,,,,,,,0.0,,,,,,,,,,,,,,,,0.0,,1.0,,,,,,,,,,,,,,,,,,,,,,,,,,,0.0,0.0,0.0,,,,,,,,,,,,,,,,,,,,,media/e2f751a1-8ded-4933-a2f2-1bc73c3e89f8.jpg
12364747061,"May 2, 2024, 3:02:56 PM",Evening Run,Run,,744,0,,,false,,,activities/13182819896.fit.gz,,,744.0,744.0,0.0,0.0,0.0,0.0,1.0,0.0,0.0,0.0,0.0,,,,,,,,,0.0,,,,,,,,,,,,,,,,0.0,,1.0,,,,,,,,,,,,,,,,,,,,,,,,,,,0.0,0.0,0.0,,,,,,,,,,,,,,,,,,,,,media/d8b5e3b9-7a51-4566-a36e-2bbdff28b624.jpg
14802840709,"Apr 28, 2024, 5:01:47 AM",Morning Ride,Ride,,4231,31.43,,,false,,,activities/15797912205.fit.gz,,,4231.0,4231.0,31429.6,12.343,7.428,159.0,160.0,-6.4,111.6,20.2,0.0,,,,,,,,116.0,1343.0,,22.0,,,,,,,,,,,,,,0.0,,1.0,,,,,,,,,,,,,,,,,,,,,,,,,,,0.0,7.428,123.7,,,,,,,,,,,,,,,,,,,,,""
11277170108,"Apr 27, 2024, 3:47:09 AM",Morning Run,Run,,4354,13.01,170.0,76,false,,,activities/12047536067.fit.gz,,,4354.0,4323.0,13014.6,5.798,3.011,134.0,136.0,127.8,163.8,11.0,0.0,,,87.0,81.0,170.0,154.0,,,1101.0,,,76.0,,,,,,,,,,,,,0.0,,1.0,13195.2,,,,,,,,,,,,,,,,,,,,,,,,,,0.0,2.989,2774.1,,,,,,,,,3.052,,,,,,,,,,,,media/f09e0cf2-334e-44f8-bde7-cc840b41997d.jpg
11277166218,"Apr 24, 2024, 3:03:53 PM",Evening Run,Run,,2319,6.37,184.0,48,false,,,activities/12047532208.fit.gz,,,2319.0,2258.0,6371.7,5.12,2.822,57.0,59.0,139.4,171.4,29.4,0.0,,,,,184.0,159.0,,,605.0,,,48.0,,,,,,,,,,,,,0.0,,1.0,6434.9,,,,,,,,,,,,,,,,,,,,,,,,,,0.0,2.748,2317.2,,,,,,,,,2.85,,,,,,,,,,,,media/b408ae82-9ec1-4e18-aa52-1ba7c48c3abb.jpg
11277169064,"Apr 22, 2024, 3:15:38 PM",Evening Run,Run,,2976,6.27,165.0,21,false,,,activities/12047535074.fit.gz,,,2976.0,2865.0,6273.5,4.868,2.19,70.0,69.0,129.2,162.0,13.2,0.0,,,82.0,70.0,165.0,134.0,,,591.0,,,21.0,,,,,,,,,,,,,0.0,,1.0,6368.7,,,,,,,,,,,,,,,,,,,,,,,,,,0.0,2.108,2284.2,,,,,,,,,2.223,,,,,,,,,,,,media/c8557a61-f209-423b-8391-4c6067921d4d.jpg
14802840710,"Apr 21, 2024, 4:59:59 AM",Morning Ride,Ride,,4417,28.67,,,false,,,activities/15797912210.fit.gz,,,4417.0,3954.0,28676.4,11.39,7.253,163.0,166.0,40.6,112.4,6.8,0.0,,,,,,,,106.0,1163.0,,17.0,,,,,,,,,,,,,,0.0,,1.0,,,,,,,,,,,,,,,,,,,,,,,,,,,0.0,6.492,189.6,,,,,,,,,,,,,,,,,,,,,""
11207802484,"Apr 15, 2024, 2:58:13 PM",Hamstring Injury-1.5 Weeks,Run,"",3315,10.00,174.0,87,false,,,activities/11975887200.fit.gz,,,3315.0,3294.0,10007.4,6.44,3.038,87.0,90.0,133.0,172.0,16.0,0.0,,,85.0,80.0,174.0,161.0,,,912.0,,,87.0,,,,,,,,,,,0.0,,0.0,,1.0,10133.2,,,,,,,,,,,,,,,,,,,,,,,,,,0.0,3.019,1413.7,,,,,,,,,3.076,,,,,,,,,,,,""
14802840718,"Apr 14, 2024, 4:25:23 AM",Morning Ride,Ride,,8288,58.01,,,false,,,activities/15797912237.fit.gz,,,8288.0,7591.0,58010.4,16.24,7.642,486.0,490.0,0.2,235.0,19.7,0.0,,,,,,,,140.0,2543.0,,18.0,,,,,,,,,,,,,,0.0,,1.0,,,,,,,,,,,,,,,,,,,,,,,,,,,0.0,6.999,195.9,,,,,,,,,,,,,,,,,,,,,""
14802840717,"Apr 7, 2024, 4:08:36 AM",Morning Ride,Ride,,11387,69.27,,,false,,,activities/15797912246.fit.gz,,,11387.0,9822.0,69269.6,15.96,7.052,626.0,620.0,29.2,272.6,21.1,0.0,,,,,,,,129.0,3067.0,,16.0,,,,,,,,,,,,,,0.0,,1.0,,,,,,,,,,,,,,,,,,,,,,,,,,,0.0,6.083,162.7,,,,,,,,,,,,,,,,,,,,,""
11207799248,"Apr 6, 2024, 6:12:58 AM",Morning Swim,Swim,,631,534,,,false,,,activities/11975884065.fit.gz,,,631.0,596.0,534.3,1.412,0.896,0.0,0.0,4.7,4.9,1.1,0.0,,,30.0,26.0,,,,,171.0,,,,,,,,,,,,,,,,0.0,,1.0,,,,,,,,,,,,,,,,,,,,,,,,,,,0.0,0.847,0.0,,,,,,,,,,,,,,,,,,,,,media/d2a7f77a-b2bb-4be1-a5ff-1b91cf8b3f36.jpg
11207798256,"Mar 31, 2024, 6:46:40 AM",Morning Run,Run,,1115,3.72,181.0,34,false,,,activities/11975882991.fit.gz,,,1115.0,1115.0,3727.8,8.784,3.343,63.0,70.0,150.0,180.4,12.8,-0.2,,,87.0,81.0,181.0,167.0,,,315.0,,,34.0,,,,,,,,,,,,,0.0,,1.0,3828.9,,,,,,,,,,,,,,,,,,,,,,,,,,0.0,3.343,0.0,,,,,,,,,3.434,,,,,,,,,,,,media/89846977-b37a-444d-b0c5-e5da339b8519.jpg
14802840706,"Mar 31, 2024, 5:38:31 AM",Morning Ride,Ride,,4014,38.28,,,false,,,activities/15797912232.fit.gz,,,4014.0,4014.0,38279.2,13.086,9.536,178.0,181.0,160.8,181.4,4.8,0.0,,,,,,,,201.0,1796.0,,20.0,,,,,,,,,,,,,,0.0,,1.0,,,,,,,,,,,,,,,,,,,,,,,,,,,0.0,9.536,0.0,,,,,,,,,,,,,,,,,,,,,""
11207803376,"Mar 31, 2024, 5:02:10 AM",Morning Run,Run,,3374,10.09,179.0,53,false,,,activities/11975888245.fit.gz,,,3374.0,3365.0,10089.2,13.26,2.998,150.0,152.0,139.0,183.8,25.2,-0.1,,,94.0,81.0,179.0,154.0,,,695.0,,,53.0,,,,,,,,,,,,,0.0,,1.0,10370.1,,,,,,,,,,,,,,,,,,,,,,,,,,2.0,2.99,0.0,,,,,,,,,3.082,,,,,,,,,,,,media/235467ec-b6e3-456a-89dc-ef4c2b97de96.jpg
11207803031,"Mar 28, 2024, 4:05:59 PM",Evening Run,Run,,1982,5.82,177.0,37,false,,,activities/11975887913.fit.gz,,,1982.0,1978.0,5821.0,5.508,2.943,37.0,43.0,128.2,144.0,7.9,0.0,,,93.0,79.0,177.0,155.0,,,514.0,,,37.0,,,,,,,,,,,,,0.0,,1.0,5860.3,,,,,,,,,,,,,,,,,,,,,,,,,,0.0,2.937,634.5,,,,,,,,,2.963,,,,,,,,,,,,media/cb33ea6b-f672-419a-b6f6-3389c8ad8465.jpg
11207802756,"Mar 26, 2024, 3:31:05 PM",Afternoon Run,Run,,3323,10.01,170.0,70,false,,,activities/11975887609.fit.gz,,,3323.0,3312.0,10011.2,5.538,3.023,90.0,99.0,136.2,180.8,14.5,-0.1,,,87.0,80.0,170.0,156.0,,,870.0,,,70.0,,,,,,,,,,,,,0.0,,1.0,10126.6,,,,,,,,,,,,,,,,,,,,,,,,,,0.0,3.013,1458.4,,,,,,,,,3.058,,,,,,,,,,,,media/c2dc6fda-6a33-44e3-a7ef-b7529ab645b6.jpg
11207804198,"Mar 24, 2024, 7:35:20 AM",Morning Run,Run,,980,3.22,177.0,21,false,,,activities/11975889238.fit.gz,,,980.0,980.0,3220.7,4.524,3.286,48.0,46.0,10.4,35.2,13.2,0.0,,,89.0,84.0,177.0,158.0,,,245.0,,,21.0,,,,,,,,,,,,,0.0,,1.0,3295.5,,,,,,,,,,,,,,,,,,,,,,,,,,0.0,3.286,0.0,,,,,,,,,3.363,,,,,,,,,,,,media/fb462e3f-d130-401e-895e-453406af035c.jpg
14802840716,"Mar 24, 2024, 6:15:05 AM",Morning Ride,Ride,,4515,41.27,,,false,,,activities/15797912194.fit.gz,,,4515.0,4515.0,41276.6,13.033,9.142,172.0,161.0,-0.4,63.0,6.3,0.0,,,,,,,,185.0,2033.0,,14.0,,,,,,,,,,,,,,0.0,,1.0,,,,,,,,,,,,,,,,,,,,,,,,,,,0.0,9.142,0.0,,,,,,,,,,,,,,,,,,,,,""
11207803942,"Mar 24, 2024, 5:34:16 AM",Morning Run,Run,,2063,7.01,178.0,53,false,,,activities/11975888951.fit.gz,,,2063.0,2054.0,7016.0,4.918,3.416,104.0,104.0,7.2,71.4,19.1,0.0,,,91.0,83.0,178.0,162.0,,,552.0,,,53.0,,,,,,,,,,,,,0.0,,1.0,7180.8,,,,,,,,,,,,,,,,,,,,,,,,,,0.0,3.401,2958.6,,,,,,,,,3.496,,,,,,,,,,,,media/f8a0989b-240a-4688-8939-2cc2d81148a0.jpg
14802840701,"Mar 23, 2024, 9:03:56 AM",Lunch Ride,Ride,,3120,27.37,,,false,,,activities/15797912202.fit.gz,,,3120.0,3120.0,27369.7,12.717,8.772,98.0,94.0,39.2,108.8,6.4,0.0,,,,,,,,168.0,1204.0,,17.0,,,,,,,,,,,,,,0.0,,1.0,,,,,,,,,,,,,,,,,,,,,,,,,,,0.0,8.772,61.0,,,,,,,,,,,,,,,,,,,,,""
11009697059,"Mar 21, 2024, 3:43:48 PM",Afternoon Run,Run,,3891,12.53,183.0,109,false,,,activities/11769798083.fit.gz,,,3891.0,3875.0,12535.2,6.784,3.235,140.0,143.0,131.4,173.4,15.4,0.0,,,92.0,82.0,,164.0,,,1055.0,,,109.0,,,,,,,,,,,,,0.0,,1.0,12728.1,,,,,,,,,,,,,,,,,,,,,,,,,,0.0,3.222,2194.4,,,,,,,,,,,,,,,,,,,,,media/4919c5aa-66df-41cf-90ad-6673221e37a8.jpg
11009700053,"Mar 19, 2024, 3:47:33 PM",Afternoon Run,Run,,2822,9.11,181.0,70,false,,,activities/11769800894.fit.gz,,,2822.0,2812.0,9113.4,5.136,3.241,105.0,105.0,131.4,172.0,12.9,0.0,,,93.0,82.0,,160.0,,,762.0,,,70.0,,,,,,,,,,,,,0.0,,1.0,9280.4,,,,,,,,,,,,,,,,,,,,,,,,,,0.0,3.229,1316.3,,,,,,,,,,,,,,,,,,,,,media/31a28272-668e-49b0-bce8-2494f718993b.jpg
11009701319,"Mar 17, 2024, 7:48:40 AM",Morning Run,Run,,1180,4.09,183.0,31,false,,,activities/11769802477.fit.gz,,,1180.0,1117.0,4098.9,5.168,3.67,11.0,9.0,95.0,104.4,5.6,0.0,,,87.0,82.0,,164.0,,,314.0,,,31.0,,,,,,,,,,,,,0.0,,1.0,4111.4,,,,,,,,,,,,,,,,,,,,,,,,,,0.0,3.474,39.5,,,,,,,,,,,,,,,,,,,,,media/132eb37e-7203-4e57-8e5a-8d6c35416562.jpg
14802840713,"Mar 17, 2024, 5:48:12 AM",Morning Ride,Ride,,6388,55.26,,,false,,,activities/15797912195.fit.gz,,,6388.0,6367.0,55264.8,14.417,8.68,331.0,309.0,57.0,199.2,4.5,0.0,,,,,,,,176.0,2455.0,,14.0,,,,,,,,,,,,,,0.0,,1.0,,,,,,,,,,,,,,,,,,,,,,,,,,,0.0,8.651,84.3,,,,,,,,,,,,,,,,,,,,,""
14802840705,"Mar 16, 2024, 9:07:01 AM",Lunch Ride,Ride,,3458,27.49,,,false,,,activities/15797912204.fit.gz,,,3458.0,3355.0,27492.7,12.055,8.195,88.0,98.0,35.8,95.8,2.5,0.0,,,,,,,,141.0,1174.0,,21.0,,,,,,,,,,,,,,0.0,,1.0,,,,,,,,,,,,,,,,,,,,,,,,,,,0.0,7.95,68.6,,,,,,,,,,,,,,,,,,,,,""
11009706707,"Mar 14, 2024, 3:39:29 PM",Afternoon Run,Run,,5109,15.02,174.0,123,false,,,activities/11769807803.fit.gz,,,5109.0,5095.0,15022.0,5.608,2.948,148.0,150.0,130.6,171.6,18.5,0.0,,,88.0,82.0,,159.0,,,1381.0,,,123.0,,,,,,,,,,,,,0.0,,1.0,15228.9,,,,,,,,,,,,,,,,,,,,,,,,,,0.0,2.94,1739.4,,,,,,,,,,,,,,,,,,,,,media/3bfa017a-eeb9-4b18-b275-f48dc1a16631.jpg
11009709677,"Mar 13, 2024, 3:37:57 PM",Afternoon Run,Run,,3491,10.22,185.0,93,false,,,activities/11769810898.fit.gz,,,3491.0,3474.0,10220.8,5.338,2.942,88.0,92.0,121.2,163.4,37.4,0.0,,,88.0,81.0,,161.0,,,955.0,,,93.0,,,,,,,,,,,,,0.0,,1.0,10335.7,,,,,,,,,,,,,,,,,,,,,,,,,,0.0,2.928,1193.4,,,,,,,,,,,,,,,,,,,,,media/3aea8592-b7e2-4d15-b3d9-de20d29a6959.jpg
10942166671,"Mar 12, 2024, 4:37:05 AM",Morning Run,Run,,4819,13.51,176.0,106,false,,,activities/11699616592.fit.gz,,,4819.0,4766.0,13517.2,5.026,2.836,147.0,150.0,126.6,171.4,11.8,0.0,,,88.0,81.0,,157.0,,,1265.0,,,106.0,,,,,,,,,,,,,0.0,,1.0,13738.3,,,,,,,,,,,,,,,,,,,,,,,,,,0.0,2.805,2305.6,,,,,,,,,,,,,,,,,,,,,media/e44ba15e-afcb-43ec-a30d-07b262244f9c.jpg
14802840715,"Mar 10, 2024, 5:45:22 AM",Morning Ride,Ride,,7799,55.88,,,false,,,activities/15797912201.fit.gz,,,7799.0,7671.0,55888.9,14.086,7.286,323.0,333.0,37.2,184.2,7.1,0.0,,,,,,,,115.0,2224.0,,12.0,,,,,,,,,,,,,,0.0,,1.0,,,,,,,,,,,,,,,,,,,,,,,,,,,0.0,7.166,145.1,,,,,,,,,,,,,,,,,,,,,""
10942164705,"Mar 9, 2024, 8:01:28 AM",Morning Run,Run,,771,1.92,174.0,15,false,,,activities/11699615088.fit.gz,,,771.0,771.0,1928.2,3.34,2.501,0.0,0.0,0.0,0.0,0.0,0.0,,,88.0,76.0,,156.0,,,196.0,,,15.0,,,,,,,,,,,,,0.0,,1.0,1923.4,,,,,,,,,,,,,,,,,,,,,,,,,,0.0,2.501,0.0,,,,,,,,,,,,,,,,,,,,,media/9409e160-4e8e-47f1-87db-bf873df11793.jpg
14802840711,"Mar 9, 2024, 6:29:42 AM",Morning Ride,Ride,,5036,42.51,,,false,,,activities/15797912197.fit.gz,,,5036.0,4908.0,42512.3,13.33,8.662,176.0,174.0,8.8,71.0,7.0,0.0,,,,,,,,165.0,1908.0,,16.0,,,,,,,,,,,,,,0.0,,1.0,,,,,,,,,,,,,,,,,,,,,,,,,,,0.0,8.442,0.0,,,,,,,,,,,,,,,,,,,,,""
10878611584,"Mar 3, 2024, 7:13:02 AM",Morning Run,Run,,705,2.49,206.0,32,false,,,activities/11627541106.fit.gz,,,705.0,705.0,2496.0,4.994,3.54,46.0,43.0,154.2,182.6,14.5,0.1,,,95.0,82.0,,179.0,,,203.0,,,32.0,,,,,,,,,,,,,0.0,,1.0,2593.2,,,,,,,,,,,,,,,,,,,,,,,,,,0.0,3.54,0.0,,,,,,,,,,,,,,,,,,,,,media/7b104896-9375-4105-af40-97f824effe8a.jpg
14802840695,"Mar 3, 2024, 6:31:28 AM",Morning Ride,Ride,,2452,23.05,,,false,,,activities/15797912196.fit.gz,,,2452.0,2452.0,23056.5,14.2,9.403,107.0,112.0,135.8,156.2,4.3,0.0,,,,,,,,201.0,1068.0,,14.0,,,,,,,,,,,,,,0.0,,1.0,,,,,,,,,,,,,,,,,,,,,,,,,,,0.0,9.403,0.0,,,,,,,,,,,,,,,,,,,,,""
10878611378,"Mar 3, 2024, 6:07:36 AM",Morning Run,Run,,1376,4.95,172.0,23,false,,,activities/11627540832.fit.gz,,,1376.0,1371.0,4957.6,4.794,3.616,91.0,91.0,152.2,180.2,27.6,0.0,,,89.0,82.0,,154.0,,,338.0,,,23.0,,,,,,,,,,,,,0.0,,1.0,5135.9,,,,,,,,,,,,,,,,,,,,,,,,,,0.0,3.603,0.0,,,,,,,,,,,,,,,,,,,,,media/8f58c2ef-d358-4530-887a-585dccd81301.jpg
10878612098,"Feb 29, 2024, 3:29:10 PM",Afternoon Run,Run,,1636,0,,,false,,,activities/11627541638.fit.gz,,,1636.0,1636.0,0.0,0.0,0.0,0.0,49.0,0.0,0.0,0.0,0.0,,,,,,,,,0.0,,,,,,,,,,,,,,,,0.0,,1.0,,,,,,,,,,,,,,,,,,,,,,,,,,,0.0,0.0,0.0,,,,,,,,,,,,,,,,,,,,,media/e911db3f-d91a-4ba0-8893-d929a829eb69.jpg
10878611863,"Feb 29, 2024, 3:07:55 PM",Afternoon Run,Run,,1200,0,,,false,,,activities/11627541382.fit.gz,,,1200.0,1200.0,0.0,0.0,0.0,0.0,21.0,0.0,0.0,0.0,0.0,,,,,,,,,0.0,,,,,,,,,,,,,,,,0.0,,1.0,,,,,,,,,,,,,,,,,,,,,,,,,,,0.0,0.0,0.0,,,,,,,,,,,,,,,,,,,,,media/6777572a-38a5-45c4-9d24-7f082303dbca.jpg
10878611125,"Feb 28, 2024, 5:34:24 AM",Morning Run,Run,,1882,4.30,171.0,25,false,,,activities/11627540530.fit.gz,,,1882.0,1566.0,4303.1,10.056,2.748,61.0,58.0,142.0,169.6,18.0,0.1,,,91.0,77.0,,148.0,,,378.0,,,25.0,,,,,,,,,,,,,0.0,,1.0,4416.3,,,,,,,,,,,,,,,,,,,,,,,,,,0.0,2.286,609.7,,,,,,,,,,,,,,,,,,,,,media/577e0f04-3027-43a2-943c-3014ef3dd261.jpg
14802839297,"Feb 18, 2024, 6:17:09 AM",Morning Ride,Ride,,6756,56.02,,,false,,,activities/15797910678.fit.gz,,,6756.0,6595.0,56022.3,13.63,8.495,240.0,238.0,10.4,118.8,7.0,0.0,,,,,,,,160.0,2421.0,,14.0,,,,,,,,,,,,,,0.0,,1.0,,,,,,,,,,,,,,,,,,,,,,,,,,,0.0,8.292,0.0,,,,,,,,,,,,,,,,,,,,,""
10751813485,"Feb 12, 2024, 3:46:12 PM",Afternoon Run,Run,,2626,6.61,182.0,61,false,,,activities/11496726273.fit.gz,,,2626.0,2593.0,6613.8,4.058,2.551,0.0,0.0,0.0,0.0,0.0,0.0,,,88.0,79.0,,160.0,,,691.0,,,61.0,,,,,,,,,,,,,0.0,,1.0,6611.6,,,,,,,,,,,,,,,,,,,,,,,,,,0.0,2.519,0.0,,,,,,,,,,,,,,,,,,,,,media/2bb96ede-f074-4343-af74-9c8774548896.jpg
10751812892,"Feb 7, 2024, 3:34:49 PM",Afternoon Run,Run,,2356,6.50,178.0,49,false,,,activities/11496725566.fit.gz,,,2356.0,2349.0,6506.7,5.09,2.77,63.0,66.0,96.4,132.6,10.1,0.0,,,88.0,79.0,,157.0,,,581.0,,,49.0,,,,,,,,,,,,,0.0,,1.0,6582.8,,,,,,,,,,,,,,,,,,,,,,,,,,0.0,2.762,482.1,,,,,,,,,,,,,,,,,,,,,media/0a579d01-fe46-4952-8ac6-49463a419d63.jpg
10751814990,"Feb 6, 2024, 3:49:08 PM",Afternoon Run,Run,,2820,8.33,179.0,54,false,,,activities/11496727652.fit.gz,,,2820.0,2683.0,8334.2,5.35,3.106,69.0,69.0,95.4,115.4,9.8,0.0,,,91.0,80.0,,156.0,,,691.0,,,54.0,,,,,,,,,,,,,0.0,,1.0,8405.0,,,,,,,,,,,,,,,,,,,,,,,,,,0.0,2.955,27.6,,,,,,,,,,,,,,,,,,,,,media/be0b51fd-2d7a-4293-b5cd-dc01b0488f92.jpg
14802839294,"Feb 4, 2024, 6:10:05 AM",Morning Ride,Ride,,8349,55.44,,,false,,,activities/15797910676.fit.gz,,,8349.0,7713.0,55448.2,15.44,7.189,504.0,509.0,35.4,283.4,10.1,0.0,,,,,,,,128.0,2483.0,,9.0,,,,,,,,,,,,,,0.0,,1.0,,,,,,,,,,,,,,,,,,,,,,,,,,,0.0,6.641,180.2,,,,,,,,,,,,,,,,,,,,,""
10751815480,"Feb 1, 2024, 4:13:42 PM",Evening Run,Run,,1697,5.03,172.0,33,false,,,activities/11496728255.fit.gz,,,1697.0,1671.0,5033.3,5.502,3.012,41.0,43.0,139.8,153.2,8.2,0.0,,,86.0,79.0,,155.0,,,431.0,,,33.0,,,,,,,,,,,,,0.0,,1.0,5092.2,,,,,,,,,,,,,,,,,,,,,,,,,,0.0,2.966,114.2,,,,,,,,,,,,,,,,,,,,,media/42e91f0f-4168-4f8e-bb73-41e7433d4afd.jpg
10751815985,"Jan 28, 2024, 7:30:16 AM",Morning Run,Run,,743,2.50,174.0,8,false,,,activities/11496728805.fit.gz,,,743.0,743.0,2506.3,5.91,3.373,8.0,9.0,134.8,144.4,3.7,0.0,,,89.0,82.0,,138.0,,,154.0,,,8.0,,,,,,,,,,,,,0.0,,1.0,2511.7,,,,,,,,,,,,,,,,,,,,,,,,,,0.0,3.373,0.0,,,,,,,,,,,,,,,,,,,,,media/449659b4-5fdd-4be5-8ba8-b084cda5c0b4.jpg
14802839289,"Jan 28, 2024, 6:53:14 AM",Morning Ride,Ride,,2160,19.24,,,false,,,activities/15797910663.fit.gz,,,2160.0,2096.0,19242.6,13.2,9.181,64.0,68.0,118.4,133.6,3.4,0.0,,,,,,,,189.0,909.0,,7.0,,,,,,,,,,,,,,0.0,,1.0,,,,,,,,,,,,,,,,,,,,,,,,,,,0.0,8.909,0.0,,,,,,,,,,,,,,,,,,,,,""
10751813755,"Jan 28, 2024, 6:30:12 AM",Morning Run,Run,,1324,5.04,190.0,41,false,,,activities/11496726510.fit.gz,,,1324.0,1320.0,5046.7,5.824,3.823,19.0,20.0,144.4,154.6,25.6,0.0,,,97.0,85.0,,166.0,,,369.0,,,41.0,,,,,,,,,,,,,0.0,,1.0,5058.3,,,,,,,,,,,,,,,,,,,,,,,,,,0.0,3.812,0.0,,,,,,,,,,,,,,,,,,,,,media/611a5892-d1af-4d73-80b2-b30a7b0324d5.jpg
10751814069,"Jan 24, 2024, 4:46:09 PM",Evening Run,Run,,2140,5.49,175.0,50,false,,,activities/11496726825.fit.gz,,,2140.0,2127.0,5498.7,3.986,2.585,39.0,46.0,119.0,146.6,10.5,-0.2,,,86.0,80.0,,160.0,,,565.0,,,50.0,,,,,,,,,,,,,0.0,,1.0,5532.3,,,,,,,,,,,,,,,,,,,,,,,,,,0.0,2.569,0.0,,,,,,,,,,,,,,,,,,,,,media/0695eb02-3b97-4685-97c1-a6079327bddb.jpg
10751814403,"Jan 23, 2024, 3:58:53 PM",Afternoon Run,Run,,2666,7.50,182.0,38,false,,,activities/11496727130.fit.gz,,,2666.0,2641.0,7503.6,6.557,2.841,76.0,72.0,-0.2,36.6,12.6,0.0,,,93.0,79.0,,152.0,,,646.0,,,38.0,,,,,,,,,,,,,0.0,,1.0,7599.7,,,,,,,,,,,,,,,,,,,,,,,,,,0.0,2.815,844.0,,,,,,,,,,,,,,,,,,,,,media/81315c2d-60ab-43e7-aa3e-5ecb777994f1.jpg
10751814630,"Jan 22, 2024, 6:06:08 PM",Evening Weight Training,Weight Training,,603,0,112.0,1,false,,,activities/11496727428.fit.gz,,,603.0,603.0,0.0,0.0,0.0,0.0,0.0,0.0,0.0,0.0,0.0,,,,,,93.0,,,62.0,,,1.0,,,,,,,,,,,,,0.0,,1.0,,,,,,,,,,,,,,,,,,,,,,,,,,,0.0,0.0,0.0,,,,,,,,,,,,,,,,,,,,,media/c7f31ca3-9b3e-4318-8c30-cd2f049de384.jpg
14802839291,"Jan 21, 2024, 5:48:32 AM",Morning Ride,Ride,,5341,37.17,,,false,,,activities/15797910682.fit.gz,,,5341.0,5341.0,37176.2,10.983,6.961,192.0,191.0,50.0,130.8,8.2,0.0,,,,,,,,102.0,1488.0,,11.0,,,,,,,,,,,,,,0.0,,1.0,,,,,,,,,,,,,,,,,,,,,,,,,,,0.0,6.961,73.6,,,,,,,,,,,,,,,,,,,,,""
14802839290,"Jan 20, 2024, 7:26:19 AM",Morning Ride,Ride,,2635,22.71,,,false,,,activities/15797910681.fit.gz,,,2635.0,2616.0,22709.1,14.483,8.681,116.0,111.0,25.8,78.6,5.7,0.0,,,,,,,,165.0,1052.0,,16.0,,,,,,,,,,,,,,0.0,,1.0,,,,,,,,,,,,,,,,,,,,,,,,,,,0.0,8.618,0.0,,,,,,,,,,,,,,,,,,,,,""
10751813225,"Jan 20, 2024, 6:50:40 AM",Morning Run,Run,,1047,3.20,188.0,44,false,,,activities/11496725963.fit.gz,,,1047.0,1047.0,3201.4,3.784,3.058,0.0,0.0,0.0,0.0,0.0,0.0,,,90.0,85.0,,175.0,,,327.0,,,44.0,,,,,,,,,,,,,0.0,,1.0,3197.4,,,,,,,,,,,,,,,,,,,,,,,,,,0.0,3.058,0.0,,,,,,,,,,,,,,,,,,,,,media/6121d0ee-4a06-4bb3-8901-0bef92de1a32.jpg
10751812497,"Jan 17, 2024, 4:12:17 PM",Evening Run,Run,,3759,12.22,178.0,102,false,,,activities/11496725188.fit.gz,,,3759.0,3749.0,12223.6,7.752,3.261,88.0,87.0,147.0,187.2,16.9,0.0,,,90.0,83.0,,163.0,,,1021.0,,,102.0,,,,,,,,,,,,,0.0,,1.0,12344.0,,,,,,,,,,,,,,,,,,,,,,,,,,0.0,3.252,11172.6,,,,,,,,,,,,,,,,,,,,,media/647610a3-c37f-4a0d-a000-dbe689511952.jpg
10535746390,"Jan 10, 2024, 4:02:12 PM",Evening Run,Run,"",3951,12.42,188.0,101,false,,,activities/11273142499.fit.gz,,,3951.0,3846.0,12426.0,11.01,3.231,83.0,85.0,149.4,189.6,15.8,0.0,,,91.0,83.0,,162.0,,,1036.0,,,101.0,,,,,,,,,,,0.0,,0.0,,1.0,12542.1,1704902400.0,1.0,12.4,11.9,9.0,0.79,1011.9,2.0,4.3,290.0,0.0,1704862592.0,1704898304.0,0.875,,,0.69,5.0,0.28,22571.1,0.0,,,,,0.0,3.145,11657.5,,,,,,,,,,,,,,,,,,,,,""
10535746813,"Jan 8, 2024, 3:28:03 PM",Afternoon Run,Run,,3824,10.38,174.0,72,false,,,activities/11273142941.fit.gz,,,3824.0,3696.0,10379.5,7.558,2.808,74.0,74.0,146.2,177.2,13.8,0.0,,,88.0,81.0,,155.0,,,931.0,,,72.0,,,,,,,,,,,,,0.0,,1.0,10490.8,1704726016.0,3.0,16.4,16.0,11.1,0.71,1016.1,1.8,3.1,302.0,0.0,1704689792.0,1704725504.0,0.875,,,0.0,1.0,0.93,19904.7,0.0,,,,,0.0,2.714,9612.0,,,,,,,,,,,,,,,,,,,,,media/8be946e0-dff1-4f1c-b26d-03a89a4ed87e.jpg
14802839405,"Jan 7, 2024, 5:29:34 AM",Morning Ride,Ride,,7862,46.75,167.0,56,false,,,activities/15797910699.fit.gz,,,7862.0,6824.0,46754.8,13.183,6.852,372.0,211.0,39.6,251.2,9.2,0.3,,,,,167.0,135.0,,118.0,1263.0,,10.0,56.0,,,,,,,,,,,,,0.0,,1.0,,,,,,,,,,,,,,,,,,,,,,,,,,,0.0,5.947,54.3,,,,,,,,,,,,,,,,,,,,,""
10502625860,"Jan 6, 2024, 5:27:04 AM",Morning Run,Run,"",4359,13.01,177.0,117,false,,,activities/11238479126.fit.gz,,,4359.0,4326.0,13016.9,6.096,3.009,118.0,124.0,134.2,183.6,13.2,0.0,,,91.0,83.0,,163.0,,,1206.0,,,117.0,,,,,,,,,,,0.0,,0.0,,1.0,13172.7,1704517248.0,1.0,9.6,8.9,7.4,0.86,1022.1,0.9,1.6,228.0,0.0,1704516992.0,1704552576.0,0.875,,,0.0,1.0,0.19,22944.3,0.0,,,,,0.0,2.986,1773.0,,,,,,,,,,,,,,,,,,,,,media/167c9ffc-c1fe-4350-b8ca-bf37a3209bb0.jpg
10502626078,"Jan 4, 2024, 4:14:10 PM",Evening Run,Run,,3367,9.14,181.0,79,false,,,activities/11238479347.fit.gz,,,3367.0,3229.0,9144.5,11.832,2.832,67.0,69.0,125.0,153.4,16.8,0.0,,,91.0,83.0,,161.0,,,868.0,,,79.0,,,,,,,,,,,,,0.0,,1.0,9238.7,1704384000.0,1.0,15.4,14.9,10.1,0.71,1015.6,2.7,5.2,270.0,0.0,1704344064.0,1704379648.0,0.75,,,0.0,1.0,0.21,24021.2,0.0,,,,,0.0,2.716,8821.5,,,,,,,,,,,,,,,,,,,,,media/d99bf391-d580-4791-be3a-62add3309522.jpg
10487018283,"Jan 3, 2024, 4:20:24 PM",Evening Run,Run,,3478,10.09,174.0,81,false,,,activities/11222115856.fit.gz,,,3478.0,3471.0,10098.8,5.726,2.909,90.0,91.0,117.8,158.2,11.3,0.0,,,89.0,83.0,,157.0,,,904.0,,,81.0,,,,,,,,,,,,,0.0,,1.0,10214.2,1704297600.0,1.0,16.0,15.7,11.7,0.75,1017.6,2.4,5.1,276.0,0.0,1704257664.0,1704293248.0,0.625,,,0.0,1.0,0.05,22474.3,0.0,,,,,0.0,2.904,841.5,,,,,,,,,,,,,,,,,,,,,media/5277d8b4-eefd-4d6f-b424-4c241fb5f72d.jpg
10477630324,"Jan 2, 2024, 6:03:13 AM",Morning Weight Training,Weight Training,,686,0,139.0,2,false,,,activities/11212404822.fit.gz,,,686.0,686.0,0.0,0.0,0.0,0.0,0.0,0.0,0.0,0.0,0.0,,,,,,117.0,,,84.0,,,2.0,,,,,,,,,,,,,0.0,,1.0,,,,,,,,,,,,,,,,,,,,,,,,,,,0.0,0.0,0.0,,,,,,,,,,,,,,,,,,,,,media/642ae31c-d98a-4120-bf37-fd321c3e09d2.jpg
10477630559,"Dec 31, 2023, 9:04:00 AM",Lunch Swim,Swim,,796,633,,,false,,,activities/11212405016.fit.gz,,,796.0,743.0,633.0,1.95,0.852,0.0,0.0,0.0,0.0,0.0,0.0,,,31.0,26.0,,,,,337.0,,,,,,,,,,,,,,,,0.0,,1.0,,1704013184.0,3.0,17.3,16.6,9.2,0.59,1021.4,0.9,2.6,18.0,0.0,1703998592.0,1704034048.0,0.625,,,0.0,1.0,0.8,24719.8,2.0,,,,,0.0,0.795,0.0,,,,,,,,,,,,,,,,,,,,,media/b55f9370-aa13-45b9-8686-adf6d7c50139.jpg
10473173476,"Dec 31, 2023, 6:37:42 AM",Morning Ride,Ride,,5843,35.00,,,false,,,activities/11207773620.fit.gz,,,5843.0,5793.0,35001.1,14.048,6.042,636.0,624.0,-6.2,180.6,14.4,0.0,,,,,,,,145.0,1843.0,,12.0,,,,,,,,,,,,,,0.0,,1.0,,1704002432.0,3.0,13.1,12.4,7.9,0.71,1021.5,1.6,3.0,177.0,0.0,1703998592.0,1704034048.0,0.625,,,0.0,1.0,0.92,23908.5,0.0,,,,,0.0,5.99,0.0,,,,,,,,,,,,,,,,,,,,,""
10462419745,"Dec 30, 2023, 1:39:06 PM",Afternoon Run/Challenge completed-85k in 6 days,Run,"",3485,10.02,173.0,61,false,,,activities/11196567005.fit.gz,,,3485.0,3480.0,10022.6,4.238,2.88,0.0,0.0,32.0,33.4,3.5,0.0,,,88.0,83.0,,154.0,,,902.0,,,61.0,,,,,,,,,,,0.0,,0.0,,1.0,10033.8,1703941248.0,3.0,18.5,18.1,11.7,0.65,1021.5,2.7,4.9,316.0,0.0,1703912192.0,1703947520.0,0.625,,,0.0,1.0,0.77,25326.1,1.0,,,,,0.0,2.876,0.0,,,,,,,,,,,,,,,,,,,,,""
10459850657,"Dec 30, 2023, 6:01:47 AM",Morning Run,Run,"",4235,11.27,197.0,96,false,,,activities/11193911431.fit.gz,,,4235.0,4223.0,11270.0,4.402,2.669,429.0,426.0,75.6,350.4,45.5,0.0,,,104.0,79.0,,159.0,,,1123.0,,,96.0,,,,,,,,,,,0.0,,0.0,,1.0,12726.8,1703916032.0,1.0,13.0,12.3,7.9,0.71,1023.2,1.8,3.0,176.0,0.0,1703912192.0,1703947520.0,0.625,,,0.0,1.0,0.01,21992.9,0.0,,,,,0.0,2.661,0.0,,,,,,,,,,,,,,,,,,,,,""
10459647068,"Dec 29, 2023, 1:32:41 PM",Afternoon Run,Run,,3556,10.00,161.0,49,false,,,activities/11193693946.fit.gz,,,3556.0,3556.0,10002.1,4.174,2.813,0.0,0.0,45.2,47.8,3.9,0.0,,,86.0,80.0,,150.0,,,893.0,,,49.0,,,,,,,,,,,,,0.0,,1.0,10011.5,1703854848.0,1.0,20.4,19.9,10.9,0.54,1022.0,2.0,3.5,356.0,0.0,1703825792.0,1703861120.0,0.625,,,0.0,1.0,0.03,26127.3,1.0,,,,,0.0,2.813,0.0,,,,,,,,,,,,,,,,,,,,,media/20d81968-3192-4d42-add0-73ae8f00c8a8.jpg
10459647452,"Dec 28, 2023, 1:59:06 PM",Afternoon Run,Run,,4962,9.99,188.0,62,false,,,activities/11193694357.fit.gz,,,4962.0,3236.0,9998.7,6.352,3.09,5.0,1.0,40.6,44.2,3.8,0.0,,,106.0,84.0,,156.0,,,842.0,,,62.0,,,,,,,,,,,,,0.0,,1.0,10005.2,1703768448.0,1.0,20.9,20.0,8.3,0.44,1021.4,2.0,3.1,22.0,0.0,1703739264.0,1703774592.0,0.625,,,0.0,1.0,0.0,27063.8,1.0,,,,,0.0,2.015,0.0,,,,,,,,,,,,,,,,,,,,,media/74e6f96b-80e2-4a72-b069-fc26c8c9ef6f.jpg
10445519807,"Dec 27, 2023, 2:37:36 PM",Afternoon Run,Run,,726,2.00,167.0,14,false,,,activities/11179050027.fit.gz,,,726.0,722.0,2000.1,3.96,2.77,0.0,0.0,44.6,45.4,8.3,0.0,,,86.0,83.0,,155.0,,,192.0,,,14.0,,,,,,,,,,,,,0.0,,1.0,2001.9,,,,,,,,,,,,,,,,,,,,,,,,,,0.0,2.755,0.0,,,,,,,,,,,,,,,,,,,,,media/a29d16b2-7643-4e08-8ffd-5b9776fac927.jpg
10445521122,"Dec 27, 2023, 1:52:30 PM",Afternoon Run,Run,,2405,8.01,177.0,69,false,,,activities/11179051314.fit.gz,,,2405.0,2401.0,8009.1,4.598,3.336,0.0,0.0,46.0,47.8,3.5,0.0,,,90.0,83.0,,164.0,,,670.0,,,69.0,,,,,,,,,,,,,0.0,,1.0,8021.6,,,,,,,,,,,,,,,,,,,,,,,,,,0.0,3.33,0.0,,,,,,,,,,,,,,,,,,,,,media/03de9eb6-034b-4bc5-b914-310e501cf4ca.jpg
10473172533,"Dec 27, 2023, 6:53:06 AM",Morning Ride,Ride,,5755,44.45,,,false,,,activities/11207773197.fit.gz,,,5755.0,5755.0,44453.4,13.508,7.724,275.0,300.0,24.2,121.8,21.8,-0.1,,,,,,,,133.0,1856.0,,15.0,,,,,,,,,,,,,,0.0,,1.0,,1703656832.0,1.0,13.0,12.5,10.4,0.85,1021.6,2.2,4.4,145.0,0.0,1703652864.0,1703688192.0,0.5,,,0.0,1.0,0.24,20265.0,0.0,,,,,0.0,7.724,65.0,,,,,,,,,,,,,,,,,,,,,""
10437151627,"Dec 26, 2023, 6:51:21 AM",Morning Run,Run,,2525,7.00,180.0,50,false,,,activities/11170362839.fit.gz,,,2525.0,2519.0,7004.5,4.056,2.781,37.0,36.0,92.8,123.0,7.9,0.0,,,89.0,83.0,,156.0,,,669.0,,,50.0,,,,,,,,,,,,,0.0,,1.0,7041.8,,,,,,,,,,,,,,,,,,,,,,,,,,0.0,2.774,0.0,,,,,,,,,,,,,,,,,,,,,media/589d4e74-8590-45fe-92f8-87508c339419.jpg
10437151734,"Dec 26, 2023, 6:08:42 AM",Morning Run,Run,,1851,5.00,166.0,20,false,,,activities/11170362966.fit.gz,,,1851.0,1851.0,5005.1,5.104,2.704,12.0,10.0,118.2,127.6,3.9,0.0,,,92.0,81.0,,149.0,,,457.0,,,20.0,,,,,,,,,,,,,0.0,,1.0,5020.5,,,,,,,,,,,,,,,,,,,,,,,,,,0.0,2.704,83.2,,,,,,,,,,,,,,,,,,,,,media/77183d79-9e9a-4cdc-b413-9d57878880eb.jpg
10434829509,"Dec 25, 2023, 1:41:03 PM",Afternoon Run,Run,,4042,11.99,185.0,128,false,,,activities/11167913583.fit.gz,,,4042.0,4042.0,11998.7,4.14,2.968,1.0,1.0,32.2,34.2,3.6,0.0,,,87.0,81.0,,167.0,,,1183.0,,,128.0,,,,,,,,,,,,,0.0,,1.0,12015.7,,,,,,,,,,,,,,,,,,,,,,,,,,0.0,2.968,0.0,,,,,,,,,,,,,,,,,,,,,media/f10130db-24c2-4fe3-82c6-28de13c03731.jpg
10434459604,"Dec 25, 2023, 6:11:41 AM",Morning Ride,Ride,"",5629,40.09,,,false,,,activities/11167525537.fit.gz,,,5629.0,5501.0,40098.6,10.071,7.289,118.0,137.0,14.6,80.4,3.3,0.0,,,,,,,,101.0,1559.0,,14.0,,,,,,,,,,,,0.0,,0.0,,1.0,,,,,,,,,,,,,,,,,,,,,,,,,,,0.0,7.124,128.1,,,,,,,,,,,,,,,,,,,,,media/62398d21-d39b-4df7-bdbc-6e3b8319c5ed.jpg
10434829063,"Dec 24, 2023, 3:07:34 PM",Afternoon Workout,Workout,,315,0,123.0,0,false,,,activities/11167913236.fit.gz,,,315.0,315.0,0.0,0.0,0.0,0.0,0.0,0.0,0.0,0.0,0.0,,,,,,101.0,,,40.0,,,0.0,,,,,,,,,,,,,0.0,,1.0,,,,,,,,,,,,,,,,,,,,,,,,,,,0.0,0.0,0.0,,,,,,,,,,,,,,,,,,,,,media/8308b70c-8a21-4057-93e0-a3775966bef5.jpg
10430550651,"Dec 24, 2023, 1:44:20 PM",Afternoon Run,Run,,3683,10.00,182.0,123,false,,,activities/11163431688.fit.gz,,,3683.0,3569.0,10005.3,4.342,2.803,71.2,71.9,54.7,59.1,14.1,0.0,,,87.0,81.0,,170.0,,,1069.0,,,123.0,,,,,,,,,,,,,0.0,,1.0,10117.2,,,,,,,,,,,,,,,,,,,,,,,,,,0.0,2.717,0.0,,,,,,,,,,,,,,,,,,,,,media/2f69423c-6f8b-40da-9d2c-a29c066d1190.jpg
10428430257,"Dec 24, 2023, 5:53:19 AM",Morning Ride,Ride,,10020,64.60,,,false,,,activities/11161245316.fit.gz,,,10020.0,9119.0,64603.7,11.343,7.085,341.0,349.0,24.2,170.4,6.4,0.0,,,,,,,,103.0,2611.0,,14.0,,,,,,,,,,,,,,0.0,,1.0,,,,,,,,,,,,,,,,,,,,,,,,,,,0.0,6.447,165.4,,,,,,,,,,,,,,,,,,,,,""
10428429907,"Dec 10, 2023, 5:36:37 AM",Morning Ride,Ride,,83,0.16,,,false,,,activities/11161244982.fit.gz,,,83.0,61.0,164.6,3.906,2.698,1.0,0.0,95.6,118.8,1.3,-13.6,,,,,,,,18.0,3.0,,13.0,,,,,,,,,,,,,,0.0,,1.0,,,,,,,,,,,,,,,,,,,,,,,,,,,0.0,1.983,166.9,,,,,,,,,,,,,,,,,,,,,""
10428429633,"Dec 3, 2023, 5:32:43 AM",Morning Ride,Ride,,2274,14.10,,,false,,,activities/11161244692.fit.gz,,,2274.0,1893.0,14099.6,10.852,7.448,30.0,69.0,34.6,84.2,31.2,-0.2,,,,,,,,93.0,545.0,,9.0,,,,,,,,,,,,,,0.0,,1.0,,,,,,,,,,,,,,,,,,,,,,,,,,,0.0,6.2,60.3,,,,,,,,,,,,,,,,,,,,,""
10286905770,"Nov 20, 2023, 4:18:45 PM",Evening Run,Run,,3739,10.30,,,false,,,activities/11014278432.fit.gz,,,3739.0,3536.0,10308.8,4.346,2.915,58.0,56.0,172.6,206.8,10.2,0.0,,,86.0,78.0,,,,,1031.0,,,,,,,,,,,,,,,,0.0,,1.0,10376.8,,,,,,,,,,,,,,,,,,,,,,,,,,0.0,2.757,0.0,,,,9414.0,,,,,,,,,,,,,,,,,""
10428429484,"Nov 19, 2023, 5:26:25 AM",Morning Ride,Ride,,6644,48.92,174.0,41,false,,,activities/11161244473.fit.gz,,,6644.0,6622.0,48925.7,13.341,7.388,182.0,189.0,-5.8,61.4,15.6,0.0,,,,,,133.0,,118.0,1069.0,,16.0,41.0,,,,,,,,,,,,,0.0,,1.0,,,,,,,,,,,,,,,,,,,,,,,,,,,0.0,7.364,140.8,,,,,,,,,,,,,,,,,,,,,""
10286905766,"Nov 16, 2023, 4:10:35 PM",Evening Run,Run,,4531,12.50,166.0,22,false,,,activities/11014278394.fit.gz,,,4531.0,4375.0,12507.4,4.268,2.859,60.0,61.0,152.8,188.4,9.7,0.0,,,110.0,79.0,,138.0,,,811.0,,,22.0,,,,,,,,,,,,,0.0,,1.0,12575.1,,,,,,,,,,,,,,,,,,,,,,,,,,0.0,2.76,0.0,,,,11670.0,,,,,,,,,,,,,,,,,""
10286905785,"Nov 15, 2023, 3:52:01 PM",Afternoon Run,Run,,2983,6.47,174.0,26,false,,,activities/11014278392.fit.gz,,,2983.0,2856.0,6478.0,4.41,2.268,49.0,56.0,114.2,152.0,7.9,0.0,,,117.0,74.0,,138.0,,,498.0,,,26.0,,,,,,,,,,,,,0.0,,1.0,6540.6,,,,,,,,,,,,,,,,,,,,,,,,,,0.0,2.172,847.2,,,,6590.0,,,,,,,,,,,,,,,,,""
10286905772,"Nov 13, 2023, 4:11:30 PM",Evening Run,Run,,4700,13.98,174.0,80,false,,,activities/11014278393.fit.gz,,,4700.0,4685.0,13979.7,4.674,2.984,64.0,67.0,202.2,246.8,9.7,0.0,,,86.0,80.0,,153.0,,,1128.0,,,80.0,,,,,,,,,,,,,0.0,,1.0,14044.8,,,,,,,,,,,,,,,,,,,,,,,,,,0.0,2.974,0.0,,,,12554.0,,,,,,,,,,,,,,,,,""
10286905771,"Nov 13, 2023, 5:31:18 AM",Morning Run,Run,,1654,3.61,171.0,10,false,,,activities/11014278390.fit.gz,,,1654.0,1456.0,3618.2,4.457,2.485,34.0,35.0,158.8,184.8,24.0,0.0,,,87.0,78.0,,141.0,,,324.0,,,10.0,,,,,,,,,,,,,0.0,,1.0,3686.3,,,,,,,,,,,,,,,,,,,,,,,,,,0.0,2.188,421.2,,,,3744.0,,,,,,,,,,,,,,,,,""
10286905789,"Nov 6, 2023, 4:25:20 PM",Evening Run,Run,,5517,15.28,175.0,79,false,,,activities/11014278396.fit.gz,,,5517.0,5348.0,15282.4,16.79,2.858,71.0,74.0,126.8,175.0,13.4,0.0,,,106.0,79.0,,151.0,,,1157.0,,,79.0,,,,,,,,,,,,,0.0,,1.0,15370.4,,,,,,,,,,,,,,,,,,,,,,,,,,0.0,2.77,14622.8,,,,14132.0,,,,,,,,,,,,,,,,,""
10168896352,"Nov 6, 2023, 5:30:06 AM",Morning Run,Run,,1959,4.66,162.0,12,false,,,activities/10891673758.fit.gz,,,1959.0,1920.0,4660.8,4.49,2.428,45.0,46.0,123.6,151.4,14.6,0.0,,,83.0,76.0,,141.0,,,393.0,,,12.0,,,,,,,,,,,,,0.0,,1.0,4740.2,,,,,,,,,,,,,,,,,,,,,,,,,,0.0,2.379,1007.1,,,,4902.0,,,,,,,,,,,,,,,,,""
10428428950,"Nov 5, 2023, 6:09:48 AM",Morning Ride,Ride,,2388,16.01,,,false,,,activities/11161243974.fit.gz,,,2388.0,2388.0,16013.8,13.57,6.706,74.0,79.0,87.2,137.2,4.5,0.0,,,,,,,,99.0,589.0,,20.0,,,,,,,,,,,,,,0.0,,1.0,,,,,,,,,,,,,,,,,,,,,,,,,,,0.0,6.706,162.4,,,,,,,,,,,,,,,,,,,,,""
10168896306,"Nov 3, 2023, 5:34:32 AM",Morning Run,Run,,3868,8.93,174.0,52,false,,,activities/10891673727.fit.gz,,,3868.0,3720.0,8937.5,4.193,2.403,68.0,68.0,132.0,171.4,11.8,0.0,,,111.0,74.0,,145.0,,,738.0,,,52.0,,,,,,,,,,,,,0.0,,1.0,9024.6,,,,,,,,,,,,,,,,,,,,,,,,,,0.0,2.311,1665.8,,,,9126.0,,,,,,,,,,,,,,,,,""
10168896315,"Nov 1, 2023, 4:12:51 PM",Evening Run,Run,,4478,13.13,167.0,49,false,,,activities/10891673730.fit.gz,,,4478.0,4420.0,13133.1,17.624,2.971,56.0,67.0,151.2,188.4,8.5,0.0,,,86.0,80.0,,148.0,,,945.0,,,49.0,,,,,,,,,,,,,0.0,,1.0,13201.4,,,,,,,,,,,,,,,,,,,,,,,,,,0.0,2.933,4422.9,,,,11752.0,,,,,,,,,,,,,,,,,""
10168896318,"Nov 1, 2023, 5:40:09 AM",Morning Run,Run,,1469,2.58,149.0,5,false,,,activities/10891673729.fit.gz,,,1469.0,1452.0,2580.2,2.858,1.777,27.0,23.0,133.2,153.8,13.7,0.2,,,119.0,70.0,,121.0,,,207.0,,,5.0,,,,,,,,,,,,,0.0,,1.0,2643.7,,,,,,,,,,,,,,,,,,,,,,,,,,0.0,1.756,223.6,,,,3218.0,,,,,,,,,,,,,,,,,""
10168896354,"Oct 30, 2023, 4:23:46 PM",Evening Run,Run,,4431,11.91,170.0,90,false,,,activities/10891673769.fit.gz,,,4431.0,4334.0,11915.2,6.953,2.749,64.0,66.0,144.6,182.8,10.5,0.0,,,88.0,80.0,,156.0,,,1045.0,,,90.0,,,,,,,,,,,,,0.0,,1.0,11989.7,,,,,,,,,,,,,,,,,,,,,,,,,,0.0,2.689,11325.6,,,,11590.0,,,,,,,,,,,,,,,,,""
10168896259,"Oct 30, 2023, 5:26:04 AM",Morning Run,Run,,1906,4.66,170.0,29,false,,,activities/10891673682.fit.gz,,,1906.0,1758.0,4662.5,5.776,2.652,35.0,36.0,134.6,153.4,7.5,0.0,,,82.0,78.0,,152.0,,,418.0,,,29.0,,,,,,,,,,,,,0.0,,1.0,4711.8,,,,,,,,,,,,,,,,,,,,,,,,,,0.0,2.446,1176.3,,,,4574.0,,,,,,,,,,,,,,,,,""
10168896279,"Oct 25, 2023, 3:06:37 PM",Evening Run,Run,,2501,6.01,165.0,21,false,,,activities/10891673662.fit.gz,,,2501.0,2443.0,6012.3,3.943,2.461,51.0,54.0,122.4,154.4,9.7,-0.1,,,105.0,74.0,,140.0,,,449.0,,,21.0,,,,,,,,,,,,,0.0,,1.0,6082.1,,,,,,,,,,,,,,,,,,,,,,,,,,0.0,2.404,1005.1,,,,5964.0,,,,,,,,,,,,,,,,,""
10168896239,"Oct 24, 2023, 2:52:25 PM",Afternoon Run,Run,,2942,6.48,153.0,12,false,,,activities/10891673647.fit.gz,,,2942.0,2893.0,6486.6,3.723,2.242,42.0,50.0,132.2,164.0,12.7,-0.1,,,84.0,76.0,,132.0,,,476.0,,,12.0,,,,,,,,,,,,,0.0,,1.0,6537.0,,,,,,,,,,,,,,,,,,,,,,,,,,0.0,2.205,1040.5,,,,7282.0,,,,,,,,,,,,,,,,,""
10428428761,"Oct 22, 2023, 4:49:16 AM",Morning Ride,Ride,,6690,46.70,,,false,,,activities/11161243758.fit.gz,,,6690.0,6690.0,46702.3,14.738,6.981,265.0,269.0,-2.0,130.2,11.3,0.0,,,,,,,,106.0,1855.0,,18.0,,,,,,,,,,,,,,0.0,,1.0,,,,,,,,,,,,,,,,,,,,,,,,,,,0.0,6.981,177.8,,,,,,,,,,,,,,,,,,,,,""
10168896249,"Oct 20, 2023, 1:49:53 PM",Afternoon Run,Run,,3605,9.85,,,false,,,activities/10891673667.fit.gz,,,3605.0,3600.0,9853.9,4.566,2.737,72.0,83.0,120.0,158.8,9.3,0.0,,,85.0,78.0,,,,,958.0,,,,,,,,,,,,,,,,0.0,,1.0,9939.1,,,,,,,,,,,,,,,,,,,,,,,,,,0.0,2.733,1954.8,,,,9368.0,,,,,,,,,,,,,,,,,""
10168896205,"Oct 19, 2023, 2:47:13 PM",Afternoon Run,Run,,2419,5.95,,,false,,,activities/10891673628.fit.gz,,,2419.0,2403.0,5955.1,4.543,2.478,42.0,46.0,125.2,152.6,9.6,0.0,,,91.0,74.0,,,,,563.0,,,,,,,,,,,,,,,,0.0,,1.0,5998.2,,,,,,,,,,,,,,,,,,,,,,,,,,0.0,2.462,771.7,,,,5922.0,,,,,,,,,,,,,,,,,""
10428428359,"Oct 15, 2023, 4:05:30 AM",Morning Ride,Ride,,8540,44.07,174.0,86,false,,,activities/11161243390.fit.gz,,,8540.0,8294.0,44073.8,17.652,5.314,915.0,923.0,-35.8,153.0,37.8,0.0,,,,,,140.0,,129.0,1477.0,,18.0,86.0,,,,,,,,,,,,,0.0,,1.0,,,,,,,,,,,,,,,,,,,,,,,,,,,0.0,5.161,0.0,,,,,,,,,,,,,,,,,,,,,""
10060370193,"Oct 12, 2023, 3:21:03 PM",Evening Run,Run,,3215,8.36,173.0,72,false,,,activities/10778209397.fit.gz,,,3215.0,3001.0,8365.0,3.753,2.787,51.0,55.0,96.0,134.4,7.0,0.0,,,84.0,77.0,,158.0,,,721.0,,,72.0,,,,,,,,,,,,,0.0,,1.0,8418.8,,,,,,,,,,,,,,,,,,,,,,,,,,0.0,2.602,364.6,,,,7700.0,,,,,,,,,,,,,,,,,""
10060370232,"Oct 10, 2023, 4:13:47 AM",Morning Run,Run,,2296,5.95,168.0,48,false,,,activities/10778209366.fit.gz,,,2296.0,2296.0,5949.2,4.247,2.591,44.0,48.0,119.8,148.8,10.4,0.0,,,84.0,77.0,,156.0,,,546.0,,,48.0,,,,,,,,,,,,,0.0,,1.0,6004.3,,,,,,,,,,,,,,,,,,,,,,,,,,0.0,2.591,774.2,,,,5890.0,,,,,,,,,,,,,,,,,""
10428427554,"Oct 8, 2023, 4:33:16 AM",Morning Ride,Ride,,6345,51.12,,,false,,,activities/11161242603.fit.gz,,,6345.0,6345.0,51127.2,12.082,8.058,210.0,212.0,-1.8,76.6,11.4,0.0,,,,,,,,137.0,2193.0,,19.0,,,,,,,,,,,,,,0.0,,1.0,,,,,,,,,,,,,,,,,,,,,,,,,,,0.0,8.058,0.0,,,,,,,,,,,,,,,,,,,,,""
10428427285,"Oct 7, 2023, 7:48:39 AM",Morning Ride,Ride,,3744,26.36,168.0,21,false,,,activities/11161242260.fit.gz,,,3744.0,3744.0,26359.4,11.188,7.04,141.0,139.0,32.0,135.4,15.7,0.0,,,,,,131.0,,105.0,630.0,,28.0,21.0,,,,,,,,,,,,,0.0,,1.0,,,,,,,,,,,,,,,,,,,,,,,,,,,0.0,7.04,175.2,,,,,,,,,,,,,,,,,,,,,""
10060370108,"Oct 6, 2023, 3:00:18 PM",Evening Run,Run,,3002,7.53,173.0,64,false,,,activities/10778209322.fit.gz,,,3002.0,2993.0,7535.4,4.798,2.518,61.0,63.0,123.8,160.4,22.6,0.0,,,82.0,77.0,,156.0,,,711.0,,,64.0,,,,,,,,,,,,,0.0,,1.0,7633.2,,,,,,,,,,,,,,,,,,,,,,,,,,0.0,2.51,915.8,,,,7642.0,,,,,,,,,,,,,,,,,""
10060370138,"Oct 4, 2023, 2:59:36 PM",Afternoon Run,Run,,3152,7.90,172.0,71,false,,,activities/10778209296.fit.gz,,,3152.0,3126.0,7906.6,3.688,2.529,47.0,49.0,115.6,155.4,9.0,-0.1,,,106.0,77.0,,158.0,,,766.0,,,71.0,,,,,,,,,,,,,0.0,,1.0,7955.3,,,,,,,,,,,,,,,,,,,,,,,,,,0.0,2.508,729.1,,,,8034.0,,,,,,,,,,,,,,,,,""
10060370221,"Sep 26, 2023, 2:57:23 PM",Afternoon Run,Run,,2034,5.30,165.0,33,false,,,activities/10778209297.fit.gz,,,2034.0,2028.0,5302.7,4.537,2.615,46.0,45.0,118.8,147.0,6.3,0.0,,,84.0,77.0,,152.0,,,482.0,,,33.0,,,,,,,,,,,,,0.0,,1.0,5355.1,,,,,,,,,,,,,,,,,,,,,,,,,,0.0,2.607,673.9,,,,5168.0,,,,,,,,,,,,,,,,,""
10060370120,"Sep 25, 2023, 3:04:33 PM",Evening Run,Run,,2248,5.68,168.0,31,false,,,activities/10778209301.fit.gz,,,2248.0,2189.0,5686.8,4.014,2.598,50.0,49.0,134.0,166.2,10.8,0.0,,,84.0,77.0,,150.0,,,497.0,,,31.0,,,,,,,,,,,,,0.0,,1.0,5753.1,,,,,,,,,,,,,,,,,,,,,,,,,,0.0,2.53,1569.7,,,,5586.0,,,,,,,,,,,,,,,,,""
10428426881,"Sep 22, 2023, 1:57:15 PM",Afternoon Ride,Ride,,3568,24.79,,,false,,,activities/11161241893.fit.gz,,,3568.0,3527.0,24797.6,15.064,7.031,143.0,144.0,56.0,148.4,5.8,0.0,,,,,,,,105.0,958.0,,26.0,,,,,,,,,,,,,,0.0,,1.0,,,,,,,,,,,,,,,,,,,,,,,,,,,0.0,6.95,122.4,,,,,,,,,,,,,,,,,,,,,""
9893496290,"Sep 21, 2023, 3:32:15 PM",Evening Run,Run,,2709,6.53,168.0,52,false,,,activities/10603879734.fit.gz,,,2709.0,2700.0,6534.2,3.727,2.42,56.0,56.0,123.8,152.8,8.2,0.0,,,92.0,77.0,,154.0,,,666.0,,,52.0,,,,,,,,,,,,,0.0,,1.0,6631.3,,,,,,,,,,,,,,,,,,,,,,,,,,0.0,2.412,458.8,,,,6878.0,,,,,,,,,,,,,,,,,""
9893495060,"Sep 19, 2023, 3:53:10 PM",Evening Run,Run,,1668,4.24,172.0,28,false,,,activities/10603878175.fit.gz,,,1668.0,1662.0,4239.6,5.053,2.551,36.0,33.0,154.8,175.0,8.2,0.0,,,120.0,77.0,,153.0,,,416.0,,,28.0,,,,,,,,,,,,,0.0,,1.0,4279.5,,,,,,,,,,,,,,,,,,,,,,,,,,0.0,2.542,383.1,,,,4266.0,,,,,,,,,,,,,,,,,""
9893494139,"Sep 18, 2023, 3:14:21 PM",Evening Run,Run,,1898,5.39,177.0,44,false,,,activities/10603877200.fit.gz,,,1898.0,1879.0,5397.2,4.589,2.872,59.0,53.0,127.0,158.2,18.4,0.0,,,87.0,77.0,,160.0,,,482.0,,,44.0,,,,,,,,,,,,,0.0,,1.0,5474.9,,,,,,,,,,,,,,,,,,,,,,,,,,0.0,2.844,822.8,,,,4844.0,,,,,,,,,,,,,,,,,""
10428426663,"Sep 17, 2023, 3:59:54 AM",Morning Ride,Ride,,6222,46.48,,,false,,,activities/11161241642.fit.gz,,,6222.0,6173.0,46482.7,12.276,7.53,191.0,192.0,7.0,94.8,4.7,0.0,,,,,,,,113.0,1878.0,,20.0,,,,,,,,,,,,,,0.0,,1.0,,,,,,,,,,,,,,,,,,,,,,,,,,,0.0,7.471,189.0,,,,,,,,,,,,,,,,,,,,,""
10428426351,"Aug 6, 2023, 4:21:58 AM",Morning Ride,Ride,,1808,18.50,,,false,,,activities/11161241369.fit.gz,,,1808.0,1808.0,18502.3,13.099,10.234,19.0,21.0,-2.8,5.0,8.0,0.0,,,,,,,,241.0,890.0,,25.0,,,,,,,,,,,,,,0.0,,1.0,,,,,,,,,,,,,,,,,,,,,,,,,,,0.0,10.234,0.0,,,,,,,,,,,,,,,,,,,,,""
10428426093,"Jul 21, 2023, 3:47:25 PM",Evening Ride,Ride,,3482,24.10,,,false,,,activities/11161241036.fit.gz,,,3482.0,3451.0,24104.8,11.469,6.985,74.0,79.0,27.6,83.2,3.3,0.0,,,,,,,,95.0,920.0,,26.0,,,,,,,,,,,,,,0.0,,1.0,,,,,,,,,,,,,,,,,,,,,,,,,,,0.0,6.923,164.2,,,,,,,,,,,,,,,,,,,,,""
10428426019,"Jun 25, 2023, 3:28:18 AM",Morning Ride,Ride,,8510,55.14,,,false,,,activities/11161240951.fit.gz,,,8510.0,7865.0,55148.8,15.04,7.012,559.0,556.0,43.0,226.2,31.6,0.0,,,,,,,,127.0,2455.0,,24.0,,,,,,,,,,,,,,0.0,,1.0,,,,,,,,,,,,,,,,,,,,,,,,,,,0.0,6.48,127.7,,,,,,,,,,,,,,,,,,,,,""
10428425622,"Jun 11, 2023, 5:06:55 AM",Morning Ride,Ride,,4023,28.48,,,false,,,activities/11161240508.fit.gz,,,4023.0,3606.0,28485.3,11.435,7.899,163.0,162.0,77.0,149.4,7.4,0.0,,,,,,,,134.0,1201.0,,23.0,,,,,,,,,,,,,,0.0,,1.0,,,,,,,,,,,,,,,,,,,,,,,,,,,0.0,7.081,75.9,,,,,,,,,,,,,,,,,,,,,""
9839563500,"Jun 6, 2023, 3:15:05 PM",Evening Run,Run,,2672,7.20,,,false,,,activities/10547365590.fit.gz,,,2672.0,2491.0,7202.9,5.017,2.892,80.0,68.0,136.0,170.4,48.0,0.0,,,84.0,78.0,,,,,712.0,,,,,,,,,,,,,,,,0.0,,1.0,7343.8,,,,,,,,,,,,,,,,,,,,,,,,,,0.0,2.696,846.7,,,,6414.0,,,,,,,,,,,,,,,,,""
9839563501,"Jun 1, 2023, 3:21:33 PM",Evening Run,Run,,2602,6.57,,,false,,,activities/10547365623.fit.gz,,,2602.0,2401.0,6571.5,4.583,2.737,54.0,62.0,144.2,178.2,10.6,-0.1,,,84.0,77.0,,,,,631.0,,,,,,,,,,,,,,,,0.0,,1.0,6657.0,,,,,,,,,,,,,,,,,,,,,,,,,,0.0,2.526,1264.3,,,,6114.0,,,,,,,,,,,,,,,,,""
10428425429,"May 28, 2023, 4:29:15 AM",Morning Ride,Ride,,4984,40.85,,,false,,,activities/11161240338.fit.gz,,,4984.0,4600.0,40850.9,11.694,8.881,152.0,160.0,54.4,126.2,8.2,0.0,,,,,,,,166.0,1911.0,,22.0,,,,,,,,,,,,,,0.0,,1.0,,,,,,,,,,,,,,,,,,,,,,,,,,,0.0,8.196,0.0,,,,,,,,,,,,,,,,,,,,,""
10428425116,"May 21, 2023, 4:38:35 AM",Morning Ride,Ride,,7079,53.39,,,false,,,activities/11161239861.fit.gz,,,7079.0,7024.0,53398.6,12.013,7.602,312.0,316.0,47.4,192.0,4.9,0.0,,,,,,,,120.0,2281.0,,18.0,,,,,,,,,,,,,,0.0,,1.0,,,,,,,,,,,,,,,,,,,,,,,,,,,0.0,7.543,155.8,,,,,,,,,,,,,,,,,,,,,""
9839563503,"May 20, 2023, 5:55:06 AM",Morning Run,Run,,2628,6.00,,,false,,,activities/10547365606.fit.gz,,,2628.0,2342.0,6005.0,4.079,2.564,63.0,64.0,14.2,52.4,10.9,0.0,,,84.0,74.0,,,,,577.0,,,,,,,,,,,,,,,,0.0,,1.0,6089.3,,,,,,,,,,,,,,,,,,,,,,,,,,0.0,2.285,1536.3,,,,5628.0,,,,,,,,,,,,,,,,,""
10428424845,"May 14, 2023, 4:34:12 AM",Morning Ride,Ride,,2426,17.31,,,false,,,activities/11161239662.fit.gz,,,2426.0,2363.0,17311.9,12.327,7.326,63.0,70.0,49.4,102.2,4.6,0.0,,,,,,,,112.0,673.0,,16.0,,,,,,,,,,,,,,0.0,,1.0,,,,,,,,,,,,,,,,,,,,,,,,,,,0.0,7.136,117.5,,,,,,,,,,,,,,,,,,,,,""
10428424484,"May 7, 2023, 5:05:53 AM",Morning Ride,Ride,,4066,29.34,,,false,,,activities/11161239264.fit.gz,,,4066.0,4066.0,29340.8,9.291,7.216,101.0,105.0,48.6,108.0,4.2,0.0,,,,,,,,100.0,1110.0,,16.0,,,,,,,,,,,,,,0.0,,1.0,,,,,,,,,,,,,,,,,,,,,,,,,,,0.0,7.216,121.8,,,,,,,,,,,,,,,,,,,,,""
10428424250,"Mar 12, 2023, 5:44:33 AM",Morning Ride,Ride,,4513,33.16,,,false,,,activities/11161239019.fit.gz,,,4513.0,4513.0,33167.6,11.259,7.349,121.0,124.0,34.0,69.2,3.3,0.0,,,,,,,,105.0,1313.0,,14.0,,,,,,,,,,,,,,0.0,,1.0,,,,,,,,,,,,,,,,,,,,,,,,,,,0.0,7.349,0.0,,,,,,,,,,,,,,,,,,,,,""
10428423918,"Feb 26, 2023, 6:06:25 AM",Morning Ride,Ride,,3935,27.89,,,false,,,activities/11161238714.fit.gz,,,3935.0,3825.0,27894.7,9.384,7.293,81.0,88.0,30.2,62.6,2.3,0.0,,,,,,,,100.0,1051.0,,12.0,,,,,,,,,,,,,,0.0,,1.0,,,,,,,,,,,,,,,,,,,,,,,,,,,0.0,7.089,0.0,,,,,,,,,,,,,,,,,,,,,""
10428423741,"Feb 19, 2023, 7:01:10 AM",Morning Ride,Ride,,3067,23.44,,,false,,,activities/11161238462.fit.gz,,,3067.0,3067.0,23445.8,10.44,7.645,143.0,141.0,110.2,183.8,7.9,0.0,,,,,,,,122.0,1039.0,,11.0,,,,,,,,,,,,,,0.0,,1.0,,,,,,,,,,,,,,,,,,,,,,,,,,,0.0,7.645,0.0,,,,,,,,,,,,,,,,,,,,,""
10428423608,"Jan 29, 2023, 6:00:15 AM",Morning Ride,Ride,,5204,43.12,,,false,,,activities/11161238307.fit.gz,,,5204.0,5204.0,43119.9,12.483,8.286,167.0,169.0,8.8,70.4,7.6,0.0,,,,,,,,147.0,1886.0,,12.0,,,,,,,,,,,,,,0.0,,1.0,,,,,,,,,,,,,,,,,,,,,,,,,,,0.0,8.286,0.0,,,,,,,,,,,,,,,,,,,,,""
10428423500,"Dec 25, 2022, 5:55:26 AM",Morning Ride,Ride,,7394,47.72,,,false,,,activities/11161238026.fit.gz,,,7394.0,7002.0,47721.4,15.322,6.815,476.0,486.0,34.6,277.0,14.5,0.0,,,,,,,,118.0,2134.0,,11.0,,,,,,,,,,,,,,0.0,,1.0,,,,,,,,,,,,,,,,,,,,,,,,,,,0.0,6.454,141.8,,,,,,,,,,,,,,,,,,,,,""
10428423196,"Dec 18, 2022, 5:55:03 AM",Morning Ride,Ride,,10470,70.18,,,false,,,activities/11161237574.fit.gz,,,10470.0,9963.0,70187.5,14.596,7.045,701.0,704.0,31.2,310.8,16.6,0.0,,,,,,,,130.0,3239.0,,14.0,,,,,,,,,,,,,,0.0,,1.0,,,,,,,,,,,,,,,,,,,,,,,,,,,0.0,6.704,216.0,,,,,,,,,,,,,,,,,,,,,""
10428422543,"Nov 17, 2022, 4:36:13 PM",Evening Ride,Ride,,4851,26.67,,,false,,,activities/11161237223.fit.gz,,,4851.0,4513.0,26670.0,11.721,5.91,91.0,96.0,135.4,219.0,8.5,0.0,,,,,,,,76.0,834.0,,17.0,,,,,,,,,,,,,,0.0,,1.0,,,,,,,,,,,,,,,,,,,,,,,,,,,0.0,5.498,12651.2,,,,,,,,,,,,,,,,,,,,,""
10428422338,"Nov 13, 2022, 5:56:15 AM",Morning Ride,Ride,,9846,72.74,164.0,70,false,,,activities/11161236975.fit.gz,,,9846.0,9242.0,72742.6,13.786,7.871,378.0,376.0,22.6,180.8,8.4,0.0,,,,,,135.0,,130.0,1515.0,,18.0,70.0,,,,,,,,,,,,,0.0,,1.0,,,,,,,,,,,,,,,,,,,,,,,,,,,0.0,7.388,0.0,,,,,,,,,,,,,,,,,,,,,""
10428421493,"Nov 10, 2022, 4:25:26 PM",Evening Ride,Ride,,5423,25.80,,,false,,,activities/11161236157.fit.gz,,,5423.0,4632.0,25807.3,10.424,5.572,98.0,97.0,185.4,269.4,15.2,0.0,,,,,,,,69.0,730.0,,16.0,,,,,,,,,,,,,,0.0,,1.0,,,,,,,,,,,,,,,,,,,,,,,,,,,0.0,4.759,14760.4,,,,,,,,,,,,,,,,,,,,,""
10428421301,"Nov 2, 2022, 4:38:36 PM",Evening Ride,Ride,,5170,24.46,154.0,15,false,,,activities/11161235858.fit.gz,,,5170.0,4878.0,24465.9,9.364,5.016,94.0,79.0,142.4,211.0,15.6,0.0,,,,,,116.0,,62.0,561.0,,20.0,15.0,,,,,,,,,,,,,0.0,,1.0,,,,,,,,,,,,,,,,,,,,,,,,,,,0.0,4.732,13181.4,,,,,,,,,,,,,,,,,,,,,""
8048982331,"Oct 29, 2022, 4:58:35 AM",Morning Ride,Ride,,10652,73.04,,,false,,,activities/8614157717.fit.gz,,,10652.0,9347.0,73047.2,11.18,7.815,332.0,357.0,26.0,116.8,30.2,0.0,,,,,,,,126.0,3145.0,,18.0,,,,,,,,,,,,,,0.0,,1.0,,,,,,,,,,,,,,,,,,,,,,,,,,,0.0,6.858,2868.7,,,,,,,,,,,,,,,,,,,,,""
8017781449,"Oct 25, 2022, 3:51:51 PM",Evening Ride,Ride,,2663,10.87,,,false,,,activities/8578667672.fit.gz,,,2663.0,2105.0,10870.0,9.265,5.164,59.0,65.0,133.2,174.2,19.7,0.0,,,,,,,,67.0,373.0,,21.0,,,,,,,,,,,,,,0.0,,1.0,,,,,,,,,,,,,,,,,,,,,,,,,,,0.0,4.082,8729.4,,,,,,,,,,,,,,,,,,,,,""
8017497408,"Oct 23, 2022, 5:01:44 AM",Morning Ride,Ride,,5513,39.37,,,false,,,activities/8578350225.fit.gz,,,5513.0,5469.0,39378.6,12.122,7.2,172.0,173.0,40.0,126.4,23.3,0.0,,,,,,,,105.0,1534.0,,16.0,,,,,,,,,,,,,,0.0,,1.0,,,,,,,,,,,,,,,,,,,,,,,,,,,0.0,7.143,3674.7,,,,,,,,,,,,,,,,,,,,,""
7993360848,"Oct 20, 2022, 3:42:17 PM",Evening Ride,Ride,,4870,27.26,175.0,27,false,,,activities/8550929455.fit.gz,,,4870.0,4566.0,27266.3,10.823,5.972,133.0,119.0,164.8,252.0,11.5,0.0,,,,,,133.0,,83.0,730.0,,22.0,27.0,,,,,,,,,,,,,0.0,,1.0,,,,,,,,,,,,,,,,,,,,,,,,,,,0.0,5.599,10351.0,,,,,,,,,,,,,,,,,,,,,""
7993360298,"Oct 19, 2022, 3:39:06 PM",Evening Ride,Ride,,4693,19.95,,,false,,,activities/8550928897.fit.gz,,,4693.0,3583.0,19956.1,14.621,5.57,64.0,62.0,157.4,184.2,6.5,0.0,,,,,,,,78.0,614.0,,23.0,,,,,,,,,,,,,,0.0,,1.0,,,,,,,,,,,,,,,,,,,,,,,,,,,0.0,4.252,1212.7,,,,,,,,,,,,,,,,,,,,,""
7993360204,"Oct 15, 2022, 1:13:27 PM",Afternoon Ride,Ride,,2641,19.67,155.0,11,false,,,activities/8550928792.fit.gz,,,2641.0,2641.0,19673.2,12.067,7.449,103.0,105.0,41.4,116.0,5.9,0.0,,,,,,124.0,,123.0,416.0,,21.0,11.0,,,,,,,,,,,,,0.0,,1.0,,,,,,,,,,,,,,,,,,,,,,,,,,,0.0,7.449,154.1,,,,,,,,,,,,,,,,,,,,,""
7993359954,"Oct 11, 2022, 3:35:08 PM",Evening Ride,Ride,,4728,25.18,,,false,,,activities/8550928444.fit.gz,,,4728.0,4594.0,25188.1,11.029,5.483,99.0,98.0,159.4,239.8,11.6,0.0,,,,,,,,66.0,735.0,,24.0,,,,,,,,,,,,,,0.0,,1.0,,,,,,,,,,,,,,,,,,,,,,,,,,,0.0,5.327,20361.5,,,,,,,,,,,,,,,,,,,,,""
7993359651,"Oct 10, 2022, 3:16:13 PM",Evening Ride,Ride,,6517,26.12,,,false,,,activities/8550928186.fit.gz,,,6517.0,4724.0,26128.3,9.533,5.531,98.0,101.0,135.8,219.8,10.2,0.0,,,,,,,,65.0,756.0,,24.0,,,,,,,,,,,,,,0.0,,1.0,,,,,,,,,,,,,,,,,,,,,,,,,,,0.0,4.009,20707.9,,,,,,,,,,,,,,,,,,,,,""
7993359509,"Oct 9, 2022, 5:39:49 AM",Morning Ride,Ride,,5780,38.48,146.0,21,false,,,activities/8550928003.fit.gz,,,5780.0,5595.0,38481.6,11.039,6.878,142.0,150.0,50.6,157.2,29.2,0.0,,,,,,124.0,,89.0,747.0,,22.0,21.0,,,,,,,,,,,,,0.0,,1.0,,,,,,,,,,,,,,,,,,,,,,,,,,,0.0,6.658,2459.3,,,,,,,,,,,,,,,,,,,,,""
7905962526,"Oct 3, 2022, 3:06:24 PM",Evening Run,Run,,2757,6.16,172.0,29,false,,,activities/8451306570.fit.gz,,,2757.0,2496.0,6163.9,11.872,2.47,16.0,23.0,168.2,188.0,8.3,-0.1,,,86.0,73.0,,146.0,,,458.0,,,29.0,,,,,,,,,,,,,0.0,,1.0,6165.4,,,,,,,,,,,,,,,,,,,,,,,,,,0.0,2.236,2315.7,,,,,,,,,,,,,,,,,,,,,""
7905099653,"Sep 30, 2022, 3:20:47 PM",Evening Run,Run,"",2937,5.29,166.0,18,false,,,activities/8450340685.fit.gz,,,2937.0,2687.0,5296.9,4.655,1.971,11.0,7.0,125.6,139.2,31.0,0.1,,,121.0,64.0,,127.0,,,358.0,,,18.0,,,,,,,,,,,0.0,,0.0,,1.0,5332.3,,,,,,,,,,,,,,,,,,,,,,,,,,0.0,1.803,3097.2,,,,,,,,,,,,,,,,,,,,,""
7905099630,"Aug 16, 2022, 3:31:14 PM",Evening Run,Run,,2833,5.81,,,false,,,activities/8450340673.fit.gz,,,2833.0,2297.0,5813.7,4.105,2.531,18.0,21.0,210.0,227.8,25.1,0.0,,,83.0,78.0,,,,,526.0,,,,,,,,,,,,,,,,0.0,,1.0,5840.0,,,,,,,,,,,,,,,,,,,,,,,,,,0.0,2.052,2368.2,,,,,,,,,,,,,,,,,,,,,""
7905099622,"Jul 7, 2022, 4:55:47 PM",Evening Run,Run,,2807,5.08,176.0,27,false,,,activities/8450340701.fit.gz,,,2807.0,2803.0,5086.0,5.242,1.814,12.0,31.0,140.0,168.8,18.4,-0.5,,,108.0,72.0,,144.0,,,492.0,,,27.0,,,,,,,,,,,,,0.0,,1.0,5074.0,,,,,,,,,,,,,,,,,,,,,,,,,,0.0,1.812,3290.7,,,,,,,,,,,,,,,,,,,,,""
7905099542,"Jul 7, 2022, 4:12:53 PM",Evening Run,Run,,1867,5.19,192.0,53,false,,,activities/8450340666.fit.gz,,,1867.0,1720.0,5192.0,8.493,3.019,33.0,11.0,136.6,162.4,18.4,0.4,,,89.0,80.0,,167.0,,,448.0,,,53.0,,,,,,,,,,,,,0.0,,1.0,5278.5,,,,,,,,,,,,,,,,,,,,,,,,,,0.0,2.781,3221.2,,,,,,,,,,,,,,,,,,,,,""
7905099535,"Jul 5, 2022, 4:09:32 PM",Evening Run,Run,,3004,6.77,186.0,59,false,,,activities/8450340569.fit.gz,,,3004.0,2603.0,6770.5,4.213,2.601,30.0,44.0,176.2,200.4,16.5,0.0,,,87.0,80.0,,159.0,,,678.0,,,59.0,,,,,,,,,,,,,0.0,,1.0,6826.6,,,,,,,,,,,,,,,,,,,,,,,,,,0.0,2.254,5058.5,,,,,,,,,,,,,,,,,,,,,""
7905099436,"Jul 3, 2022, 4:40:48 PM",Evening Run,Run,,2250,5.34,,,false,,,activities/8450340543.fit.gz,,,2250.0,2177.0,5343.1,5.6,2.454,27.0,32.0,183.2,205.2,21.6,0.0,,,96.0,78.0,,,,,494.0,,,,,,,,,,,,,,,,0.0,,1.0,5390.8,,,,,,,,,,,,,,,,,,,,,,,,,,0.0,2.375,3654.5,,,,,,,,,,,,,,,,,,,,,""
7905099510,"May 31, 2022, 2:30:19 PM",Afternoon Run,Run,,1821,4.36,,,false,,,activities/8450340597.fit.gz,,,1821.0,1634.0,4367.1,3.558,2.673,6.0,1.0,37.4,42.0,6.1,0.1,,,83.0,76.0,,,,,406.0,,,,,,,,,,,,,,,,0.0,,1.0,4380.6,,,,,,,,,,,,,,,,,,,,,,,,,,0.0,2.398,0.0,,,,,,,,,,,,,,,,,,,,,""
7993359214,"May 29, 2022, 5:10:53 AM",Morning Ride,Ride,,4428,32.30,,,false,,,activities/8550927670.fit.gz,,,4428.0,4428.0,32300.8,11.224,7.295,91.0,88.0,-12.6,29.2,5.9,0.0,,,,,,,,113.0,1287.0,,27.0,,,,,,,,,,,,,,0.0,,1.0,,,,,,,,,,,,,,,,,,,,,,,,,,,0.0,7.295,0.0,,,,,,,,,,,,,,,,,,,,,""
7905099430,"May 26, 2022, 1:40:53 PM",Afternoon Run,Run,,2494,3.71,,,false,,,activities/8450340501.fit.gz,,,2494.0,1333.0,3714.3,4.345,2.786,5.0,5.0,32.4,36.0,7.1,0.1,,,85.0,77.0,,,,,344.0,,,,,,,,,,,,,,,,0.0,,1.0,3723.3,,,,,,,,,,,,,,,,,,,,,,,,,,0.0,1.489,0.0,,,,,,,,,,,,,,,,,,,,,""
7993358973,"May 18, 2022, 4:33:25 AM",Morning Ride,Ride,,3207,24.07,,,false,,,activities/8550927383.fit.gz,,,3207.0,3183.0,24078.8,11.392,7.565,77.0,81.0,36.4,97.6,2.6,0.0,,,,,,,,114.0,916.0,,20.0,,,,,,,,,,,,,,0.0,,1.0,,,,,,,,,,,,,,,,,,,,,,,,,,,0.0,7.508,87.2,,,,,,,,,,,,,,,,,,,,,""
7905099539,"May 17, 2022, 1:57:04 PM",Afternoon Run,Run,,4200,6.63,,,false,,,activities/8450340561.fit.gz,,,4200.0,2457.0,6637.0,5.097,2.701,5.0,1.0,43.8,47.8,5.7,0.0,,,85.0,77.0,,,,,628.0,,,,,,,,,,,,,,,,0.0,,1.0,6650.7,,,,,,,,,,,,,,,,,,,,,,,,,,0.0,1.58,0.0,,,,,,,,,,,,,,,,,,,,,""
7905099419,"May 15, 2022, 7:07:23 AM",Morning Run,Run,,833,2.37,,,false,,,activities/8450340441.fit.gz,,,833.0,827.0,2370.0,4.086,2.866,37.0,33.0,25.8,54.8,23.9,0.1,,,121.0,78.0,,,,,207.0,,,,,,,,,,,,,,,,0.0,,1.0,2439.3,,,,,,,,,,,,,,,,,,,,,,,,,,0.0,2.845,0.0,,,,,,,,,,,,,,,,,,,,,""
7993358908,"May 15, 2022, 5:39:20 AM",Morning Ride,Ride,,4846,41.88,,,false,,,activities/8550927286.fit.gz,,,4846.0,4819.0,41888.6,10.995,8.692,118.0,119.0,14.4,76.4,5.3,0.0,,,,,,,,160.0,1900.0,,20.0,,,,,,,,,,,,,,0.0,,1.0,,,,,,,,,,,,,,,,,,,,,,,,,,,0.0,8.644,0.0,,,,,,,,,,,,,,,,,,,,,""
7905099438,"May 15, 2022, 5:08:05 AM",Morning Swim,Swim,,720,741,,,false,,,activities/8450340518.fit.gz,,,720.0,720.0,741.4,1.754,1.03,0.0,0.0,0.0,0.3,4.5,0.0,,,32.0,27.0,,,,,185.0,,,,,,,,,,,,,,,,0.0,,1.0,,,,,,,,,,,,,,,,,,,,,,,,,,,0.0,1.03,0.0,,,,,,,,,,,,,,,,,,,,,""
7905099489,"May 4, 2022, 7:54:32 AM",Morning Run,Run,,9643,9.45,,,false,,,activities/8450340507.fit.gz,,,9643.0,7753.0,9453.4,5.013,1.219,7.0,6.0,4.6,12.2,13.7,0.1,,,80.0,53.0,,,,,616.0,,,,,,,,,,,,,,,,0.0,,1.0,9500.7,,,,,,,,,,,,,,,,,,,,,,,,,,0.0,0.98,509.5,,,,,,,,,,,,,,,,,,,,,""
7905099347,"Apr 21, 2022, 3:12:44 PM",Afternoon Run,Run,,2743,2.35,,,false,,,activities/8450340393.fit.gz,,,2743.0,2739.0,2349.9,2.892,0.858,6.0,7.0,86.2,94.4,49.5,0.2,,,64.0,50.0,,,,,151.0,,,,,,,,,,,,,,,,0.0,,1.0,2408.8,,,,,,,,,,,,,,,,,,,,,,,,,,0.0,0.857,150.1,,,,,,,,,,,,,,,,,,,,,""
7993358631,"Apr 10, 2022, 4:25:50 AM",Morning Ride,Ride,,8950,55.24,,,false,,,activities/8550927038.fit.gz,,,8950.0,7932.0,55242.5,16.536,6.965,574.0,591.0,22.8,264.6,12.9,0.0,,,,,,,,128.0,2429.0,,16.0,,,,,,,,,,,,,,0.0,,1.0,,,,,,,,,,,,,,,,,,,,,,,,,,,0.0,6.172,79.4,,,,,,,,,,,,,,,,,,,,,""
7993358486,"Apr 3, 2022, 5:08:09 AM",Morning Ride,Ride,,6658,47.48,,,false,,,activities/8550926762.fit.gz,,,6658.0,6624.0,47483.0,18.444,7.168,468.0,477.0,41.4,280.4,11.6,0.0,,,,,,,,133.0,2019.0,,16.0,,,,,,,,,,,,,,0.0,,1.0,,,,,,,,,,,,,,,,,,,,,,,,,,,0.0,7.132,77.1,,,,,,,,,,,,,,,,,,,,,""
7905099360,"Mar 27, 2022, 7:58:36 AM",Morning Run,Run,,1511,4.92,,,false,,,activities/8450340436.fit.gz,,,1511.0,1511.0,4924.8,3.841,3.259,5.0,3.0,5.8,11.0,2.9,0.0,,,87.0,80.0,,,,,466.0,,,,,,,,,,,,,,,,0.0,,1.0,4934.2,,,,,,,,,,,,,,,,,,,,,,,,,,0.0,3.259,0.0,,,,,,,,,,,,,,,,,,,,,""
7993358122,"Mar 27, 2022, 6:51:26 AM",Morning Ride,Ride,,3967,37.38,,,false,,,activities/8550926459.fit.gz,,,3967.0,3967.0,37382.0,11.86,9.423,59.0,58.0,-0.2,9.0,2.4,0.0,,,,,,,,190.0,1786.0,,14.0,,,,,,,,,,,,,,0.0,,1.0,,,,,,,,,,,,,,,,,,,,,,,,,,,0.0,9.423,0.0,,,,,,,,,,,,,,,,,,,,,""
7905099335,"Mar 27, 2022, 6:04:18 AM",Morning Run,Run,,2776,9.95,,,false,,,activities/8450340333.fit.gz,,,2776.0,2776.0,9950.6,4.353,3.585,7.0,7.0,-3.0,5.0,2.4,0.0,,,86.0,81.0,,,,,946.0,,,,,,,,,,,,,,,,0.0,,1.0,9953.6,,,,,,,,,,,,,,,,,,,,,,,,,,0.0,3.585,0.0,,,,,,,,,,,,,,,,,,,,,""
7993358184,"Mar 23, 2022, 8:36:07 AM",Morning Ride,Ride,,3862,24.04,,,false,,,activities/8550926405.fit.gz,,,3862.0,3262.0,24041.8,14.442,7.37,83.0,82.0,16.0,73.8,6.8,0.0,,,,,,,,139.0,893.0,,12.0,,,,,,,,,,,,,,0.0,,1.0,,,,,,,,,,,,,,,,,,,,,,,,,,,0.0,6.225,124.5,,,,,,,,,,,,,,,,,,,,,""
7993357651,"Mar 21, 2022, 9:20:02 AM",Lunch Ride,Ride,,3040,21.89,,,false,,,activities/8550926005.fit.gz,,,3040.0,3040.0,21891.9,11.943,7.201,81.0,81.0,24.2,85.8,3.2,0.0,,,,,,,,109.0,838.0,,12.0,,,,,,,,,,,,,,0.0,,1.0,,,,,,,,,,,,,,,,,,,,,,,,,,,0.0,7.201,169.5,,,,,,,,,,,,,,,,,,,,,""
7905099330,"Mar 20, 2022, 8:59:42 AM",Morning Run,Run,,520,1.70,,,false,,,activities/8450340330.fit.gz,,,520.0,514.0,1708.6,4.588,3.324,5.0,5.0,35.6,39.0,5.7,0.0,,,87.0,79.0,,,,,146.0,,,,,,,,,,,,,,,,0.0,,1.0,1716.2,,,,,,,,,,,,,,,,,,,,,,,,,,0.0,3.286,0.0,,,,,,,,,,,,,,,,,,,,,""
7993357583,"Mar 20, 2022, 7:26:34 AM",Morning Ride,Ride,,5094,39.77,,,false,,,activities/8550925807.fit.gz,,,5094.0,5094.0,39769.6,15.35,7.807,278.0,278.0,51.8,211.4,8.0,0.0,,,,,,,,147.0,1597.0,,9.0,,,,,,,,,,,,,,0.0,,1.0,,,,,,,,,,,,,,,,,,,,,,,,,,,0.0,7.807,0.0,,,,,,,,,,,,,,,,,,,,,""
7905099337,"Mar 20, 2022, 6:37:00 AM",Morning Run,Run,,1933,6.50,,,false,,,activities/8450340323.fit.gz,,,1933.0,1933.0,6502.9,3.925,3.364,12.0,8.0,34.4,38.4,3.4,0.0,,,87.0,82.0,,,,,619.0,,,,,,,,,,,,,,,,0.0,,1.0,6518.9,,,,,,,,,,,,,,,,,,,,,,,,,,0.0,3.364,0.0,,,,,,,,,,,,,,,,,,,,,""
7905099351,"Mar 17, 2022, 2:04:42 PM",Afternoon Run,Run,,3400,7.39,,,false,,,activities/8450340375.fit.gz,,,3400.0,2782.0,7389.6,6.724,2.656,25.0,14.0,36.4,40.4,7.1,0.0,,,99.0,78.0,,,,,645.0,,,,,,,,,,,,,,,,0.0,,1.0,7420.3,,,,,,,,,,,,,,,,,,,,,,,,,,0.0,2.173,0.0,,,,,,,,,,,,,,,,,,,,,""
7905099259,"Mar 15, 2022, 2:09:57 PM",Afternoon Run,Run,,4752,11.06,,,false,,,activities/8450340249.fit.gz,,,4752.0,3592.0,11059.2,5.734,3.079,13.0,3.0,29.8,34.8,6.8,0.0,,,93.0,80.0,,,,,1006.0,,,,,,,,,,,,,,,,0.0,,1.0,11073.5,,,,,,,,,,,,,,,,,,,,,,,,,,0.0,2.327,0.0,,,,,,,,,,,,,,,,,,,,,""
7993357773,"Mar 14, 2022, 11:03:18 AM",Afternoon Ride,Ride,,5733,41.67,,,false,,,activities/8550925937.fit.gz,,,5733.0,5425.0,41669.7,11.668,7.681,200.0,201.0,34.8,145.8,23.0,0.0,,,,,,,,128.0,1750.0,,11.0,,,,,,,,,,,,,,0.0,,1.0,,,,,,,,,,,,,,,,,,,,,,,,,,,0.0,7.268,198.9,,,,,,,,,,,,,,,,,,,,,""
7905099215,"Mar 10, 2022, 2:08:34 PM",Afternoon Run,Run,,4993,12.07,,,false,,,activities/8450340238.fit.gz,,,4993.0,3610.0,12073.1,5.727,3.344,9.0,3.0,34.6,39.4,8.4,0.0,,,89.0,79.0,,,,,1080.0,,,,,,,,,,,,,,,,0.0,,1.0,12091.6,,,,,,,,,,,,,,,,,,,,,,,,,,0.0,2.418,0.0,,,,,,,,,,,,,,,,,,,,,""
7905099158,"Mar 8, 2022, 2:05:54 PM",Afternoon Run,Run,,4380,11.44,,,false,,,activities/8450340219.fit.gz,,,4380.0,3622.0,11447.5,4.904,3.161,5.0,2.0,27.6,35.0,7.6,0.1,,,89.0,79.0,,,,,1035.0,,,,,,,,,,,,,,,,0.0,,1.0,11471.7,,,,,,,,,,,,,,,,,,,,,,,,,,0.0,2.614,0.0,,,,,,,,,,,,,,,,,,,,,""
7993357559,"Mar 6, 2022, 5:30:31 AM",Morning Ride,Ride,,6747,47.62,,,false,,,activities/8550925840.fit.gz,,,6747.0,6747.0,47628.9,10.14,7.059,189.0,184.0,23.6,106.4,4.2,0.0,,,,,,,,98.0,1770.0,,10.0,,,,,,,,,,,,,,0.0,,1.0,,,,,,,,,,,,,,,,,,,,,,,,,,,0.0,7.059,153.0,,,,,,,,,,,,,,,,,,,,,""
7905099218,"Mar 5, 2022, 6:17:56 AM",Morning Run,Run,,3540,6.46,,,false,,,activities/8450340102.fit.gz,,,3540.0,2604.0,6467.4,4.454,2.484,162.0,162.0,152.2,209.8,24.2,0.0,,,85.0,72.0,,,,,563.0,,,,,,,,,,,,,,,,0.0,,1.0,6986.7,,,,,,,,,,,,,,,,,,,,,,,,,,0.0,1.827,0.0,,,,,,,,,,,,,,,,,,,,,""
7993357569,"Mar 4, 2022, 1:04:05 PM",Afternoon Ride,Ride,,6072,42.75,,,false,,,activities/8550925828.fit.gz,,,6072.0,6072.0,42754.1,12.387,7.041,134.0,139.0,23.0,86.0,3.4,0.0,,,,,,,,99.0,1554.0,,11.0,,,,,,,,,,,,,,0.0,,1.0,,,,,,,,,,,,,,,,,,,,,,,,,,,0.0,7.041,74.1,,,,,,,,,,,,,,,,,,,,,""
7905099117,"Mar 3, 2022, 1:41:51 PM",Afternoon Run,Run,,1462,4.19,,,false,,,activities/8450340059.fit.gz,,,1462.0,1457.0,4193.1,4.362,2.878,23.0,21.0,41.8,48.8,15.4,0.0,,,86.0,77.0,,,,,399.0,,,,,,,,,,,,,,,,0.0,,1.0,4256.2,,,,,,,,,,,,,,,,,,,,,,,,,,0.0,2.868,0.0,,,,,,,,,,,,,,,,,,,,,""
7905099141,"Mar 1, 2022, 2:02:46 PM",Afternoon Run,Run,,3644,8.59,,,false,,,activities/8450340129.fit.gz,,,3644.0,2821.0,8597.1,5.843,3.048,10.0,6.0,39.6,43.4,4.4,0.0,,,88.0,77.0,,,,,753.0,,,,,,,,,,,,,,,,0.0,,1.0,8609.4,,,,,,,,,,,,,,,,,,,,,,,,,,0.0,2.359,0.0,,,,,,,,,,,,,,,,,,,,,""
7905099146,"Feb 27, 2022, 8:15:29 AM",Morning Run,Run,,1386,5.29,,,false,,,activities/8450340159.fit.gz,,,1386.0,1386.0,5293.9,4.579,3.82,19.0,18.0,132.6,151.4,3.1,0.0,,,88.0,81.0,,,,,497.0,,,,,,,,,,,,,,,,0.0,,1.0,5304.9,,,,,,,,,,,,,,,,,,,,,,,,,,0.0,3.82,0.0,,,,,,,,,,,,,,,,,,,,,""
7905099004,"Feb 24, 2022, 2:06:16 PM",Afternoon Run,Run,,3228,8.35,,,false,,,activities/8450339957.fit.gz,,,3228.0,2926.0,8356.3,3.529,2.856,1.0,1.0,30.6,39.2,3.0,0.1,,,83.0,78.0,,,,,785.0,,,,,,,,,,,,,,,,0.0,,1.0,8372.3,,,,,,,,,,,,,,,,,,,,,,,,,,0.0,2.589,0.0,,,,,,,,,,,,,,,,,,,,,""
7905099008,"Feb 22, 2022, 2:11:41 PM",Afternoon Run,Run,,4418,9.92,,,false,,,activities/8450339995.fit.gz,,,4418.0,3658.0,9921.6,5.548,2.712,1.0,0.0,21.8,26.2,5.9,0.0,,,90.0,77.0,,,,,911.0,,,,,,,,,,,,,,,,0.0,,1.0,9927.1,,,,,,,,,,,,,,,,,,,,,,,,,,0.0,2.246,0.0,,,,,,,,,,,,,,,,,,,,,""
7993356722,"Feb 20, 2022, 5:56:59 AM",Morning Ride,Ride,,7627,54.76,,,false,,,activities/8550924916.fit.gz,,,7627.0,6809.0,54765.5,15.444,8.043,330.0,338.0,44.2,228.4,17.6,0.0,,,,,,,,144.0,2262.0,,13.0,,,,,,,,,,,,,,0.0,,1.0,,,,,,,,,,,,,,,,,,,,,,,,,,,0.0,7.18,108.1,,,,,,,,,,,,,,,,,,,,,""
7905099863,"Feb 18, 2022, 8:09:06 AM",Morning Swim,Swim,,4840,"2,500",,,false,,,activities/8450340358.fit.gz,,,4840.0,2792.0,2500.0,1.786,0.895,0.0,,,,0.0,0.0,,,29.0,18.0,,,,,516.0,,,,,,,,,,,,,,,,0.0,,1.0,,,,,,,,,,,,,,,,,,,,,,,,,,,0.0,0.517,0.0,,,,,,,,,,,,,,,,,,,,,""
7905098862,"Feb 17, 2022, 2:11:36 PM",Afternoon Run,Run,,3926,7.89,,,false,,,activities/8450339774.fit.gz,,,3926.0,2831.0,7897.0,6.52,2.789,2.0,0.0,59.6,63.4,7.1,0.0,,,98.0,77.0,,,,,679.0,,,,,,,,,,,,,,,,0.0,,1.0,7905.8,,,,,,,,,,,,,,,,,,,,,,,,,,0.0,2.011,0.0,,,,,,,,,,,,,,,,,,,,,""
7993356386,"Feb 17, 2022, 8:37:00 AM",Morning Ride,Ride,,3189,21.10,,,false,,,activities/8550924571.fit.gz,,,3189.0,3189.0,21100.8,14.091,6.617,128.0,126.0,71.4,131.6,26.8,0.0,,,,,,,,101.0,783.0,,11.0,,,,,,,,,,,,,,0.0,,1.0,,,,,,,,,,,,,,,,,,,,,,,,,,,0.0,6.617,106.3,,,,,,,,,,,,,,,,,,,,,""
7905098859,"Feb 13, 2022, 8:37:37 AM",Morning Run,Run,,667,2.50,,,false,,,activities/8450339850.fit.gz,,,667.0,667.0,2508.2,4.656,3.76,3.0,1.0,-4.2,0.6,16.5,0.1,,,90.0,80.0,,,,,234.0,,,,,,,,,,,,,,,,0.0,,1.0,2512.7,,,,,,,,,,,,,,,,,,,,,,,,,,0.0,3.76,0.0,,,,,,,,,,,,,,,,,,,,,""
7993356231,"Feb 13, 2022, 8:09:22 AM",Morning Ride,Ride,,1678,17.11,,,false,,,activities/8550924387.fit.gz,,,1678.0,1678.0,17115.4,13.018,10.2,16.0,16.0,-6.0,-1.2,2.4,0.0,,,,,,,,242.0,790.0,,16.0,,,,,,,,,,,,,,0.0,,1.0,,,,,,,,,,,,,,,,,,,,,,,,,,,0.0,10.2,0.0,,,,,,,,,,,,,,,,,,,,,""
7905098837,"Feb 13, 2022, 7:38:13 AM",Morning Run,Run,,1321,4.98,,,false,,,activities/8450339726.fit.gz,,,1321.0,1321.0,4984.7,5.153,3.773,3.0,2.0,-3.6,2.4,1.9,0.1,,,99.0,82.0,,,,,469.0,,,,,,,,,,,,,,,,0.0,,1.0,4992.9,,,,,,,,,,,,,,,,,,,,,,,,,,0.0,3.773,0.0,,,,,,,,,,,,,,,,,,,,,""
7993356110,"Feb 11, 2022, 8:41:35 AM",Morning Ride,Ride,,6386,27.19,,,false,,,activities/8550924228.fit.gz,,,6386.0,4165.0,27194.8,11.996,6.529,156.0,152.0,29.0,181.6,19.2,0.0,,,,,,,,90.0,1026.0,,15.0,,,,,,,,,,,,,,0.0,,1.0,,,,,,,,,,,,,,,,,,,,,,,,,,,0.0,4.259,155.8,,,,,,,,,,,,,,,,,,,,,""
7905098705,"Feb 6, 2022, 8:17:45 AM",Morning Run,Run,,708,2.77,,,false,,,activities/8450339708.fit.gz,,,708.0,708.0,2771.9,5.6,3.915,40.0,42.0,164.4,199.8,10.2,0.0,,,91.0,83.0,,,,,251.0,,,,,,,,,,,,,,,,0.0,,1.0,2843.7,,,,,,,,,,,,,,,,,,,,,,,,,,0.0,3.915,0.0,,,,,,,,,,,,,,,,,,,,,""
7993355959,"Feb 6, 2022, 6:50:59 AM",Morning Ride,Ride,,4965,45.08,,,false,,,activities/8550923970.fit.gz,,,4965.0,4965.0,45088.2,13.814,9.081,318.0,310.0,140.2,204.4,13.2,0.0,,,,,,,,184.0,2060.0,,10.0,,,,,,,,,,,,,,0.0,,1.0,,,,,,,,,,,,,,,,,,,,,,,,,,,0.0,9.081,0.0,,,,,,,,,,,,,,,,,,,,,""
7905098732,"Feb 6, 2022, 6:13:11 AM",Morning Run,Run,,1595,4.78,,,false,,,activities/8450339710.fit.gz,,,1595.0,1595.0,4783.8,4.425,2.999,74.0,71.0,173.4,210.0,9.4,0.0,,,87.0,80.0,,,,,449.0,,,,,,,,,,,,,,,,0.0,,1.0,4896.9,,,,,,,,,,,,,,,,,,,,,,,,,,0.0,2.999,0.0,,,,,,,,,,,,,,,,,,,,,""
7905098713,"Feb 5, 2022, 7:13:33 AM",Morning Run,Run,,2963,6.99,,,false,,,activities/8450339649.fit.gz,,,2963.0,2872.0,6996.3,3.63,2.436,190.0,177.0,24.8,78.4,37.9,0.0,,,124.0,76.0,,,,,621.0,,,,,,,,,,,,,,,,0.0,,1.0,7701.9,,,,,,,,,,,,,,,,,,,,,,,,,,0.0,2.361,1445.8,,,,,,,,,,,,,,,,,,,,,""
7905098695,"Feb 4, 2022, 2:00:00 PM",Afternoon Run,Run,,4223,8.80,,,false,,,activities/8450339647.fit.gz,,,4223.0,3238.0,8802.1,7.055,2.718,1.0,2.0,39.2,45.4,3.2,0.0,,,104.0,77.0,,,,,787.0,,,,,,,,,,,,,,,,0.0,,1.0,8800.2,,,,,,,,,,,,,,,,,,,,,,,,,,0.0,2.084,0.0,,,,,,,,,,,,,,,,,,,,,""
7905098657,"Feb 2, 2022, 11:37:10 AM",Afternoon Swim,Swim,,4073,"2,525",,,false,,,activities/8450339571.fit.gz,,,4073.0,2639.0,2525.0,2.084,0.957,0.0,,,,0.0,0.0,,,30.0,22.0,,,,,536.0,,,,,,,,,,,,,,,,0.0,,1.0,,,,,,,,,,,,,,,,,,,,,,,,,,,0.0,0.62,0.0,,,,,,,,,,,,,,,,,,,,,""
7993355666,"Feb 1, 2022, 7:22:58 AM",Morning Ride,Ride,,6557,43.99,,,false,,,activities/8550923770.fit.gz,,,6557.0,6170.0,43994.8,13.134,7.13,210.0,218.0,32.6,124.6,8.2,0.0,,,,,,,,104.0,1671.0,,13.0,,,,,,,,,,,,,,0.0,,1.0,,,,,,,,,,,,,,,,,,,,,,,,,,,0.0,6.71,170.5,,,,,,,,,,,,,,,,,,,,,""
7905098670,"Jan 30, 2022, 8:09:57 AM",Morning Run,Run,,675,2.46,,,false,,,activities/8450339601.fit.gz,,,675.0,675.0,2462.4,4.573,3.648,10.0,7.0,130.8,143.0,7.4,0.1,,,87.0,82.0,,,,,231.0,,,,,,,,,,,,,,,,0.0,,1.0,2472.9,,,,,,,,,,,,,,,,,,,,,,,,,,0.0,3.648,0.0,,,,,,,,,,,,,,,,,,,,,""
7993355449,"Jan 30, 2022, 7:34:24 AM",Morning Ride,Ride,,2097,19.33,,,false,,,activities/8550923575.fit.gz,,,2097.0,2097.0,19334.3,12.194,9.22,73.0,74.0,101.8,118.4,29.1,0.0,,,,,,,,189.0,932.0,,8.0,,,,,,,,,,,,,,0.0,,1.0,,,,,,,,,,,,,,,,,,,,,,,,,,,0.0,9.22,0.0,,,,,,,,,,,,,,,,,,,,,""
7905098557,"Jan 30, 2022, 7:10:42 AM",Morning Run,Run,,1360,4.95,,,false,,,activities/8450339582.fit.gz,,,1360.0,1360.0,4958.4,5.313,3.646,17.0,12.0,134.8,145.8,5.8,0.0,,,91.0,81.0,,,,,465.0,,,,,,,,,,,,,,,,0.0,,1.0,4970.7,,,,,,,,,,,,,,,,,,,,,,,,,,0.0,3.646,0.0,,,,,,,,,,,,,,,,,,,,,""
7905098564,"Jan 26, 2022, 2:04:26 PM",Afternoon Run,Run,,3697,7.79,,,false,,,activities/8450339507.fit.gz,,,3697.0,2698.0,7794.0,6.208,2.889,5.0,1.0,38.6,41.2,7.2,0.0,,,101.0,80.0,,,,,670.0,,,,,,,,,,,,,,,,0.0,,1.0,7802.7,,,,,,,,,,,,,,,,,,,,,,,,,,0.0,2.108,0.0,,,,,,,,,,,,,,,,,,,,,""
7905098579,"Jan 23, 2022, 8:18:39 AM",Morning Run,Run,,713,1.99,,,false,,,activities/8450339509.fit.gz,,,713.0,595.0,1995.4,4.82,3.354,14.0,18.0,126.0,142.2,9.2,-0.2,,,87.0,82.0,,,,,185.0,,,,,,,,,,,,,,,,0.0,,1.0,2019.5,,,,,,,,,,,,,,,,,,,,,,,,,,0.0,2.799,0.0,,,,,,,,,,,,,,,,,,,,,""
7993355271,"Jan 23, 2022, 7:23:33 AM",Morning Ride,Ride,,2967,23.91,,,false,,,activities/8550923341.fit.gz,,,2967.0,2967.0,23913.7,17.555,8.06,67.0,70.0,122.4,145.8,5.5,0.0,,,,,,,,193.0,854.0,,8.0,,,,,,,,,,,,,,0.0,,1.0,,,,,,,,,,,,,,,,,,,,,,,,,,,0.0,8.06,0.0,,,,,,,,,,,,,,,,,,,,,""
7905098592,"Jan 23, 2022, 6:45:26 AM",Morning Run,Run,,1123,3.36,,,false,,,activities/8450339497.fit.gz,,,1123.0,1107.0,3361.0,4.217,3.036,18.0,22.0,264.8,282.2,22.6,-0.1,,,91.0,81.0,,,,,317.0,,,,,,,,,,,,,,,,0.0,,1.0,3394.1,,,,,,,,,,,,,,,,,,,,,,,,,,0.0,2.993,0.0,,,,,,,,,,,,,,,,,,,,,""
7905098542,"Jan 21, 2022, 2:07:10 PM",Afternoon Run,Run,,4339,10.69,,,false,,,activities/8450339479.fit.gz,,,4339.0,3419.0,10697.9,5.043,3.129,4.0,0.0,45.2,50.2,3.7,0.0,,,89.0,79.0,,,,,919.0,,,,,,,,,,,,,,,,0.0,,1.0,10707.4,,,,,,,,,,,,,,,,,,,,,,,,,,0.0,2.466,0.0,,,,,,,,,,,,,,,,,,,,,""
7905098673,"Jan 19, 2022, 2:05:04 PM",Afternoon Run,Run,,4416,10.53,,,false,,,activities/8450339432.fit.gz,,,4416.0,3615.0,10537.8,5.36,2.915,10.0,11.0,55.2,61.4,7.1,0.0,,,89.0,77.0,,,,,921.0,,,,,,,,,,,,,,,,0.0,,1.0,10543.4,,,,,,,,,,,,,,,,,,,,,,,,,,0.0,2.386,0.0,,,,,,,,,,,,,,,,,,,,,""
7993355103,"Jan 19, 2022, 7:05:08 AM",Morning Ride,Ride,,1801,0,,,false,,,activities/8550923270.fit.gz,,,1801.0,1801.0,0.0,0.0,0.0,0.0,0.0,58.4,63.6,0.0,0.0,,,,,,,,,,,11.0,,,,,,,,,,,,,,0.0,,1.0,,,,,,,,,,,,,,,,,,,,,,,,,,,0.0,0.0,0.0,,,,,,,,,,,,,,,,,,,,,""
7905098577,"Jan 17, 2022, 6:32:43 AM",Morning Weight Training,Weight Training,,2480,0,,,false,,,activities/8450339469.fit.gz,,,2480.0,2480.0,0.0,0.0,0.0,0.0,0.0,17.0,22.0,0.0,0.0,,,,,,,,,,,,,,,,,,,,,,,,,0.0,,1.0,,,,,,,,,,,,,,,,,,,,,,,,,,,0.0,0.0,0.0,,,,,,,,,,,,,,,,,,,,,""
7905098628,"Jan 16, 2022, 7:54:46 AM",Morning Run,Run,,691,2.36,,,false,,,activities/8450339371.fit.gz,,,691.0,691.0,2367.9,4.605,3.427,36.0,28.0,-29.8,-4.8,11.9,0.1,,,87.0,81.0,,,,,226.0,,,,,,,,,,,,,,,,0.0,,1.0,2429.7,,,,,,,,,,,,,,,,,,,,,,,,,,0.0,3.427,0.0,,,,,,,,,,,,,,,,,,,,,""
7993354930,"Jan 16, 2022, 6:48:13 AM",Morning Ride,Ride,,3647,31.03,,,false,,,activities/8550922938.fit.gz,,,3647.0,3647.0,31029.8,12.694,8.508,92.0,91.0,10.4,41.8,6.9,0.0,,,,,,,,167.0,1262.0,,6.0,,,,,,,,,,,,,,0.0,,1.0,,,,,,,,,,,,,,,,,,,,,,,,,,,0.0,8.508,0.0,,,,,,,,,,,,,,,,,,,,,""
7905098543,"Jan 16, 2022, 6:17:10 AM",Morning Run,Run,,1103,4.09,,,false,,,activities/8450339443.fit.gz,,,1103.0,1103.0,4090.7,10.607,3.709,42.0,40.0,-20.8,5.4,8.6,-0.1,,,88.0,82.0,,,,,382.0,,,,,,,,,,,,,,,,0.0,,1.0,4150.7,,,,,,,,,,,,,,,,,,,,,,,,,,0.0,3.709,0.0,,,,,,,,,,,,,,,,,,,,,""
7993354720,"Jan 15, 2022, 3:59:17 PM",Afternoon Ride,Ride,,3601,0,,,false,,,activities/8550922685.fit.gz,,,3601.0,3601.0,0.0,0.0,0.0,0.0,0.0,131.4,133.8,0.0,0.0,,,,,,,,,,,13.0,,,,,,,,,,,,,,0.0,,1.0,,,,,,,,,,,,,,,,,,,,,,,,,,,0.0,0.0,0.0,,,,,,,,,,,,,,,,,,,,,""
7905098526,"Jan 12, 2022, 2:24:26 PM",Afternoon Run,Run,,2463,6.51,,,false,,,activities/8450339407.fit.gz,,,2463.0,2132.0,6511.7,6.69,3.054,6.0,1.0,46.0,49.8,6.2,0.0,,,123.0,78.0,,,,,551.0,,,,,,,,,,,,,,,,0.0,,1.0,6525.0,,,,,,,,,,,,,,,,,,,,,,,,,,0.0,2.644,0.0,,,,,,,,,,,,,,,,,,,,,""
7993354511,"Jan 11, 2022, 10:22:28 AM",Lunch Ride,Ride,,4067,30.47,,,false,,,activities/8550922508.fit.gz,,,4067.0,4035.0,30474.1,10.8,7.552,119.0,122.0,31.8,90.8,3.9,0.0,,,,,,,,115.0,1192.0,,13.0,,,,,,,,,,,,,,0.0,,1.0,,,,,,,,,,,,,,,,,,,,,,,,,,,0.0,7.493,80.3,,,,,,,,,,,,,,,,,,,,,""
7993354361,"Jan 9, 2022, 6:16:07 AM",Morning Ride,Ride,,4856,41.79,,,false,,,activities/8550922369.fit.gz,,,4856.0,4856.0,41797.2,13.573,8.607,127.0,118.0,0.4,60.8,5.6,0.0,,,,,,,,164.0,1689.0,,11.0,,,,,,,,,,,,,,0.0,,1.0,,,,,,,,,,,,,,,,,,,,,,,,,,,0.0,8.607,0.0,,,,,,,,,,,,,,,,,,,,,""
7905098397,"Jan 7, 2022, 2:18:12 PM",Afternoon Run,Run,,2143,5.63,,,false,,,activities/8450339285.fit.gz,,,2143.0,1684.0,5638.2,5.044,3.348,3.0,0.0,41.2,43.2,3.0,0.0,,,96.0,80.0,,,,,523.0,,,,,,,,,,,,,,,,0.0,,1.0,5639.7,,,,,,,,,,,,,,,,,,,,,,,,,,0.0,2.631,0.0,,,,,,,,,,,,,,,,,,,,,""
7905098581,"Jan 5, 2022, 2:03:26 PM",Afternoon Run,Run,,3575,8.42,,,false,,,activities/8450339455.fit.gz,,,3575.0,2647.0,8427.1,5.911,3.184,7.0,0.0,41.0,43.8,5.1,0.0,,,91.0,78.0,,,,,719.0,,,,,,,,,,,,,,,,0.0,,1.0,8431.4,,,,,,,,,,,,,,,,,,,,,,,,,,0.0,2.357,0.0,,,,,,,,,,,,,,,,,,,,,""
7905098644,"Jan 4, 2022, 9:33:49 AM",Lunch Weight Training,Weight Training,,2624,0,,,false,,,activities/8450339384.fit.gz,,,2624.0,2624.0,0.0,0.0,0.0,0.0,0.0,92.6,98.0,0.0,0.0,,,,,,,,,,,,,,,,,,,,,,,,,0.0,,1.0,,,,,,,,,,,,,,,,,,,,,,,,,,,0.0,0.0,0.0,,,,,,,,,,,,,,,,,,,,,""
7905098419,"Dec 30, 2021, 6:30:43 AM",Morning Weight Training,Weight Training,,3309,0,,,false,,,activities/8450339259.fit.gz,,,3309.0,3309.0,0.0,0.0,0.0,0.0,0.0,129.6,144.6,0.0,0.0,,,,,,,,,,,,,,,,,,,,,,,,,0.0,,1.0,,,,,,,,,,,,,,,,,,,,,,,,,,,0.0,0.0,0.0,,,,,,,,,,,,,,,,,,,,,""
7905098247,"Dec 28, 2021, 1:22:39 PM",Afternoon Run,Run,,3230,7.27,,,false,,,activities/8450339171.fit.gz,,,3230.0,2434.0,7278.9,5.678,2.991,3.0,0.0,46.0,48.6,6.3,0.0,,,95.0,78.0,,,,,630.0,,,,,,,,,,,,,,,,0.0,,1.0,7282.6,,,,,,,,,,,,,,,,,,,,,,,,,,0.0,2.254,0.0,,,,,,,,,,,,,,,,,,,,,""
7905098257,"Dec 28, 2021, 7:56:52 AM",Morning Weight Training,Weight Training,,3481,0,,,false,,,activities/8450339212.fit.gz,,,3481.0,3481.0,0.0,0.0,0.0,0.0,0.0,136.8,143.2,0.0,0.0,,,,,,,,,,,,,,,,,,,,,,,,,0.0,,1.0,,,,,,,,,,,,,,,,,,,,,,,,,,,0.0,0.0,0.0,,,,,,,,,,,,,,,,,,,,,""
7905098263,"Dec 27, 2021, 2:13:43 PM",Afternoon Run,Run,,2496,6.13,,,false,,,activities/8450339164.fit.gz,,,2496.0,2496.0,6138.1,3.476,2.459,0.0,0.0,51.2,53.0,1.3,0.0,,,80.0,75.0,,,,,562.0,,,,,,,,,,,,,,,,0.0,,1.0,6142.6,,,,,,,,,,,,,,,,,,,,,,,,,,0.0,2.459,0.0,,,,,,,,,,,,,,,,,,,,,""
7905098266,"Dec 26, 2021, 5:15:07 AM",Morning Run,Run,,2588,9.73,,,false,,,activities/8450339207.fit.gz,,,2588.0,2588.0,9734.6,4.504,3.761,9.0,35.0,129.8,166.4,1.8,-0.3,,,88.0,83.0,,,,,912.0,,,,,,,,,,,,,,,,0.0,,1.0,9694.3,,,,,,,,,,,,,,,,,,,,,,,,,,0.0,3.761,0.0,,,,,,,,,,,,,,,,,,,,,""
7905098259,"Dec 22, 2021, 1:57:33 PM",Afternoon Run,Run,,4259,8.56,,,false,,,activities/8450339177.fit.gz,,,4259.0,2933.0,8566.1,4.391,2.921,0.0,1.0,40.6,43.4,3.3,0.0,,,86.0,78.0,,,,,753.0,,,,,,,,,,,,,,,,0.0,,1.0,8570.1,,,,,,,,,,,,,,,,,,,,,,,,,,0.0,2.011,0.0,,,,,,,,,,,,,,,,,,,,,""
7905098156,"Dec 18, 2021, 7:06:52 AM",Morning Run,Run,,1888,5.07,,,false,,,activities/8450339075.fit.gz,,,1888.0,1875.0,5071.5,4.332,2.705,0.0,0.0,44.6,46.0,1.7,0.0,,,87.0,79.0,,,,,452.0,,,,,,,,,,,,,,,,0.0,,1.0,5074.1,,,,,,,,,,,,,,,,,,,,,,,,,,0.0,2.686,0.0,,,,,,,,,,,,,,,,,,,,,""
7905098454,"Dec 15, 2021, 2:02:47 PM",Afternoon Run,Run,,3216,7.68,,,false,,,activities/8450339363.fit.gz,,,3216.0,2513.0,7685.0,5.889,3.058,3.0,0.0,42.2,45.2,5.8,0.0,,,111.0,80.0,,,,,688.0,,,,,,,,,,,,,,,,0.0,,1.0,7686.9,,,,,,,,,,,,,,,,,,,,,,,,,,0.0,2.39,0.0,,,,,,,,,,,,,,,,,,,,,""
7993354224,"Dec 12, 2021, 5:51:34 AM",Morning Ride,Ride,,13788,81.35,,,false,,,activities/8550922158.fit.gz,,,13788.0,11977.0,81351.5,17.964,6.792,893.0,860.0,-9.4,261.4,35.0,0.0,,,,,,,,131.0,3546.0,,14.0,,,,,,,,,,,,,,0.0,,1.0,,,,,,,,,,,,,,,,,,,,,,,,,,,0.0,5.9,169.6,,,,,,,,,,,,,,,,,,,,,""
7905098429,"Dec 11, 2021, 6:41:15 AM",Morning Run,Run,,3758,11.80,,,false,,,activities/8450339383.fit.gz,,,3758.0,3749.0,11807.8,4.076,3.15,31.0,30.0,-6.0,7.4,8.3,0.0,,,88.0,81.0,,,,,1109.0,,,,,,,,,,,,,,,,0.0,,1.0,11864.4,,,,,,,,,,,,,,,,,,,,,,,,,,0.0,3.142,0.0,,,,,,,,,,,,,,,,,,,,,""
7905098256,"Dec 9, 2021, 12:29:10 PM",Afternoon Run,Run,,5258,15.00,,,false,,,activities/8450339104.fit.gz,,,5258.0,4775.0,15003.3,4.035,3.142,27.0,33.0,35.6,43.2,28.0,0.0,,,85.0,80.0,,,,,1414.0,,,,,,,,,,,,,,,,0.0,,1.0,15020.4,,,,,,,,,,,,,,,,,,,,,,,,,,0.0,2.853,0.0,,,,,,,,,,,,,,,,,,,,,""
7905098057,"Dec 8, 2021, 1:50:35 PM",Afternoon Run,Run,,4678,10.00,,,false,,,activities/8450338980.fit.gz,,,4678.0,2987.0,10001.7,5.37,3.348,5.0,0.0,48.8,61.4,5.4,-0.1,,,91.0,80.0,,,,,871.0,,,,,,,,,,,,,,,,0.0,,1.0,9989.8,,,,,,,,,,,,,,,,,,,,,,,,,,0.0,2.138,0.0,,,,,,,,,,,,,,,,,,,,,""
7993354073,"Dec 7, 2021, 6:47:33 AM",Morning Ride,Ride,,7462,47.90,,,false,,,activities/8550921917.fit.gz,,,7462.0,7462.0,47902.1,19.705,6.419,507.0,493.0,8.4,272.0,24.8,0.0,,,,,,,,114.0,2061.0,,16.0,,,,,,,,,,,,,,0.0,,1.0,,,,,,,,,,,,,,,,,,,,,,,,,,,0.0,6.419,194.4,,,,,,,,,,,,,,,,,,,,,""
7993353800,"Dec 6, 2021, 11:56:10 AM",Afternoon Ride,Ride,,3676,24.07,,,false,,,activities/8550921594.fit.gz,,,3676.0,3643.0,24077.3,9.943,6.609,80.0,82.0,32.8,105.8,9.3,0.0,,,,,,,,83.0,859.0,,18.0,,,,,,,,,,,,,,0.0,,1.0,,,,,,,,,,,,,,,,,,,,,,,,,,,0.0,6.55,127.3,,,,,,,,,,,,,,,,,,,,,""
6345294271,"Dec 5, 2021, 8:01:14 AM",Morning Run,Run,,3074,10.92,188.0,162,false,,,activities/6744464373.fit.gz,,,3074.0,3074.0,10925.0,4.569,3.554,40.0,38.0,152.2,178.2,4.9,0.0,,,90.0,81.0,,181.0,,,918.0,,,162.0,,,,,,,,,,,,,0.0,,1.0,10961.4,,,,,,,,,,,,,,,,,,,,,,,,,,0.0,3.554,0.0,,,,,,,,,,,,,,,,,,,,,""
6345291638,"Dec 3, 2021, 2:14:13 PM",Afternoon Run,Run,,2475,8.00,179.0,70,false,,,activities/6744461536.fit.gz,,,2475.0,2475.0,8007.0,3.766,3.235,0.0,0.0,51.8,54.8,29.2,0.0,,,86.0,80.0,,164.0,,,663.0,,,70.0,,,,,,,,,,,,,0.0,,1.0,8013.8,,,,,,,,,,,,,,,,,,,,,,,,,,0.0,3.235,0.0,,,,,,,,,,,,,,,,,,,,,""
6345289259,"Dec 2, 2021, 6:20:28 AM",Morning Run,Run,,3036,8.01,163.0,26,false,,,activities/6744459127.fit.gz,,,3036.0,2979.0,8010.4,3.897,2.689,40.0,43.0,110.8,151.8,14.9,0.0,,,128.0,79.0,,145.0,,,628.0,,,26.0,,,,,,,,,,,,,0.0,,1.0,8061.3,,,,,,,,,,,,,,,,,,,,,,,,,,0.0,2.638,0.0,,,,,,,,,,,,,,,,,,,,,""
6345286640,"Dec 1, 2021, 1:41:32 PM",Afternoon Run,Run,,1099,3.83,182.0,37,false,,,activities/6744456414.fit.gz,,,1099.0,1099.0,3837.2,5.316,3.492,18.0,18.0,27.2,34.2,15.8,0.0,,,94.0,80.0,,170.0,,,299.0,,,37.0,,,,,,,,,,,,,0.0,,1.0,3865.5,,,,,,,,,,,,,,,,,,,,,,,,,,0.0,3.492,0.0,,,,,,,,,,,,,,,,,,,,,""
6345285210,"Dec 1, 2021, 1:09:55 PM",Afternoon Run,Run,,765,2.20,161.0,7,false,,,activities/6744454950.fit.gz,,,765.0,765.0,2208.6,3.307,2.887,7.0,6.0,113.8,118.0,7.5,0.0,,,84.0,79.0,,146.0,,,177.0,,,7.0,,,,,,,,,,,,,0.0,,1.0,2220.5,,,,,,,,,,,,,,,,,,,,,,,,,,0.0,2.887,0.0,,,,,,,,,,,,,,,,,,,,,""
7993353476,"Nov 30, 2021, 6:51:09 AM",Morning Ride,Ride,,4754,35.76,175.0,36,false,,,activities/8550921361.fit.gz,,,4754.0,4754.0,35768.3,12.307,7.524,119.0,126.0,6.8,81.8,5.4,0.0,,,,,,133.0,,118.0,789.0,,18.0,36.0,,,,,,,,,,,,,0.0,,1.0,,,,,,,,,,,,,,,,,,,,,,,,,,,0.0,7.524,120.9,,,,,,,,,,,,,,,,,,,,,""
6311824233,"Nov 27, 2021, 7:13:56 AM",Morning Run,Run,,1788,5.09,169.0,27,false,,,activities/6708527650.fit.gz,,,1788.0,1788.0,5096.4,3.331,2.85,11.0,7.0,77.4,88.0,5.9,0.1,,,84.0,77.0,,151.0,,,426.0,,,27.0,,,,,,,,,,,,,0.0,,1.0,5117.2,,,,,,,,,,,,,,,,,,,,,,,,,,0.0,2.85,169.7,,,,,,,,,,,,,,,,,,,,,""
6308495213,"Nov 26, 2021, 6:59:06 AM",Kayzer Ş.A ,Ride,"",6509,56.70,182.0,89,false,,,activities/6704930118.fit.gz,,,6509.0,6297.0,56705.5,15.854,9.005,313.0,320.0,29.4,168.8,12.5,0.0,,,,,,148.0,,193.0,1248.0,,18.0,89.0,,,,,,,,,,,0.0,,0.0,,1.0,,,,,,,,,,,,,,,,,,,,,,,,,,,0.0,8.712,95.1,,,,,,,,,,,,,,,,,,,,,""
6311823695,"Nov 25, 2021, 7:21:20 AM",Morning Run,Run,,3375,8.33,184.0,31,false,,,activities/6708527077.fit.gz,,,3375.0,2780.0,8332.1,5.737,2.997,5.0,1.0,39.6,49.8,11.3,0.1,,,97.0,75.0,,144.0,,,361.0,,,31.0,,,,,,,,,,,,,0.0,,1.0,8359.2,,,,,,,,,,,,,,,,,,,,,,,,,,0.0,2.469,0.0,,,,,,,,,,,,,,,,,,,,,""
6308495104,"Nov 24, 2021, 6:41:50 AM",Morning Ride,Ride,,4873,35.50,170.0,44,false,,,activities/6704929992.fit.gz,,,4873.0,4165.0,35505.7,11.532,8.525,108.0,112.0,39.6,99.0,6.9,0.0,,,,,,141.0,,156.0,828.0,,19.0,44.0,,,,,,,,,,,,,0.0,,1.0,,,,,,,,,,,,,,,,,,,,,,,,,,,0.0,7.286,190.2,,,,,,,,,,,,,,,,,,,,,""
6311822447,"Nov 23, 2021, 1:38:32 PM",Afternoon Run,Run,,4519,10.19,189.0,70,false,,,activities/6708525650.fit.gz,,,4519.0,3395.0,10197.9,5.082,3.004,11.0,5.0,38.6,42.0,5.8,0.0,,,90.0,79.0,,158.0,,,750.0,,,70.0,,,,,,,,,,,,,0.0,,1.0,10219.8,,,,,,,,,,,,,,,,,,,,,,,,,,0.0,2.257,0.0,,,,,,,,,,,,,,,,,,,,,""
6308495021,"Nov 22, 2021, 11:03:33 AM",Afternoon Ride,Ride,,5547,34.10,181.0,80,false,,,activities/6704929879.fit.gz,,,5547.0,5547.0,34103.3,19.68,6.148,643.0,644.0,2.6,185.8,15.5,0.0,,,,,,145.0,,154.0,1063.0,,18.0,80.0,,,,,,,,,,,,,0.0,,1.0,,,,,,,,,,,,,,,,,,,,,,,,,,,0.0,6.148,0.0,,,,,,,,,,,,,,,,,,,,,""
6311821351,"Nov 20, 2021, 6:46:34 AM",Morning Run,Run,,3401,10.00,181.0,90,false,,,activities/6708524508.fit.gz,,,3401.0,3324.0,10004.1,4.627,3.01,22.0,23.0,-1.2,14.2,5.4,-0.1,,,94.0,79.0,,163.0,,,868.0,,,90.0,,,,,,,,,,,,,0.0,,1.0,10015.9,,,,,,,,,,,,,,,,,,,,,,,,,,0.0,2.942,0.0,,,,,,,,,,,,,,,,,,,,,""
6270585213,"Nov 17, 2021, 3:03:40 PM",Afternoon Run,Run,,567,1.27,146.0,2,false,,,activities/6664269727.fit.gz,,,567.0,567.0,1270.9,2.531,2.241,0.0,0.0,40.6,41.8,3.4,0.0,,,81.0,78.0,,140.0,,,128.0,,,2.0,,,,,,,,,,,,,0.0,,1.0,1270.9,,,,,,,,,,,,,,,,,,,,,,,,,,0.0,2.241,0.0,,,,,,,,,,,,,,,,,,,,,""
6270584836,"Nov 17, 2021, 2:57:08 PM",Afternoon Run,Run,,228,1.01,188.0,11,false,,,activities/6664269283.fit.gz,,,228.0,228.0,1018.6,5.192,4.468,1.0,0.0,41.8,42.8,12.9,0.1,,,94.0,85.0,,180.0,,,66.0,,,11.0,,,,,,,,,,,,,0.0,,1.0,1020.3,,,,,,,,,,,,,,,,,,,,,,,,,,0.0,4.468,0.0,,,,,,,,,,,,,,,,,,,,,""
6270584398,"Nov 17, 2021, 2:43:20 PM",Afternoon Run,Run,,550,2.01,182.0,22,false,,,activities/6664268819.fit.gz,,,550.0,550.0,2018.0,4.223,3.669,0.0,0.0,38.4,39.4,8.0,0.0,,,86.0,82.0,,175.0,,,158.0,,,22.0,,,,,,,,,,,,,0.0,,1.0,2019.1,,,,,,,,,,,,,,,,,,,,,,,,,,0.0,3.669,0.0,,,,,,,,,,,,,,,,,,,,,""
6270584037,"Nov 17, 2021, 2:26:06 PM",Afternoon Run,Run,,819,3.02,181.0,30,false,,,activities/6664268452.fit.gz,,,819.0,819.0,3028.3,4.42,3.698,2.0,0.0,34.4,36.4,24.3,0.0,,,88.0,82.0,,172.0,,,227.0,,,30.0,,,,,,,,,,,,,0.0,,1.0,3032.9,,,,,,,,,,,,,,,,,,,,,,,,,,0.0,3.698,0.0,,,,,,,,,,,,,,,,,,,,,""
6270583472,"Nov 17, 2021, 2:01:06 PM",Afternoon Run,Run,,900,2.69,165.0,11,false,,,activities/6664267829.fit.gz,,,900.0,900.0,2693.2,3.895,2.992,1.0,0.0,78.4,80.0,8.0,0.0,,,91.0,80.0,,149.0,,,197.0,,,11.0,,,,,,,,,,,,,0.0,,1.0,2696.1,,,,,,,,,,,,,,,,,,,,,,,,,,0.0,2.992,0.0,,,,,,,,,,,,,,,,,,,,,""
6265480227,"Nov 16, 2021, 12:01:07 PM",Kayzer ev-kapı-Kayzer ev,Ride,"",5008,35.24,184.0,116,false,,,activities/6658834323.fit.gz,,,5008.0,5008.0,35246.7,19.492,7.038,663.0,652.0,-3.0,178.2,17.0,0.0,,,,,,157.0,,185.0,1174.0,,20.0,116.0,,,,,,,,,,,0.0,,0.0,,1.0,,,,,,,,,,,,,,,,,,,,,,,,,,,0.0,7.038,0.0,,,,,,,,,,,,,,,,,,,,,media/8157FAA4-68AB-45FE-B2CE-39EF9511CE5F.jpg|media/8A255B34-FF7E-4988-8C3D-E3CA09DBB491.jpg
6270582878,"Nov 14, 2021, 5:23:15 AM",Morning Run,Run,,2103,7.73,,,false,,,activities/6664267206.fit.gz,,,2103.0,2103.0,7733.5,4.199,3.677,7.0,26.0,136.8,167.2,1.4,-0.3,,,88.0,82.0,,,,,730.0,,,,,,,,,,,,,,,,0.0,,1.0,7699.9,,,,,,,,,,,,,,,,,,,,,,,,,,0.0,3.677,0.0,,,,,,,,,,,,,,,,,,,,,""
6246420620,"Nov 12, 2021, 7:05:09 AM",Kayzer Effect-S.A,Ride,"",6800,60.36,,,false,,,activities/6638428474.fit.gz,,,6800.0,6570.0,60367.0,15.417,9.188,335.0,333.0,34.8,178.4,4.0,0.0,,,,,,,,195.0,2646.0,,19.0,,,,,,,,,,,,0.0,,0.0,,1.0,,,,,,,,,,,,,,,,,,,,,,,,,,,0.0,8.877,70.8,,,,,,,,,,,,,,,,,,,,,""
6270581529,"Nov 8, 2021, 2:15:15 PM",Afternoon Activity,Weight Training,,4198,0,,,false,,,activities/6664265787.fit.gz,,,4198.0,4198.0,0.0,0.0,0.0,0.0,0.0,85.6,91.0,0.0,0.0,,,,,,,,,,,,,,,,,,,,,,,,,0.0,,1.0,,,,,,,,,,,,,,,,,,,,,,,,,,,0.0,0.0,0.0,,,,,,,,,,,,,,,,,,,,,""
6246420565,"Nov 7, 2021, 5:50:04 AM",Morning Ride,Ride,,9049,58.40,,,false,,,activities/6638428408.fit.gz,,,9049.0,8375.0,58407.3,16.042,6.974,489.0,493.0,59.2,290.8,22.9,0.0,,,,,,,,110.0,2474.0,,23.0,,,,,,,,,,,,,,0.0,,1.0,,,,,,,,,,,,,,,,,,,,,,,,,,,0.0,6.455,147.8,,,,,,,,,,,,,,,,,,,,,""
6224501753,"Nov 6, 2021, 6:43:46 AM",Morning Run,Run,,3872,11.18,,,false,,,activities/6615036187.fit.gz,,,3872.0,3872.0,11187.8,3.787,2.889,31.0,23.0,0.8,14.6,4.8,0.1,,,85.0,78.0,,,,,1063.0,,,,,,,,,,,,,,,,0.0,,1.0,11225.6,,,,,,,,,,,,,,,,,,,,,,,,,,0.0,2.889,0.0,,,,,,,,,,,,,,,,,,,,,""
6224499699,"Nov 5, 2021, 4:22:34 AM",Morning Run,Run,,1881,2.39,,,false,,,activities/6615034035.fit.gz,,,1881.0,1875.0,2398.1,1.449,1.279,3.0,1.0,82.6,87.6,2.9,0.1,,,61.0,50.0,,,,,160.0,,,,,,,,,,,,,,,,0.0,,1.0,2406.3,,,,,,,,,,,,,,,,,,,,,,,,,,0.0,1.275,162.7,,,,,,,,,,,,,,,,,,,,,""
6190401378,"Oct 31, 2021, 5:34:10 AM",Morning Ride,Ride,,7484,46.77,,,false,,,activities/6578508768.fit.gz,,,7484.0,6207.0,46775.7,17.184,7.536,207.0,204.0,26.8,112.6,9.0,0.0,,,,,,,,129.0,1804.0,,18.0,,,,,,,,,,,,,,0.0,,1.0,,,,,,,,,,,,,,,,,,,,,,,,,,,0.0,6.25,134.3,,,,,,,,,,,,,,,,,,,,,""
6185705841,"Oct 30, 2021, 5:45:33 AM",Aerobic 21.1,Run,"",3405,10.01,,,false,,,activities/6573483838.fit.gz,,,3405.0,3397.0,10010.6,4.026,2.947,24.0,21.0,-0.6,10.8,4.6,0.0,,,84.0,79.0,,,,,943.0,,,,,,,,,,,,,,0.0,,0.0,,1.0,10039.5,,,,,,,,,,,,,,,,,,,,,,,,,,0.0,2.94,0.0,,,,,,,,,,,,,,,,,,,,,""
6178792408,"Oct 28, 2021, 1:13:45 PM",Mr Kayzer Strength Session,Weight Training,"",4331,0,,,false,,,activities/6566113893.fit.gz,,,4331.0,4331.0,0.0,0.0,0.0,0.0,0.0,60.4,66.0,0.0,0.0,,,,,,,,,,,,,,,,,,,,,,,0.0,,0.0,,1.0,,,,,,,,,,,,,,,,,,,,,,,,,,,0.0,0.0,0.0,,,,,,,,,,,,,,,,,,,,,""
6172486587,"Oct 27, 2021, 5:00:22 AM",Gendi mahallemde da kaza adladacayık be gavvole,Ride,"",6138,44.65,,,false,,,activities/6559427491.fit.gz,,,6138.0,5616.0,44657.1,12.329,7.952,183.0,197.0,-4.2,88.4,14.7,0.0,,,,,,,,137.0,1750.0,,17.0,,,,,,,,,,,,0.0,,0.0,,1.0,,,,,,,,,,,,,,,,,,,,,,,,,,,0.0,7.276,135.8,,,,,,,,,,,,,,,,,,,,,media/5D51A750-31E7-41C6-9655-E1831320279A.jpg
6169660486,"Oct 26, 2021, 2:33:07 PM",Off Season 1.0,Run,"",1812,5.22,,,false,,,activities/6556441584.fit.gz,,,1812.0,1804.0,5224.5,3.456,2.896,0.0,0.0,34.2,35.8,1.2,0.0,,,81.0,78.0,,,,,488.0,,,,,,,,,,,,,,0.0,,0.0,,1.0,5225.4,,,,,,,,,,,,,,,,,,,,,,,,,,0.0,2.883,0.0,,,,,,,,,,,,,,,,,,,,,""
6165365783,"Oct 25, 2021, 3:12:25 PM",Strength sponsored by  ,Weight Training,"",3580,0,,,false,,,activities/6551897271.fit.gz,,,3580.0,3580.0,0.0,0.0,0.0,0.0,0.0,-28.8,-24.6,0.0,0.0,,,,,,,,,,,,,,,,,,,,,,,0.0,,0.0,,1.0,,,,,,,,,,,,,,,,,,,,,,,,,,,0.0,0.0,0.0,,,,,,,,,,,,,,,,,,,,,""
6172486628,"Oct 10, 2021, 4:56:48 AM",Morning Ride,Ride,,5791,50.68,,,false,,,activities/6559427453.fit.gz,,,5791.0,5650.0,50683.8,12.514,8.971,152.0,169.0,8.0,89.8,10.3,0.0,,,,,,,,179.0,2062.0,,20.0,,,,,,,,,,,,,,0.0,,1.0,,,,,,,,,,,,,,,,,,,,,,,,,,,0.0,8.752,0.0,,,,,,,,,,,,,,,,,,,,,""
6172486533,"Oct 8, 2021, 4:51:47 AM",Morning Ride,Ride,,13535,50.38,,,false,,,activities/6559427390.fit.gz,,,13535.0,7334.0,50386.2,10.093,6.87,157.0,159.0,8.6,107.6,6.1,0.0,,,,,,,,91.0,1717.0,,22.0,,,,,,,,,,,,,,0.0,,1.0,,,,,,,,,,,,,,,,,,,,,,,,,,,0.0,3.723,206.3,,,,,,,,,,,,,,,,,,,,,""
6078370763,"Oct 6, 2021, 5:05:02 AM",Morning Ride,Ride,,17706,54.32,,,false,,,activities/6459638488.fit.gz,,,17706.0,8126.0,54320.4,12.0,6.685,229.0,237.0,-5.8,95.6,42.3,0.0,,,,,,,,91.0,1864.0,,24.0,,,,,,,,,,,,,,0.0,,1.0,,,,,,,,,,,,,,,,,,,,,,,,,,,0.0,3.068,,,,,,,,,,,,,,,,,,,,,,""
6078370509,"Oct 4, 2021, 5:38:09 AM",Morning Ride,Ride,,3344,24.10,,,false,,,activities/6459638386.fit.gz,,,3344.0,3282.0,24101.3,10.0,7.343,77.0,81.0,32.4,94.6,5.0,0.0,,,,,,,,103.0,858.0,,23.0,,,,,,,,,,,,,,0.0,,1.0,,,,,,,,,,,,,,,,,,,,,,,,,,,0.0,7.207,,,,,,,,,,,,,,,,,,,,,,""
6078370314,"Sep 23, 2021, 3:15:05 PM",Evening Ride,Ride,,2233,10.29,,,false,,,activities/6459638309.fit.gz,,,2233.0,2148.0,10297.7,8.7,4.794,24.0,26.0,22.8,94.8,27.5,0.0,,,,,,,,46.0,345.0,,21.0,,,,,,,,,,,,,,0.0,,1.0,,,,,,,,,,,,,,,,,,,,,,,,,,,0.0,4.612,,,,,,,,,,,,,,,,,,,,,,""
6078370150,"Sep 17, 2021, 3:23:15 PM",Evening Ride,Ride,,2315,14.49,,,false,,,activities/6459638246.fit.gz,,,2315.0,2155.0,14496.7,12.2,6.727,53.0,49.0,100.8,146.6,5.6,0.0,,,,,,,,103.0,516.0,,23.0,,,,,,,,,,,,,,0.0,,1.0,,,,,,,,,,,,,,,,,,,,,,,,,,,0.0,6.262,,,,,,,,,,,,,,,,,,,,,,""
6078370104,"Sep 15, 2021, 2:13:41 PM",Afternoon Ride,Ride,,3275,24.11,,,false,,,activities/6459638171.fit.gz,,,3275.0,3142.0,24110.4,12.7,7.674,75.0,80.0,28.2,84.2,2.5,0.0,,,,,,,,117.0,882.0,,24.0,,,,,,,,,,,,,,0.0,,1.0,,,,,,,,,,,,,,,,,,,,,,,,,,,0.0,7.362,,,,,,,,,,,,,,,,,,,,,,""
6078369933,"Jul 27, 2021, 3:31:24 AM",Morning Ride,Ride,,3918,28.37,,,false,,,activities/6459638091.fit.gz,,,3918.0,3870.0,28369.1,11.5,7.331,88.0,93.0,24.6,91.2,3.1,0.0,,,,,,,,110.0,1042.0,,21.0,,,,,,,,,,,,,,0.0,,1.0,,,,,,,,,,,,,,,,,,,,,,,,,,,0.0,7.241,,,,,,,,,,,,,,,,,,,,,,""
6078369914,"Jul 25, 2021, 3:07:42 AM",Morning Ride,Ride,,7752,47.00,,,false,,,activities/6459638022.fit.gz,,,7752.0,6828.0,47005.6,12.8,6.884,131.0,146.0,38.4,99.4,4.2,0.0,,,,,,,,100.0,1563.0,,23.0,,,,,,,,,,,,,,0.0,,1.0,,,,,,,,,,,,,,,,,,,,,,,,,,,0.0,6.064,,,,,,,,,,,,,,,,,,,,,,""
6078369903,"Jul 23, 2021, 2:38:11 AM",Morning Ride,Ride,,12846,72.77,,,false,,,activities/6459637808.fit.gz,,,12846.0,11249.0,72769.7,16.5,6.469,660.0,669.0,54.6,281.4,48.9,0.0,,,,,,,,108.0,2678.0,,23.0,,,,,,,,,,,,,,0.0,,1.0,,,,,,,,,,,,,,,,,,,,,,,,,,,0.0,5.665,,,,,,,,,,,,,,,,,,,,,,""
6078369649,"Jul 21, 2021, 3:37:12 AM",Morning Ride,Ride,,7308,41.10,,,false,,,activities/6459637691.fit.gz,,,7308.0,7308.0,41101.4,15.6,5.624,796.0,801.0,-25.6,155.0,12.7,0.0,,,,,,,,131.0,1947.0,,24.0,,,,,,,,,,,,,,0.0,,1.0,,,,,,,,,,,,,,,,,,,,,,,,,,,0.0,5.624,,,,,,,,,,,,,,,,,,,,,,""
6078369495,"Jul 13, 2021, 3:16:20 AM",Morning Ride,Ride,,5020,33.69,,,false,,,activities/6459637590.fit.gz,,,5020.0,4509.0,33695.0,14.1,7.473,197.0,192.0,58.2,150.8,6.9,0.0,,,,,,,,138.0,1215.0,,20.0,,,,,,,,,,,,,,0.0,,1.0,,,,,,,,,,,,,,,,,,,,,,,,,,,0.0,6.712,,,,,,,,,,,,,,,,,,,,,,""
6078369432,"Jul 4, 2021, 3:06:24 AM",Morning Ride,Ride,,9193,64.61,,,false,,,activities/6459637510.fit.gz,,,9193.0,8596.0,64610.6,14.0,7.516,251.0,248.0,4.4,133.8,7.2,0.0,,,,,,,,116.0,2340.0,,22.0,,,,,,,,,,,,,,0.0,,1.0,,,,,,,,,,,,,,,,,,,,,,,,,,,0.0,7.028,,,,,,,,,,,,,,,,,,,,,,""
6078369257,"Jun 28, 2021, 4:01:13 AM",Morning Ride,Ride,,2336,15.02,,,false,,,activities/6459637398.fit.gz,,,2336.0,2336.0,15023.2,10.3,6.431,59.0,66.0,83.2,123.8,5.6,0.0,,,,,,,,80.0,501.0,,26.0,,,,,,,,,,,,,,0.0,,1.0,,,,,,,,,,,,,,,,,,,,,,,,,,,0.0,6.431,,,,,,,,,,,,,,,,,,,,,,""
6163960049,"Jun 27, 2021, 4:35:02 AM",Morning Ride,Ride,,727372,0.02,,,false,,,activities/6550403782.fit.gz,,,727372.0,1.0,19.9,0.0,19.92,0.0,0.0,5.6,105.0,0.0,499.0,,,,,,,,0.0,1.0,,,,,,,,,,,,,,,,0.0,,1.0,,,,,,,,,,,,,,,,,,,,,,,,,,,0.0,0.0,0.0,,,,,,,,,,,,,,,,,,,,,""
6078369158,"Jun 27, 2021, 4:12:39 AM",Morning Ride,Ride,,2076,20.18,,,false,,,activities/6459637288.fit.gz,,,2076.0,2076.0,20183.2,13.1,9.722,75.0,73.0,-31.4,-3.4,23.3,0.0,,,,,,,,225.0,933.0,,24.0,,,,,,,,,,,,,,0.0,,1.0,,,,,,,,,,,,,,,,,,,,,,,,,,,0.0,9.722,,,,,,,,,,,,,,,,,,,,,,""
6163960045,"Jun 27, 2021, 4:11:14 AM",Morning Activity,Workout,,1427,13.24,,,false,,,activities/6550403775.fit.gz,,,1427.0,1427.0,13242.2,14.257,9.28,125.0,66.0,-315.2,26.4,26.6,0.2,,,89.0,61.0,,,,,713.0,,,,,,,,,,,,,,,,0.0,,1.0,,,,,,,,,,,,,,,,,,,,,,,,,,,0.0,9.28,0.0,,,,,,,,,,,,,,,,,,,,,""
6163960026,"Jun 27, 2021, 3:59:42 AM",Morning Swim,Swim,,691,806,,,false,,,activities/6550403667.fit.gz,,,691.0,691.0,806.1,1.34,1.167,0.0,80.0,-60.4,-60.4,0.0,0.0,,,31.0,28.0,,,,,219.0,,,,,,,,,,,,,,,,0.0,,1.0,,,,,,,,,,,,,,,,,,,,,,,,,,,0.0,1.167,0.0,,,,,,,,,,,,,,,,,,,,,""
6163959953,"Jun 25, 2021, 4:14:29 AM",Morning Swim,Swim,,844,812,,,false,,,activities/6550403571.fit.gz,,,844.0,844.0,812.0,1.107,0.962,0.0,57.0,-0.2,0.2,0.0,0.0,,,26.0,23.0,,,,,218.0,,,,,,,,,,,,,,,,0.0,,1.0,,,,,,,,,,,,,,,,,,,,,,,,,,,0.0,0.962,0.0,,,,,,,,,,,,,,,,,,,,,""
6078369162,"Jun 24, 2021, 3:38:22 AM",Morning Ride,Ride,,5696,32.98,,,false,,,activities/6459637208.fit.gz,,,5696.0,5696.0,32979.2,9.8,5.79,175.0,175.0,40.8,140.6,17.6,0.0,,,,,,,,73.0,1080.0,,22.0,,,,,,,,,,,,,,0.0,,1.0,,,,,,,,,,,,,,,,,,,,,,,,,,,0.0,5.79,,,,,,,,,,,,,,,,,,,,,,""
5511882259,"Jun 22, 2021, 4:46:55 AM",Morning Run,Run,,865,2.75,,,false,,,activities/5866837710.fit.gz,,,865.0,857.0,2757.6,4.7,3.218,32.0,32.0,0.0,24.8,8.9,0.0,,,87.0,79.0,,,,,275.0,,,,,,,,,,,,,,,,0.0,,1.0,2807.8,,,,,,,,,,,,,,,,,,,,,,,,,,,,,,,,,,,,,,,,,,,,,,,,,""
6078369033,"Jun 22, 2021, 4:06:28 AM",Morning Ride,Ride,,2083,20.30,,,false,,,activities/6459637120.fit.gz,,,2083.0,2083.0,20308.9,13.2,9.75,85.0,77.0,2.0,16.2,5.5,0.0,,,,,,,,231.0,908.0,,20.0,,,,,,,,,,,,,,0.0,,1.0,,,,,,,,,,,,,,,,,,,,,,,,,,,0.0,9.75,,,,,,,,,,,,,,,,,,,,,,""
5511882219,"Jun 22, 2021, 3:44:42 AM",Morning Swim,Swim,,710,796,,,false,,,activities/5866837642.fit.gz,,,710.0,710.0,795.5,1.3,1.12,0.0,0.0,-0.5,0.2,0.0,-0.1,,,30.0,28.0,,,,,216.0,,,,,,,,,,,,,,,,0.0,,1.0,,,,,,,,,,,,,,,,,,,,,,,,,,,,,,,,,,,,,,,,,,,,,,,,,,""
5511882063,"Jun 21, 2021, 4:11:04 AM",Morning Swim,Swim,,2264,"1,743",,,false,,,activities/5866837565.fit.gz,,,2264.0,1989.0,1742.7,1.1,0.876,0.0,48.0,0.0,0.2,0.0,0.0,,,31.0,24.0,,,,,466.0,,,,,,,,,,,,,,,,0.0,,1.0,,,,,,,,,,,,,,,,,,,,,,,,,,,,,,,,,,,,,,,,,,,,,,,,,,""
6078368982,"Jun 20, 2021, 4:12:39 AM",Morning Ride,Ride,,2023,20.30,,,false,,,activities/6459637047.fit.gz,,,2023.0,2023.0,20302.5,13.7,10.036,79.0,76.0,-0.8,13.6,7.7,0.0,,,,,,,,249.0,896.0,,21.0,,,,,,,,,,,,,,0.0,,1.0,,,,,,,,,,,,,,,,,,,,,,,,,,,0.0,10.036,,,,,,,,,,,,,,,,,,,,,,""
6078368886,"Jun 17, 2021, 4:12:21 AM",Morning Ride,Ride,,2369,13.98,,,false,,,activities/6459636991.fit.gz,,,2369.0,2352.0,13986.2,8.6,5.947,35.0,40.0,-1.0,12.0,6.2,0.0,,,,,,,,68.0,439.0,,20.0,,,,,,,,,,,,,,0.0,,1.0,,,,,,,,,,,,,,,,,,,,,,,,,,,0.0,5.904,,,,,,,,,,,,,,,,,,,,,,""
5511882024,"Jun 17, 2021, 3:44:33 AM",Morning Run,Run,,1325,3.96,,,false,,,activities/5866837496.fit.gz,,,1325.0,1318.0,3959.1,4.3,3.004,41.0,44.0,8.0,31.8,8.4,0.0,,,86.0,77.0,,,,,398.0,,,,,,,,,,,,,,,,0.0,,1.0,4024.1,,,,,,,,,,,,,,,,,,,,,,,,,,,,,,,,,,,,,,,,,,,,,,,,,""
6078368949,"Jun 16, 2021, 4:12:16 AM",Morning Ride,Ride,,2909,22.71,,,false,,,activities/6459636923.fit.gz,,,2909.0,2768.0,22710.8,13.2,8.205,59.0,53.0,-0.6,20.4,6.3,0.0,,,,,,,,165.0,871.0,,20.0,,,,,,,,,,,,,,0.0,,1.0,,,,,,,,,,,,,,,,,,,,,,,,,,,0.0,7.807,,,,,,,,,,,,,,,,,,,,,,""
5511882017,"Jun 16, 2021, 3:40:55 AM",Morning Swim,Swim,,1082,"1,244",,,false,,,activities/5866837404.fit.gz,,,1082.0,1082.0,1244.4,1.5,1.15,0.0,52.0,0.0,0.1,0.1,0.0,,,31.0,27.0,,,,,339.0,,,,,,,,,,,,,,,,0.0,,1.0,,,,,,,,,,,,,,,,,,,,,,,,,,,,,,,,,,,,,,,,,,,,,,,,,,""
5511881979,"Jun 15, 2021, 3:39:25 PM",Evening Run,Run,,2706,6.80,,,false,,,activities/5866837352.fit.gz,,,2706.0,2706.0,6800.4,3.2,2.513,6.0,4.0,50.4,54.2,2.7,0.0,,,82.0,76.0,,,,,713.0,,,,,,,,,,,,,,,,0.0,,1.0,6810.7,,,,,,,,,,,,,,,,,,,,,,,,,,,,,,,,,,,,,,,,,,,,,,,,,""
5511881849,"Jun 14, 2021, 4:10:37 AM",Morning Swim,Swim,,2875,"2,331",,,false,,,activities/5866837283.fit.gz,,,2875.0,2754.0,2330.8,1.1,0.846,0.0,86.0,0.0,0.2,0.2,0.0,,,28.0,22.0,,,,,621.0,,,,,,,,,,,,,,,,0.0,,1.0,,,,,,,,,,,,,,,,,,,,,,,,,,,,,,,,,,,,,,,,,,,,,,,,,,""
5511881970,"Jun 13, 2021, 4:21:34 AM",Morning Run,Run,,3113,10.38,,,false,,,activities/5866837182.fit.gz,,,3113.0,3113.0,10388.5,4.1,3.337,40.0,40.0,150.6,175.6,4.6,0.0,,,87.0,82.0,,,,,1064.0,,,,,,,,,,,,,,,,0.0,,1.0,10422.0,,,,,,,,,,,,,,,,,,,,,,,,,,,,,,,,,,,,,,,,,,,,,,,,,""
6078368894,"Jun 11, 2021, 4:11:37 AM",Morning Ride,Ride,,2739,26.42,,,false,,,activities/6459636873.fit.gz,,,2739.0,2739.0,26428.0,13.3,9.649,67.0,64.0,1.0,23.6,5.5,0.0,,,,,,,,216.0,1106.0,,20.0,,,,,,,,,,,,,,0.0,,1.0,,,,,,,,,,,,,,,,,,,,,,,,,,,0.0,9.649,,,,,,,,,,,,,,,,,,,,,,""
5511881747,"Jun 11, 2021, 3:41:27 AM",Morning Swim,Swim,,908,997,,,false,,,activities/5866837115.fit.gz,,,908.0,908.0,996.6,1.6,1.098,0.0,48.0,0.0,0.0,0.0,0.0,,,28.0,26.0,,,,,270.0,,,,,,,,,,,,,,,,0.0,,1.0,,,,,,,,,,,,,,,,,,,,,,,,,,,,,,,,,,,,,,,,,,,,,,,,,,""
5511881878,"Jun 10, 2021, 2:39:13 PM",Afternoon Run,Run,,5188,8.45,,,false,,,activities/5866837036.fit.gz,,,5188.0,2720.0,8451.9,5.2,3.107,31.0,31.0,39.6,49.6,19.8,0.0,,,93.0,78.0,,,,,777.0,,,,,,,,,,,,,,,,0.0,,1.0,8500.5,,,,,,,,,,,,,,,,,,,,,,,,,,,,,,,,,,,,,,,,,,,,,,,,,""
5511881892,"Jun 10, 2021, 4:10:17 AM",Morning Swim,Swim,,2888,"2,541",,,false,,,activities/5866836928.fit.gz,,,2888.0,2811.0,2540.7,1.2,0.904,0.0,62.0,-0.7,0.2,0.1,0.0,,,25.0,23.0,,,,,681.0,,,,,,,,,,,,,,,,0.0,,1.0,,,,,,,,,,,,,,,,,,,,,,,,,,,,,,,,,,,,,,,,,,,,,,,,,,""
5511881324,"Jun 9, 2021, 2:34:22 PM",Afternoon Run,Run,,4875,9.21,,,false,,,activities/5866836810.fit.gz,,,4875.0,3412.0,9218.9,4.7,2.702,15.0,12.0,31.4,36.4,5.4,0.0,,,86.0,77.0,,,,,887.0,,,,,,,,,,,,,,,,0.0,,1.0,9246.5,,,,,,,,,,,,,,,,,,,,,,,,,,,,,,,,,,,,,,,,,,,,,,,,,""
5511881828,"Jun 9, 2021, 4:32:10 AM",Morning Swim,Swim,,899,887,,,false,,,activities/5866836703.fit.gz,,,899.0,899.0,886.5,1.3,0.986,0.0,0.0,0.0,0.2,0.3,0.0,,,29.0,26.0,,,,,239.0,,,,,,,,,,,,,,,,0.0,,1.0,,,,,,,,,,,,,,,,,,,,,,,,,,,,,,,,,,,,,,,,,,,,,,,,,,""
5511881179,"Jun 9, 2021, 4:09:08 AM",Morning Swim,Swim,,901,992,,,false,,,activities/5866836584.fit.gz,,,901.0,901.0,992.1,1.5,1.101,0.0,46.0,0.0,0.2,0.0,0.0,,,28.0,26.0,,,,,269.0,,,,,,,,,,,,,,,,0.0,,1.0,,,,,,,,,,,,,,,,,,,,,,,,,,,,,,,,,,,,,,,,,,,,,,,,,,""
6078368686,"Jun 8, 2021, 3:34:30 AM",Morning Ride,Ride,,2738,25.89,,,false,,,activities/6459636709.fit.gz,,,2738.0,2738.0,25897.8,13.0,9.459,90.0,95.0,32.6,95.6,2.3,0.0,,,,,,,,203.0,1041.0,,16.0,,,,,,,,,,,,,,0.0,,1.0,,,,,,,,,,,,,,,,,,,,,,,,,,,0.0,9.459,,,,,,,,,,,,,,,,,,,,,,""
5511881490,"Jun 6, 2021, 5:11:15 AM",Morning Run,Run,,1437,5.00,,,false,,,activities/5866836699.fit.gz,,,1437.0,1437.0,5001.6,7.3,3.481,56.0,50.0,11.8,40.2,10.2,0.0,,,101.0,81.0,,,,,508.0,,,,,,,,,,,,,,,,0.0,,1.0,5092.0,,,,,,,,,,,,,,,,,,,,,,,,,,,,,,,,,,,,,,,,,,,,,,,,,""
5511881429,"Jun 6, 2021, 5:10:45 AM",Morning Activity,Workout,,29,0.03,,,false,,,activities/5866836677.fit.gz,,,29.0,29.0,36.2,2.7,1.248,0.0,0.0,13.0,20.8,-2.2,-21.5,,,89.0,83.0,,,,,3.0,,,,,,,,,,,,,,,,0.0,,1.0,,,,,,,,,,,,,,,,,,,,,,,,,,,,,,,,,,,,,,,,,,,,,,,,,,""
5511881645,"Jun 6, 2021, 4:35:39 AM",Morning Ride,Ride,,2101,19.64,,,false,,,activities/5866836664.fit.gz,,,2101.0,2101.0,19643.9,17.7,9.35,200.0,203.0,11.6,50.6,40.6,0.0,,,,,,,,248.0,1073.0,,,,,,,,,,,,,,,,0.0,,1.0,,,,,,,,,,,,,,,,,,,,,,,,,,,,,,,,,,,,,,,,,,,,,,,,,,""
6078368614,"Jun 6, 2021, 4:35:25 AM",Morning Ride,Ride,,2128,19.72,,,false,,,activities/6459636575.fit.gz,,,2128.0,2128.0,19728.8,17.8,9.271,225.0,223.0,-1.8,37.0,15.4,0.0,,,,,,,,247.0,930.0,,23.0,,,,,,,,,,,,,,0.0,,1.0,,,,,,,,,,,,,,,,,,,,,,,,,,,0.0,9.271,,,,,,,,,,,,,,,,,,,,,,""
5511881058,"Jun 6, 2021, 4:33:49 AM",Morning Activity,Workout,,109,0.19,,,false,,,activities/5866836650.fit.gz,,,109.0,88.0,193.2,4.0,2.195,245.0,0.0,-365.2,16.0,33.9,55.6,,,85.0,72.0,,,,,18.0,,,,,,,,,,,,,,,,0.0,,1.0,,,,,,,,,,,,,,,,,,,,,,,,,,,,,,,,,,,,,,,,,,,,,,,,,,""
5511881053,"Jun 6, 2021, 4:23:17 AM",Morning Swim,Swim,,632,746,,,false,,,activities/5866836458.fit.gz,,,632.0,632.0,745.5,1.9,1.18,0.0,31.0,-233.8,-233.8,0.0,0.0,,,27.0,25.0,,,,,202.0,,,,,,,,,,,,,,,,0.0,,1.0,,,,,,,,,,,,,,,,,,,,,,,,,,,,,,,,,,,,,,,,,,,,,,,,,,""
5511880905,"Jun 3, 2021, 4:26:00 AM",Morning Run,Run,,1476,3.95,,,false,,,activities/5866836256.fit.gz,,,1476.0,1476.0,3957.7,4.0,2.681,13.0,13.0,85.2,98.8,3.3,0.0,,,98.0,80.0,,,,,409.0,,,,,,,,,,,,,,,,0.0,,1.0,3966.4,,,,,,,,,,,,,,,,,,,,,,,,,,,,,,,,,,,,,,,,,,,,,,,,,""
6078368462,"Jun 3, 2021, 3:36:28 AM",Morning Ride,Ride,,2666,24.94,,,false,,,activities/6459636413.fit.gz,,,2666.0,2666.0,24948.3,12.8,9.358,80.0,88.0,58.0,113.8,19.2,0.0,,,,,,,,201.0,981.0,,16.0,,,,,,,,,,,,,,0.0,,1.0,,,,,,,,,,,,,,,,,,,,,,,,,,,0.0,9.358,,,,,,,,,,,,,,,,,,,,,,""
6078368328,"Jun 2, 2021, 4:08:53 AM",Morning Ride,Ride,,3189,19.95,,,false,,,activities/6459636363.fit.gz,,,3189.0,1962.0,19949.3,14.2,10.168,47.0,51.0,0.4,23.6,6.3,0.0,,,,,,,,264.0,817.0,,20.0,,,,,,,,,,,,,,0.0,,1.0,,,,,,,,,,,,,,,,,,,,,,,,,,,0.0,6.256,,,,,,,,,,,,,,,,,,,,,,""
5511880950,"Jun 2, 2021, 3:45:54 AM",Morning Swim,Swim,,721,814,,,false,,,activities/5866836159.fit.gz,,,721.0,721.0,813.9,1.7,1.129,0.0,38.0,0.0,0.1,0.0,0.0,,,27.0,25.0,,,,,221.0,,,,,,,,,,,,,,,,0.0,,1.0,,,,,,,,,,,,,,,,,,,,,,,,,,,,,,,,,,,,,,,,,,,,,,,,,,""
5511880780,"Jun 1, 2021, 4:05:34 AM",Morning Run,Run,,1260,3.98,,,false,,,activities/5866836124.fit.gz,,,1260.0,1260.0,3988.8,4.6,3.166,43.0,45.0,9.8,36.4,12.5,0.0,,,88.0,80.0,,,,,406.0,,,,,,,,,,,,,,,,0.0,,1.0,4057.6,,,,,,,,,,,,,,,,,,,,,,,,,,,,,,,,,,,,,,,,,,,,,,,,,""
5511880791,"Jun 1, 2021, 3:47:24 AM",Morning Swim,Swim,,737,804,,,false,,,activities/5866835996.fit.gz,,,737.0,737.0,803.8,1.5,1.091,0.0,0.0,0.0,0.2,0.1,0.0,,,28.0,26.0,,,,,218.0,,,,,,,,,,,,,,,,0.0,,1.0,,,,,,,,,,,,,,,,,,,,,,,,,,,,,,,,,,,,,,,,,,,,,,,,,,""
5511880708,"May 30, 2021, 3:52:05 AM",Morning Swim,Swim,,907,999,,,false,,,activities/5866835880.fit.gz,,,907.0,907.0,999.2,1.6,1.102,0.0,52.0,0.0,0.0,0.0,0.0,,,28.0,25.0,,,,,271.0,,,,,,,,,,,,,,,,0.0,,1.0,,,,,,,,,,,,,,,,,,,,,,,,,,,,,,,,,,,,,,,,,,,,,,,,,,""
5511880519,"May 29, 2021, 3:26:42 AM",Morning Run,Run,,6442,12.76,,,false,,,activities/5866835799.fit.gz,,,6442.0,6160.0,12759.8,3.9,2.071,148.0,148.0,67.0,120.6,15.7,0.0,,,121.0,67.0,,,,,1152.0,,,,,,,,,,,,,,,,0.0,,1.0,13089.3,,,,,,,,,,,,,,,,,,,,,,,,,,,,,,,,,,,,,,,,,,,,,,,,,""
5511880344,"May 28, 2021, 3:35:49 AM",Morning Swim,Swim,,1832,"1,701",,,false,,,activities/5866835737.fit.gz,,,1832.0,1832.0,1700.5,1.4,0.928,0.0,67.0,0.0,0.1,0.0,0.0,,,26.0,24.0,,,,,457.0,,,,,,,,,,,,,,,,0.0,,1.0,,,,,,,,,,,,,,,,,,,,,,,,,,,,,,,,,,,,,,,,,,,,,,,,,,""
5511880754,"May 27, 2021, 3:07:43 PM",Evening Run,Run,,4931,6.79,,,false,,,activities/5866835656.fit.gz,,,4931.0,2454.0,6794.2,5.3,2.769,6.0,4.0,42.6,47.8,3.4,0.0,,,91.0,79.0,,,,,639.0,,,,,,,,,,,,,,,,0.0,,1.0,6796.9,,,,,,,,,,,,,,,,,,,,,,,,,,,,,,,,,,,,,,,,,,,,,,,,,""
6078368187,"May 26, 2021, 3:21:58 PM",Evening Ride,Ride,,3486,22.90,,,false,,,activities/6459636272.fit.gz,,,3486.0,3486.0,22908.4,11.5,6.572,67.0,66.0,-9.8,55.2,27.3,0.0,,,,,,,,94.0,822.0,,23.0,,,,,,,,,,,,,,0.0,,1.0,,,,,,,,,,,,,,,,,,,,,,,,,,,0.0,6.572,,,,,,,,,,,,,,,,,,,,,,""
5359192721,"May 26, 2021, 3:40:07 AM",Morning Swim,Swim,,3860,"3,437",,,false,,,activities/5707582783.fit.gz,,,3860.0,3764.0,3437.3,8.9,0.913,0.0,44.0,0.0,3.7,1.8,0.0,,,26.0,23.0,,,,,942.0,,,,,,,,,,,,,,,,0.0,,1.0,,,,,,,,,,,,,,,,,,,,,,,,,,,,,,,,,,,,,,,,,,,,,,,,,,""
5359192523,"May 25, 2021, 2:05:56 PM",Afternoon Run,Run,,6706,11.22,,,false,,,activities/5707582592.fit.gz,,,6706.0,3198.0,11228.1,5.3,3.511,7.0,2.0,30.2,33.6,3.8,0.0,,,88.0,81.0,,,,,1099.0,,,,,,,,,,,,,,,,0.0,,1.0,11234.3,,,,,,,,,,,,,,,,,,,,,,,,,,,,,,,,,,,,,,,,,,,,,,,,,""
5359191683,"May 25, 2021, 3:40:29 AM",Morning Swim,Swim,,2937,"2,441",,,false,,,activities/5707581747.fit.gz,,,2937.0,2160.0,2441.3,1.5,1.13,0.0,0.0,-0.5,0.2,0.3,0.0,,,32.0,28.0,,,,,664.0,,,,,,,,,,,,,,,,0.0,,1.0,,,,,,,,,,,,,,,,,,,,,,,,,,,,,,,,,,,,,,,,,,,,,,,,,,""
6078368084,"May 24, 2021, 3:09:25 PM",Evening Ride,Ride,,4782,40.27,,,false,,,activities/6459636148.fit.gz,,,4782.0,4782.0,40275.2,13.6,8.422,100.0,110.0,22.4,56.2,2.5,0.0,,,,,,,,158.0,1612.0,,25.0,,,,,,,,,,,,,,0.0,,1.0,,,,,,,,,,,,,,,,,,,,,,,,,,,0.0,8.422,,,,,,,,,,,,,,,,,,,,,,""
5359191575,"May 23, 2021, 6:15:19 AM",Morning Swim,Swim,,3270,"2,542",,,false,,,activities/5707581631.fit.gz,,,3270.0,3107.0,2541.9,1.1,0.818,0.0,0.1,0.0,0.2,0.1,0.0,,,25.0,23.0,,,,,678.0,,,,,,,,,,,,,,,,0.0,,1.0,,,,,,,,,,,,,,,,,,,,,,,,,,,,,,,,,,,,,,,,,,,,,,,,,,""
5338041297,"May 22, 2021, 5:25:34 AM",Morning Run,Run,,1671,5.81,,,false,,,activities/5685543088.fit.gz,,,1671.0,1671.0,5815.2,4.4,3.48,0.0,5.0,19.8,23.0,1.1,0.0,,,88.0,82.0,,,,,602.0,,,,,,,,,,,,,,,,0.0,,1.0,5818.3,,,,,,,,,,,,,,,,,,,,,,,,,,,,,,,,,,,,,,,,,,,,,,,,,""
5338041298,"May 22, 2021, 5:25:19 AM",Morning Activity,Workout,,12,0.00,,,false,,,activities/5685543049.fit.gz,,,12.0,12.0,8.3,0.7,0.692,0.0,0.0,20.6,22.0,4.8,-12.0,,,,,,,,,,,,,,,,,,,,,,,,,0.0,,1.0,,,,,,,,,,,,,,,,,,,,,,,,,,,,,,,,,,,,,,,,,,,,,,,,,,""
5338041239,"May 22, 2021, 4:54:29 AM",Morning Ride,Ride,,1849,18.70,,,false,,,activities/5685543038.fit.gz,,,1849.0,1849.0,18703.9,11.9,10.116,41.0,42.0,21.4,37.4,5.4,0.0,,,,,,,,242.0,987.0,,,,,,,,,,,,,,,,0.0,,1.0,,,,,,,,,,,,,,,,,,,,,,,,,,,,,,,,,,,,,,,,,,,,,,,,,,""
5338041204,"May 22, 2021, 4:52:42 AM",Morning Activity,Workout,,106,0.22,,,false,,,activities/5685543017.fit.gz,,,106.0,106.0,222.5,4.2,2.099,275.0,0.0,-404.4,30.8,27.6,73.1,,,83.0,73.0,,,,,20.0,,,,,,,,,,,,,,,,0.0,,1.0,,,,,,,,,,,,,,,,,,,,,,,,,,,,,,,,,,,,,,,,,,,,,,,,,,""
5338041134,"May 22, 2021, 4:37:57 AM",Morning Swim,Swim,,884,923,,,false,,,activities/5685542868.fit.gz,,,884.0,884.0,923.3,1.3,1.044,0.0,47.0,-247.2,-247.2,0.0,0.0,,,29.0,26.0,,,,,249.0,,,,,,,,,,,,,,,,0.0,,1.0,,,,,,,,,,,,,,,,,,,,,,,,,,,,,,,,,,,,,,,,,,,,,,,,,,""
5338038739,"May 21, 2021, 6:15:50 AM",Morning Swim,Swim,,622,538,,,false,,,activities/5685540295.fit.gz,,,622.0,622.0,538.3,1.2,0.865,0.0,43.0,0.0,1.0,0.0,-0.2,,,25.0,22.0,,,,,143.0,,,,,,,,,,,,,,,,0.0,,1.0,,,,,,,,,,,,,,,,,,,,,,,,,,,,,,,,,,,,,,,,,,,,,,,,,,""
6078367951,"May 20, 2021, 3:36:24 PM",Evening Ride,Ride,,1874,14.93,,,false,,,activities/6459636106.fit.gz,,,1874.0,1874.0,14938.1,11.6,7.971,17.0,19.0,-53.2,-5.4,17.3,0.0,,,,,,,,129.0,584.0,,21.0,,,,,,,,,,,,,,0.0,,1.0,,,,,,,,,,,,,,,,,,,,,,,,,,,0.0,7.971,,,,,,,,,,,,,,,,,,,,,,""
6078368002,"May 19, 2021, 3:19:54 PM",Evening Ride,Ride,,3260,24.08,,,false,,,activities/6459635952.fit.gz,,,3260.0,3182.0,24083.3,11.6,7.569,77.0,83.0,34.2,95.4,30.1,0.0,,,,,,,,119.0,871.0,,21.0,,,,,,,,,,,,,,0.0,,1.0,,,,,,,,,,,,,,,,,,,,,,,,,,,0.0,7.388,,,,,,,,,,,,,,,,,,,,,,""
5338038620,"May 18, 2021, 4:09:49 AM",Morning Run,Run,,1474,4.35,,,false,,,activities/5685540169.fit.gz,,,1474.0,1474.0,4355.2,4.8,2.955,47.0,49.0,10.2,35.6,14.8,-0.1,,,90.0,79.0,,,,,436.0,,,,,,,,,,,,,,,,0.0,,1.0,4426.2,,,,,,,,,,,,,,,,,,,,,,,,,,,,,,,,,,,,,,,,,,,,,,,,,""
5338037658,"May 18, 2021, 3:49:53 AM",Morning Swim,Swim,,904,885,,,false,,,activities/5685539233.fit.gz,,,904.0,904.0,884.6,1.2,0.979,0.0,0.0,0.0,0.0,0.0,0.0,,,30.0,26.0,,,,,238.0,,,,,,,,,,,,,,,,0.0,,1.0,,,,,,,,,,,,,,,,,,,,,,,,,,,,,,,,,,,,,,,,,,,,,,,,,,""
5304493932,"May 16, 2021, 5:38:46 AM",BJK Şampiyon!!!!🦅🦅🦅,Swim,"",726,810,,,false,,,activities/5650666935.fit.gz,,,726.0,726.0,809.8,1.5,1.115,0.0,0.0,-0.3,0.1,0.0,0.0,,,30.0,28.0,,,,,220.0,,,,,,,,,,,,,,0.0,,0.0,,1.0,,,,,,,,,,,,,,,,,,,,,,,,,,,,,,,,,,,,,,,,,,,,,,,,,,""
5304493864,"May 16, 2021, 5:11:55 AM",Morning Swim,Swim,,924,814,,,false,,,activities/5650666838.fit.gz,,,924.0,924.0,814.3,1.3,0.881,0.0,58.0,0.0,0.2,0.4,0.0,,,24.0,23.0,,,,,219.0,,,,,,,,,,,,,,,,0.0,,1.0,,,,,,,,,,,,,,,,,,,,,,,,,,,,,,,,,,,,,,,,,,,,,,,,,,""
6078367854,"May 13, 2021, 3:49:14 AM",Morning Ride,Ride,,5947,27.09,,,false,,,activities/6459635870.fit.gz,,,5947.0,2955.0,27098.4,15.0,9.17,81.0,91.0,2.0,49.8,32.5,0.1,,,,,,,,210.0,1082.0,,17.0,,,,,,,,,,,,,,0.0,,1.0,,,,,,,,,,,,,,,,,,,,,,,,,,,0.0,4.557,,,,,,,,,,,,,,,,,,,,,,""
5304493204,"May 12, 2021, 4:29:51 AM",Morning Run,Run,,1673,5.17,,,false,,,activities/5650666155.fit.gz,,,1673.0,1673.0,5169.9,5.4,3.09,49.0,51.0,-1.2,25.8,8.6,0.0,,,89.0,82.0,,,,,517.0,,,,,,,,,,,,,,,,0.0,,1.0,5247.7,,,,,,,,,,,,,,,,,,,,,,,,,,,,,,,,,,,,,,,,,,,,,,,,,""
5304492857,"May 12, 2021, 3:40:43 AM",Morning Run,Run,,1711,5.08,,,false,,,activities/5650665803.fit.gz,,,1711.0,1635.0,5086.5,4.2,3.111,54.0,57.0,-2.6,26.0,9.5,0.0,,,87.0,80.0,,,,,511.0,,,,,,,,,,,,,,,,0.0,,1.0,5166.2,,,,,,,,,,,,,,,,,,,,,,,,,,,,,,,,,,,,,,,,,,,,,,,,,""
6078367705,"May 11, 2021, 4:04:19 AM",Morning Ride,Ride,,2572,21.18,,,false,,,activities/6459635782.fit.gz,,,2572.0,2572.0,21187.2,14.9,8.238,58.0,55.0,-23.4,4.2,10.7,0.0,,,,,,,,165.0,819.0,,17.0,,,,,,,,,,,,,,0.0,,1.0,,,,,,,,,,,,,,,,,,,,,,,,,,,0.0,8.238,,,,,,,,,,,,,,,,,,,,,,""
5304492581,"May 8, 2021, 3:03:16 AM",Morning Run,Run,,5365,12.62,,,false,,,activities/5650665471.fit.gz,,,5365.0,5365.0,12624.0,4.4,2.353,149.0,150.0,62.2,114.0,18.0,0.0,,,87.0,72.0,,,,,1201.0,,,,,,,,,,,,,,,,0.0,,1.0,12948.7,,,,,,,,,,,,,,,,,,,,,,,,,,,,,,,,,,,,,,,,,,,,,,,,,""
6078367759,"May 7, 2021, 2:12:45 PM",Afternoon Ride,Ride,,8915,60.91,,,false,,,activities/6459635717.fit.gz,,,8915.0,8365.0,60910.0,18.2,7.282,524.0,520.0,17.4,253.4,20.8,0.0,,,,,,,,132.0,2348.0,,21.0,,,,,,,,,,,,,,0.0,,1.0,,,,,,,,,,,,,,,,,,,,,,,,,,,0.0,6.832,,,,,,,,,,,,,,,,,,,,,,""
5304491825,"May 6, 2021, 3:05:23 PM",Evening Run,Run,,3600,8.48,,,false,,,activities/5650664679.fit.gz,,,3600.0,3600.0,8484.3,2.8,2.357,16.0,16.0,40.6,45.2,5.3,0.0,,,82.0,78.0,,,,,883.0,,,,,,,,,,,,,,,,0.0,,1.0,8502.5,,,,,,,,,,,,,,,,,,,,,,,,,,,,,,,,,,,,,,,,,,,,,,,,,""
5304491712,"May 4, 2021, 2:35:25 PM",Afternoon Run,Run,,4529,8.13,,,false,,,activities/5650664222.fit.gz,,,4529.0,2512.0,8132.7,6.4,3.238,11.0,2.0,42.4,49.4,3.8,0.1,,,100.0,80.0,,,,,776.0,,,,,,,,,,,,,,,,0.0,,1.0,8149.3,,,,,,,,,,,,,,,,,,,,,,,,,,,,,,,,,,,,,,,,,,,,,,,,,""
5304491160,"May 3, 2021, 4:14:32 PM",Evening Run,Run,,1724,4.59,,,false,,,activities/5650663603.fit.gz,,,1724.0,1627.0,4597.8,3.3,2.826,0.0,0.0,39.2,42.8,1.5,0.1,,,85.0,80.0,,,,,461.0,,,,,,,,,,,,,,,,0.0,,1.0,4604.2,,,,,,,,,,,,,,,,,,,,,,,,,,,,,,,,,,,,,,,,,,,,,,,,,""
6078367606,"May 3, 2021, 3:16:21 PM",Evening Ride,Ride,,3163,26.10,,,false,,,activities/6459635639.fit.gz,,,3163.0,3142.0,26104.8,14.1,8.308,128.0,121.0,36.4,113.2,27.8,0.0,,,,,,,,164.0,1028.0,,23.0,,,,,,,,,,,,,,0.0,,1.0,,,,,,,,,,,,,,,,,,,,,,,,,,,0.0,8.253,,,,,,,,,,,,,,,,,,,,,,""
6078367788,"Apr 30, 2021, 3:27:07 AM",Morning Ride,Ride,,9464,62.84,,,false,,,activities/6459635531.fit.gz,,,9464.0,9284.0,62841.8,18.3,6.769,486.0,527.0,-20.4,157.0,11.2,0.0,,,,,,,,116.0,2412.0,,18.0,,,,,,,,,,,,,,0.0,,1.0,,,,,,,,,,,,,,,,,,,,,,,,,,,0.0,6.64,,,,,,,,,,,,,,,,,,,,,,""
5211432287,"Apr 29, 2021, 5:44:36 AM",Morning Run,Run,,1942,4.62,,,false,,,activities/5553086386.fit.gz,,,1942.0,1933.0,4620.5,4.7,2.39,60.0,69.0,7.6,36.0,31.8,-0.1,,,86.0,72.0,,,,,424.0,,,,,,,,,,,,,,,,0.0,,1.0,4751.6,,,,,,,,,,,,,,,,,,,,,,,,,,,,,,,,,,,,,,,,,,,,,,,,,""
5211431734,"Apr 29, 2021, 5:11:47 AM",Morning Swim,Swim,,1198,"1,277",,,false,,,activities/5553085713.fit.gz,,,1198.0,1198.0,1276.8,1.6,1.066,0.0,0.0,0.0,0.3,0.1,0.0,,,28.0,26.0,,,,,345.0,,,,,,,,,,,,,,,,0.0,,1.0,,,,,,,,,,,,,,,,,,,,,,,,,,,,,,,,,,,,,,,,,,,,,,,,,,""
6078367478,"Apr 25, 2021, 5:01:30 AM",Morning Ride,Ride,,7278,45.71,,,false,,,activities/6459635444.fit.gz,,,7278.0,5782.0,45712.6,11.8,7.906,145.0,148.0,-27.8,89.6,19.0,0.1,,,,,,,,126.0,1767.0,,21.0,,,,,,,,,,,,,,0.0,,1.0,,,,,,,,,,,,,,,,,,,,,,,,,,,0.0,6.281,,,,,,,,,,,,,,,,,,,,,,""
6078367372,"Apr 23, 2021, 5:23:12 AM",Morning Ride,Ride,,4171,27.60,,,false,,,activities/6459635368.fit.gz,,,4171.0,4171.0,27604.1,12.8,6.618,159.0,159.0,94.4,187.6,20.5,0.0,,,,,,,,90.0,959.0,,17.0,,,,,,,,,,,,,,0.0,,1.0,,,,,,,,,,,,,,,,,,,,,,,,,,,0.0,6.618,,,,,,,,,,,,,,,,,,,,,,""
5211431589,"Apr 20, 2021, 2:39:14 PM",Afternoon Run,Run,,5478,7.00,,,false,,,activities/5553085557.fit.gz,,,5478.0,2220.0,7007.0,6.6,3.156,17.0,18.0,43.0,48.2,8.2,0.0,,,120.0,80.0,,,,,529.0,,,,,,,,,,,,,,,,0.0,,1.0,7030.9,,,,,,,,,,,,,,,,,,,,,,,,,,,,,,,,,,,,,,,,,,,,,,,,,""
6078367260,"Apr 19, 2021, 1:59:42 PM",Afternoon Ride,Ride,,3450,18.13,,,false,,,activities/6459635323.fit.gz,,,3450.0,2490.0,18132.5,12.5,7.282,32.0,83.0,32.6,88.4,2.8,-0.3,,,,,,,,98.0,636.0,,29.0,,,,,,,,,,,,,,0.0,,1.0,,,,,,,,,,,,,,,,,,,,,,,,,,,0.0,5.256,,,,,,,,,,,,,,,,,,,,,,""
5211430695,"Apr 18, 2021, 5:48:54 AM",Morning Swim,Swim,,1160,798,,,false,,,activities/5553084430.fit.gz,,,1160.0,1088.0,797.5,8.7,0.733,0.0,7.0,-0.8,0.1,0.1,-0.1,,,26.0,23.0,,,,,218.0,,,,,,,,,,,,,,,,0.0,,1.0,,,,,,,,,,,,,,,,,,,,,,,,,,,,,,,,,,,,,,,,,,,,,,,,,,""
6078367179,"Apr 17, 2021, 5:23:04 AM",Morning Ride,Ride,,3370,24.72,,,false,,,activities/6459635244.fit.gz,,,3370.0,3370.0,24727.0,12.4,7.337,140.0,145.0,41.6,134.2,11.7,0.0,,,,,,,,109.0,914.0,,18.0,,,,,,,,,,,,,,0.0,,1.0,,,,,,,,,,,,,,,,,,,,,,,,,,,0.0,7.337,,,,,,,,,,,,,,,,,,,,,,""
6078367145,"Apr 17, 2021, 5:22:34 AM",Morning Ride,Ride,,3,0.00,,,false,,,activities/6459635166.fit.gz,,,3.0,3.0,6.3,2.1,2.1,0.0,0.0,112.4,114.6,-25.0,-34.9,,,,,,,,0.0,0.0,,18.0,,,,,,,,,,,,,,0.0,,1.0,,,,,,,,,,,,,,,,,,,,,,,,,,,0.0,2.1,,,,,,,,,,,,,,,,,,,,,,""
5211430686,"Apr 13, 2021, 2:32:41 PM",Afternoon Run,Run,,4492,6.85,,,false,,,activities/5553084395.fit.gz,,,4492.0,2325.0,6850.9,6.6,2.947,6.0,1.0,36.4,40.8,5.4,0.0,,,114.0,79.0,,,,,628.0,,,,,,,,,,,,,,,,0.0,,1.0,6850.4,,,,,,,,,,,,,,,,,,,,,,,,,,,,,,,,,,,,,,,,,,,,,,,,,""
6078367105,"Apr 12, 2021, 1:52:26 PM",Afternoon Ride,Ride,,6199,45.73,,,false,,,activities/6459635116.fit.gz,,,6199.0,6004.0,45736.2,13.2,7.618,206.0,220.0,26.4,132.2,5.8,0.0,,,,,,,,123.0,1735.0,,13.0,,,,,,,,,,,,,,0.0,,1.0,,,,,,,,,,,,,,,,,,,,,,,,,,,0.0,7.378,,,,,,,,,,,,,,,,,,,,,,""
6078366993,"Apr 9, 2021, 2:06:50 PM",Afternoon Ride,Ride,,5072,34.52,,,false,,,activities/6459634977.fit.gz,,,5072.0,4752.0,34526.9,12.6,7.266,105.0,122.0,4.2,64.0,12.6,0.0,,,,,,,,114.0,1225.0,,15.0,,,,,,,,,,,,,,0.0,,1.0,,,,,,,,,,,,,,,,,,,,,,,,,,,0.0,6.807,,,,,,,,,,,,,,,,,,,,,,""
5119419285,"Apr 8, 2021, 2:16:13 PM",Afternoon Run,Run,,5447,7.49,,,false,,,activities/5457227975.fit.gz,,,5447.0,2599.0,7498.6,6.4,2.885,8.0,3.0,38.2,41.4,4.1,0.0,,,105.0,79.0,,,,,726.0,,,,,,,,,,,,,,,,0.0,,1.0,7509.8,,,,,,,,,,,,,,,,,,,,,,,,,,,,,,,,,,,,,,,,,,,,,,,,,""
5119419185,"Apr 6, 2021, 1:07:32 PM",Afternoon Run,Run,,4638,7.40,,,false,,,activities/5457227892.fit.gz,,,4638.0,2778.0,7408.1,4.1,2.667,21.0,21.0,32.8,38.4,7.8,0.0,,,84.0,78.0,,,,,760.0,,,,,,,,,,,,,,,,0.0,,1.0,7446.0,,,,,,,,,,,,,,,,,,,,,,,,,,,,,,,,,,,,,,,,,,,,,,,,,""
6078366906,"Apr 5, 2021, 1:55:05 PM",Afternoon Ride,Ride,,4061,31.86,,,false,,,activities/6459634900.fit.gz,,,4061.0,3983.0,31863.6,12.0,8.0,82.0,91.0,29.0,62.4,4.0,0.0,,,,,,,,140.0,1246.0,,18.0,,,,,,,,,,,,,,0.0,,1.0,,,,,,,,,,,,,,,,,,,,,,,,,,,0.0,7.846,,,,,,,,,,,,,,,,,,,,,,""
5065431706,"Apr 4, 2021, 6:19:40 AM",Morning Swim,Swim,,924,741,,,false,,,activities/5400729917.fit.gz,,,924.0,833.0,740.6,9.4,0.889,0.0,0.0,0.0,0.1,0.1,0.0,,,31.0,26.0,,,,,203.0,,,,,,,,,,,,,,,,0.0,,1.0,,,,,,,,,,,,,,,,,,,,,,,,,,,,,,,,,,,,,,,,,,,,,,,,,,""
5065431463,"Apr 3, 2021, 6:48:07 AM",Morning Run,Run,,1936,5.01,,,false,,,activities/5400729666.fit.gz,,,1936.0,1893.0,5014.1,4.2,2.649,18.0,21.0,1.4,10.0,11.7,0.0,,,84.0,76.0,,,,,486.0,,,,,,,,,,,,,,,,0.0,,1.0,5065.6,,,,,,,,,,,,,,,,,,,,,,,,,,,,,,,,,,,,,,,,,,,,,,,,,""
6078366851,"Apr 2, 2021, 6:56:48 AM",Morning Ride,Ride,,3550,27.52,,,false,,,activities/6459634809.fit.gz,,,3550.0,3535.0,27528.3,12.2,7.787,90.0,96.0,46.4,116.6,5.4,0.0,,,,,,,,119.0,993.0,,13.0,,,,,,,,,,,,,,0.0,,1.0,,,,,,,,,,,,,,,,,,,,,,,,,,,0.0,7.754,,,,,,,,,,,,,,,,,,,,,,""
6078366844,"Mar 29, 2021, 12:48:39 PM",Afternoon Ride,Ride,,5396,36.62,,,false,,,activities/6459634769.fit.gz,,,5396.0,4971.0,36621.7,11.3,7.367,124.0,123.0,33.0,153.6,35.4,0.0,,,,,,,,110.0,1310.0,,16.0,,,,,,,,,,,,,,0.0,,1.0,,,,,,,,,,,,,,,,,,,,,,,,,,,0.0,6.787,,,,,,,,,,,,,,,,,,,,,,""
5065430789,"Mar 23, 2021, 2:02:25 PM",Afternoon Run,Run,,4639,7.52,,,false,,,activities/5400728949.fit.gz,,,4639.0,3112.0,7528.8,3.6,2.419,20.0,24.0,29.8,38.2,5.6,-0.1,,,87.0,77.0,,,,,747.0,,,,,,,,,,,,,,,,0.0,,1.0,7547.2,,,,,,,,,,,,,,,,,,,,,,,,,,,,,,,,,,,,,,,,,,,,,,,,,""
6078366665,"Mar 22, 2021, 1:43:09 PM",Afternoon Ride,Ride,,5377,39.55,,,false,,,activities/6459634650.fit.gz,,,5377.0,4895.0,39557.7,12.3,8.081,165.0,173.0,-54.6,27.8,7.1,0.0,,,,,,,,142.0,1603.0,,19.0,,,,,,,,,,,,,,0.0,,1.0,,,,,,,,,,,,,,,,,,,,,,,,,,,0.0,7.357,,,,,,,,,,,,,,,,,,,,,,""
6078366585,"Mar 19, 2021, 1:29:12 PM",Afternoon Ride,Ride,,5649,38.93,,,false,,,activities/6459634567.fit.gz,,,5649.0,5544.0,38938.2,12.9,7.023,155.0,171.0,31.0,107.4,6.9,0.0,,,,,,,,97.0,1315.0,,14.0,,,,,,,,,,,,,,0.0,,1.0,,,,,,,,,,,,,,,,,,,,,,,,,,,0.0,6.893,,,,,,,,,,,,,,,,,,,,,,""
4967443027,"Mar 18, 2021, 12:40:48 PM",Afternoon Run,Run,"",3960,9.90,,,false,,,activities/5297971704.fit.gz,,,3960.0,3803.0,9899.8,4.5,2.603,72.0,72.0,-7.2,26.0,37.7,0.0,,,85.0,79.0,,,,,1017.0,,,,,,,,,,,,,,0.0,,0.0,,1.0,10171.3,,,,,,,,,,,,,,,,,,,,,,,,,,,,,,,,,,,,,,,,,,,,,,,,,media/D0AC97E8-EC0C-4CB0-A1BE-63661C7380CC.jpg
4956155644,"Mar 16, 2021, 1:05:50 PM",Angolem hava yolları,Run,"",2486,7.00,,,false,,,activities/5286187753.fit.gz,,,2486.0,2476.0,7003.0,3.6,2.828,42.0,34.0,89.6,123.8,31.6,0.1,,,84.0,79.0,,,,,722.0,,,,,,,,,,,,,,0.0,,0.0,,1.0,7059.5,,,,,,,,,,,,,,,,,,,,,,,,,,,,,,,,,,,,,,,,,,,,,,,,,""
4951271390,"Mar 15, 2021, 1:56:22 PM",Afternoon Ride,Ride,"",6290,47.33,,,false,,,activities/5281077353.fit.gz,,,6290.0,5892.0,47332.2,14.1,8.033,179.0,191.0,32.4,111.4,8.1,0.0,,,,,,,,141.0,1769.0,,13.0,,,,,,,,,,,,0.0,,0.0,,1.0,,,,,,,,,,,,,,,,,,,,,,,,,,,,,,,,,,,,,,,,,,,,,,,,,,media/9164397F-C46A-42FB-B6D7-F332AB5326CA.jpg
4933002857,"Mar 12, 2021, 6:56:32 AM",Morning Ride,Ride,"",10443,63.29,,,false,,,activities/5261776007.fit.gz,,,10443.0,8823.0,63292.6,13.2,7.174,342.0,355.0,45.2,191.4,40.4,0.0,,,,,,,,106.0,2307.0,,18.0,,,,,,,,,,,,0.0,,0.0,,1.0,,,,,,,,,,,,,,,,,,,,,,,,,,,,,,,,,,,,,,,,,,,,,,,,,,media/C5BAE03C-6F43-4879-BFBA-1AA6815DF1BB.jpg
4956154365,"Mar 11, 2021, 2:05:42 PM",Afternoon Run,Run,,2100,4.41,,,false,,,activities/5286186389.fit.gz,,,2100.0,1620.0,4416.5,4.8,2.726,20.0,16.0,39.4,51.8,14.3,0.2,,,89.0,78.0,,,,,440.0,,,,,,,,,,,,,,,,0.0,,1.0,4470.4,,,,,,,,,,,,,,,,,,,,,,,,,,,,,,,,,,,,,,,,,,,,,,,,,""
4956153580,"Mar 6, 2021, 7:08:34 AM",Morning Run,Run,,2082,3.68,,,false,,,activities/5286185606.fit.gz,,,2082.0,1831.0,3685.8,5.4,2.013,186.0,27.0,21.4,213.2,46.4,4.2,,,124.0,71.0,,,,,329.0,,,,,,,,,,,,,,,,0.0,,1.0,4531.8,,,,,,,,,,,,,,,,,,,,,,,,,,,,,,,,,,,,,,,,,,,,,,,,,""
4887848156,"Mar 4, 2021, 7:45:42 AM",Morning Ride,Ride,"",9206,50.47,,,false,,,activities/5214146832.fit.gz,,,9206.0,6708.0,50472.8,11.9,7.524,221.0,223.0,10.4,154.0,25.3,-0.1,,,,,,,,120.0,1848.0,,17.0,,,,,,,,,,,,0.0,,0.0,,1.0,,,,,,,,,,,,,,,,,,,,,,,,,,,,,,,,,,,,,,,,,,,,,,,,,,media/A2C71E8A-1A7F-4A2B-813C-0C0FA84EB8F8.jpg
4836218463,"Feb 23, 2021, 2:41:39 PM",Afternoon Run,Run,,3606,7.99,,,false,,,activities/5159326083.fit.gz,,,3606.0,2974.0,7998.5,3.7,2.689,15.0,23.0,-2.2,8.8,11.2,-0.1,,,85.0,79.0,,,,,814.0,,,,,,,,,,,,,,,,0.0,,1.0,8014.3,,,,,,,,,,,,,,,,,,,,,,,,,,,,,,,,,,,,,,,,,,,,,,,,,""
4828781662,"Feb 22, 2021, 7:29:58 AM",Morning Ride,Ride,,5926,34.20,,,false,,,activities/5151597699.fit.gz,,,5926.0,5302.0,34203.6,17.8,6.451,359.0,363.0,49.2,179.2,14.7,0.0,,,,,,,,117.0,1368.0,,13.0,,,,,,,,,,,,,,0.0,,1.0,,,,,,,,,,,,,,,,,,,,,,,,,,,,,,,,,,,,,,,,,,,,,,,,,,""
4815962507,"Feb 20, 2021, 9:46:14 AM",Hi Strava! I am back🤟 ,Run,"",1709,4.50,,,false,,,activities/5138233029.fit.gz,,,1709.0,1607.0,4500.1,3.8,2.8,10.0,8.0,80.2,89.6,2.4,0.1,,,83.0,78.0,,,,,453.0,,,,,,,,,,,,,,0.0,,0.0,,1.0,4514.3,,,,,,,,,,,,,,,,,,,,,,,,,,,,,,,,,,,,,,,,,,,,,,,,,""
4828781541,"Feb 18, 2021, 1:28:51 PM",Afternoon Ride,Ride,,2317,15.46,,,false,,,activities/5151597602.fit.gz,,,2317.0,2205.0,15463.0,11.8,7.013,67.0,66.0,90.4,148.6,8.2,0.0,,,,,,,,112.0,571.0,,10.0,,,,,,,,,,,,,,0.0,,1.0,,,,,,,,,,,,,,,,,,,,,,,,,,,,,,,,,,,,,,,,,,,,,,,,,,""
4375759824,"Nov 22, 2020, 2:49:56 PM",Afternoon Run,Run,"",2738,7.33,,,false,,,activities/4676962443.fit.gz,,,2738.0,2450.0,7337.1,4.1,2.995,2.0,11.0,26.6,39.0,30.9,0.0,,,95.0,80.0,,,,,738.0,,,,,,,,,,,,,,0.0,,0.0,,1.0,7355.2,,,,,,,,,,,,,,,,,,,,,,,,,,,,,,,,,,,,,,,,,,,,,,,,,media/9AE53E2E-21E4-491E-806B-EC251E9BF3B0.jpg
4350336905,"Nov 17, 2020, 11:37:36 AM",Afternoon Activity,Weight Training,,427,0,,,false,,,activities/4650225014.fit.gz,,,427.0,427.0,0.0,0.0,0.0,0.0,0.0,69.2,70.2,0.0,0.0,,,,,,,,,,,,,,,,,,,,,,,,,0.0,,1.0,,,,,,,,,,,,,,,,,,,,,,,,,,,,,,,,,,,,,,,,,,,,,,,,,,""
4350336734,"Nov 17, 2020, 10:54:10 AM",Lunch Run,Run,,2414,6.72,,,false,,,activities/4650224879.fit.gz,,,2414.0,2404.0,6719.4,3.3,2.795,1.0,3.0,69.2,71.2,1.4,0.0,,,84.0,78.0,,,,,688.0,,,,,,,,,,,,,,,,0.0,,1.0,6723.1,,,,,,,,,,,,,,,,,,,,,,,,,,,,,,,,,,,,,,,,,,,,,,,,,""
4350336731,"Nov 2, 2020, 9:03:59 PM",Night Activity,Weight Training,,2285,0,,,false,,,activities/4650224906.fit.gz,,,2285.0,2285.0,0.0,0.0,0.0,0.0,0.0,131.4,136.6,0.0,0.0,,,,,,,,,,,,,,,,,,,,,,,,,0.0,,1.0,,,,,,,,,,,,,,,,,,,,,,,,,,,,,,,,,,,,,,,,,,,,,,,,,,""
4350336663,"Nov 2, 2020, 8:50:40 PM",Night Run,Run,,606,1.69,,,false,,,activities/4650224821.fit.gz,,,606.0,606.0,1689.0,3.0,2.787,0.0,0.0,136.4,138.2,1.9,0.0,,,81.0,77.0,,,,,172.0,,,,,,,,,,,,,,,,0.0,,1.0,1690.6,,,,,,,,,,,,,,,,,,,,,,,,,,,,,,,,,,,,,,,,,,,,,,,,,""
4350336628,"Oct 28, 2020, 2:17:25 PM",Afternoon Activity,Weight Training,,1582,0,,,false,,,activities/4650224771.fit.gz,,,1582.0,1582.0,0.0,0.0,0.0,0.0,0.0,204.8,208.2,0.0,0.0,,,,,,,,,,,,,,,,,,,,,,,,,0.0,,1.0,,,,,,,,,,,,,,,,,,,,,,,,,,,,,,,,,,,,,,,,,,,,,,,,,,""
4350336614,"Oct 28, 2020, 1:55:40 PM",Afternoon Run,Run,,912,2.58,,,false,,,activities/4650224730.fit.gz,,,912.0,912.0,2580.4,3.1,2.829,0.0,0.0,208.2,210.4,1.0,0.0,,,83.0,78.0,,,,,263.0,,,,,,,,,,,,,,,,0.0,,1.0,2580.7,,,,,,,,,,,,,,,,,,,,,,,,,,,,,,,,,,,,,,,,,,,,,,,,,""
4350336530,"Oct 26, 2020, 1:03:36 PM",Afternoon Activity,Weight Training,,2483,0,,,false,,,activities/4650224700.fit.gz,,,2483.0,2483.0,0.0,0.0,0.0,0.0,0.0,261.2,263.6,0.0,0.0,,,,,,,,,,,,,,,,,,,,,,,,,0.0,,1.0,,,,,,,,,,,,,,,,,,,,,,,,,,,,,,,,,,,,,,,,,,,,,,,,,,""
4350336535,"Oct 26, 2020, 12:51:32 PM",Afternoon Run,Run,,601,1.69,,,false,,,activities/4650224691.fit.gz,,,601.0,601.0,1698.6,3.0,2.826,0.0,1.0,262.8,264.0,0.9,0.0,,,81.0,78.0,,,,,173.0,,,,,,,,,,,,,,,,0.0,,1.0,1699.4,,,,,,,,,,,,,,,,,,,,,,,,,,,,,,,,,,,,,,,,,,,,,,,,,""
4227494974,"Oct 22, 2020, 7:24:30 AM",Strength Workout,Weight Training,"",1883,0,,,false,,,activities/4522691434.fit.gz,,,1883.0,1883.0,0.0,0.0,0.0,0.0,0.0,171.0,173.4,0.0,0.0,,,,,,,,,,,,,,,,,,,,,,,0.0,,0.0,,1.0,,,,,,,,,,,,,,,,,,,,,,,,,,,,,,,,,,,,,,,,,,,,,,,,,,""
4227494914,"Oct 22, 2020, 7:03:38 AM",First Run after injury #CS8,Run,"",1201,3.39,,,false,,,activities/4522691369.fit.gz,,,1201.0,1201.0,3389.9,3.5,2.823,0.0,0.0,173.2,176.8,0.7,-0.1,,,82.0,78.0,,,,,347.0,,,,,,,,,,,,,,0.0,,0.0,,1.0,3387.9,,,,,,,,,,,,,,,,,,,,,,,,,,,,,,,,,,,,,,,,,,,,,,,,,""
4119252360,"Sep 26, 2020, 8:16:01 AM",CS #7,Run,"",5315,8.07,,,false,,,activities/4407682566.fit.gz,,,5315.0,2436.0,8074.6,6.8,3.315,12.0,11.0,134.4,138.0,3.2,0.0,,,107.0,82.0,,,,,796.0,,,,,,,,,,,,,,0.0,,0.0,,1.0,8086.7,,,,,,,,,,,,,,,,,,,,,,,,,,,,,,,,,,,,,,,,,,,,,,,,,media/8CAC89AC-9880-497D-86FB-E850B1AE425C.jpg
4119251015,"Sep 17, 2020, 5:03:35 PM",CS #6,Run,"",5229,4.39,,,false,,,activities/4407681029.fit.gz,,,5229.0,1374.0,4392.4,6.9,3.197,40.0,39.0,18.0,27.0,18.4,0.0,,,108.0,84.0,,,,,391.0,,,,,,,,,,,,,,0.0,,0.0,,1.0,4613.1,,,,,,,,,,,,,,,,,,,,,,,,,,,,,,,,,,,,,,,,,,,,,,,,,""
4061814826,"Sep 14, 2020, 5:03:15 PM",CS #5,Run,"",5458,7.29,,,false,,,activities/4346933344.fit.gz,,,5458.0,2412.0,7297.1,6.1,3.025,2.0,4.0,11.2,14.2,2.1,0.0,,,105.0,81.0,,,,,692.0,,,,,,,,,,,,,,0.0,,0.0,,1.0,7302.0,,,,,,,,,,,,,,,,,,,,,,,,,,,,,,,,,,,,,,,,,,,,,,,,,""
4047816143,"Sep 12, 2020, 10:24:39 AM",CS #4,Run,"",3282,9.15,,,false,,,activities/4332115973.fit.gz,,,3282.0,2816.0,9149.1,4.3,3.249,6.0,7.0,12.8,18.0,4.0,0.0,,,89.0,81.0,,,,,897.0,,,,,,,,,,,,,,0.0,,0.0,,1.0,9154.2,,,,,,,,,,,,,,,,,,,,,,,,,,,,,,,,,,,,,,,,,,,,,,,,,media/AC1470DB-F8FC-43A0-AF98-49A17BEBF482.jpg
4047815111,"Sep 10, 2020, 6:11:43 PM",#3.6,Run,"",574,1.86,,,false,,,activities/4332114440.fit.gz,,,574.0,574.0,1865.8,4.8,3.251,2.0,1.0,8.8,11.4,1.6,0.0,,,88.0,82.0,,,,,190.0,,,,,,,,,,,,,,0.0,,0.0,,1.0,1868.1,,,,,,,,,,,,,,,,,,,,,,,,,,,,,,,,,,,,,,,,,,,,,,,,,""
4047814467,"Sep 10, 2020, 6:02:37 PM",#3.5,Run,"",227,0.68,,,false,,,activities/4332114095.fit.gz,,,227.0,227.0,680.2,3.7,2.996,0.0,0.0,14.0,14.8,0.7,0.1,,,87.0,83.0,,,,,68.0,,,,,,,,,,,,,,0.0,,0.0,,1.0,681.0,,,,,,,,,,,,,,,,,,,,,,,,,,,,,,,,,,,,,,,,,,,,,,,,,""
4047814272,"Sep 10, 2020, 5:47:50 PM",#3.4,Run,"",650,2.04,,,false,,,activities/4332113786.fit.gz,,,650.0,650.0,2043.6,4.2,3.144,3.0,2.0,7.6,10.2,3.4,0.0,,,88.0,84.0,,,,,209.0,,,,,,,,,,,,,,0.0,,0.0,,1.0,2045.9,,,,,,,,,,,,,,,,,,,,,,,,,,,,,,,,,,,,,,,,,,,,,,,,,""
4047813509,"Sep 10, 2020, 5:34:17 PM",#3.3,Run,"",624,2.25,,,false,,,activities/4332113225.fit.gz,,,624.0,624.0,2256.0,4.7,3.615,0.0,1.0,7.4,9.6,2.5,0.0,,,88.0,84.0,,,,,229.0,,,,,,,,,,,,,,0.0,,0.0,,1.0,2257.5,,,,,,,,,,,,,,,,,,,,,,,,,,,,,,,,,,,,,,,,,,,,,,,,,""
4047813048,"Sep 10, 2020, 5:23:23 PM",#3.2,Run,"",542,1.93,,,false,,,activities/4332112666.fit.gz,,,542.0,536.0,1934.7,4.3,3.61,2.0,1.0,32.2,34.4,3.3,0.0,,,88.0,83.0,,,,,190.0,,,,,,,,,,,,,,0.0,,0.0,,1.0,1935.6,,,,,,,,,,,,,,,,,,,,,,,,,,,,,,,,,,,,,,,,,,,,,,,,,""
4047812719,"Sep 10, 2020, 4:39:47 PM",#3.1,Run,"",1594,2.65,,,false,,,activities/4332112316.fit.gz,,,1594.0,935.0,2649.0,3.9,2.833,2.0,4.0,23.0,28.2,25.5,0.1,,,83.0,79.0,,,,,252.0,,,,,,,,,,,,,,0.0,,0.0,,1.0,2660.1,,,,,,,,,,,,,,,,,,,,,,,,,,,,,,,,,,,,,,,,,,,,,,,,,""
4047812197,"Sep 9, 2020, 4:57:30 PM",#2.2,Run,"",879,2.34,,,false,,,activities/4332111805.fit.gz,,,879.0,807.0,2344.2,3.9,2.905,1.0,0.0,13.2,14.8,2.8,0.0,,,85.0,80.0,,,,,229.0,,,,,,,,,,,,,,0.0,,0.0,,1.0,2345.8,,,,,,,,,,,,,,,,,,,,,,,,,,,,,,,,,,,,,,,,,,,,,,,,,""
4047811685,"Sep 9, 2020, 4:25:24 PM",#2.1,Run,"",852,2.60,,,false,,,activities/4332111262.fit.gz,,,852.0,777.0,2600.3,4.2,3.347,0.0,0.0,11.8,14.0,2.3,0.0,,,87.0,80.0,,,,,255.0,,,,,,,,,,,,,,0.0,,0.0,,1.0,2601.2,,,,,,,,,,,,,,,,,,,,,,,,,,,,,,,,,,,,,,,,,,,,,,,,,""
4028489099,"Sep 8, 2020, 6:15:49 AM",First Run in Tilbrug-Comeback series #1,Run,"",2909,8.00,,,false,,,activities/4311721379.fit.gz,,,2909.0,2521.0,8002.0,6.8,3.174,0.0,3.0,1.4,3.6,3.4,0.0,,,87.0,81.0,,,,,782.0,,,,,,,,,,,,,,0.0,,0.0,,1.0,8004.5,,,,,,,,,,,,,,,,,,,,,,,,,,,,,,,,,,,,,,,,,,,,,,,,,media/9357EE4D-1A06-4794-9DE0-4227AB90DE37.jpg
4828781484,"Sep 6, 2020, 4:09:18 AM",Morning Ride,Ride,,7689,62.67,181.0,102,false,,,activities/5151597509.fit.gz,,,7689.0,7191.0,62669.8,17.5,8.715,331.0,332.0,-41.6,103.8,16.7,0.0,,,,,,148.0,,188.0,1316.0,,22.0,102.0,,,,,,,,,,,,,0.0,,1.0,,,,,,,,,,,,,,,,,,,,,,,,,,,,,,,,,,,,,,,,,,,,,,,,,,""
4028488464,"Aug 28, 2020, 3:38:00 PM",Evening Swim,Swim,,938,987,,,false,,,activities/4311720679.fit.gz,,,938.0,938.0,987.3,1.2,1.053,0.0,0.0,0.0,0.1,0.1,0.0,,,36.0,33.0,,,,,264.0,,,,,,,,,,,,,,,,0.0,,1.0,,,,,,,,,,,,,,,,,,,,,,,,,,,,,,,,,,,,,,,,,,,,,,,,,,""
4028488350,"Aug 27, 2020, 2:22:57 PM",Afternoon Swim,Swim,,4254,725,,,false,,,activities/4311720566.fit.gz,,,4254.0,886.0,725.0,1.4,0.818,0.0,,,,0.0,0.0,,,26.0,18.0,,,,,132.0,,,,,,,,,,,,,,,,0.0,,1.0,,,,,,,,,,,,,,,,,,,,,,,,,,,,,,,,,,,,,,,,,,,,,,,,,,""
4828781312,"Aug 23, 2020, 4:28:17 AM",Morning Ride,Ride,,1874,18.70,,,false,,,activities/5151597406.fit.gz,,,1874.0,1874.0,18708.8,12.9,9.983,24.0,26.0,-24.2,-6.8,5.6,0.0,,,,,,,,222.0,839.0,,24.0,,,,,,,,,,,,,,0.0,,1.0,,,,,,,,,,,,,,,,,,,,,,,,,,,,,,,,,,,,,,,,,,,,,,,,,,""
4828781300,"Aug 20, 2020, 3:31:33 AM",Morning Ride,Ride,,4170,28.01,,,false,,,activities/5151597347.fit.gz,,,4170.0,4170.0,28009.5,11.4,6.717,87.0,91.0,-15.8,40.2,20.4,0.0,,,,,,,,83.0,970.0,,19.0,,,,,,,,,,,,,,0.0,,1.0,,,,,,,,,,,,,,,,,,,,,,,,,,,,,,,,,,,,,,,,,,,,,,,,,,""
4828781124,"Aug 16, 2020, 4:40:02 AM",Morning Ride,Ride,,1920,19.68,,,false,,,activities/5151597160.fit.gz,,,1920.0,1920.0,19680.9,11.6,10.25,35.0,37.0,-97.4,-7.0,42.7,0.0,,,,,,,,242.0,958.0,,28.0,,,,,,,,,,,,,,0.0,,1.0,,,,,,,,,,,,,,,,,,,,,,,,,,,,,,,,,,,,,,,,,,,,,,,,,,""
4828781068,"Aug 14, 2020, 3:16:00 AM",Morning Ride,Ride,,6485,55.01,,,false,,,activities/5151597085.fit.gz,,,6485.0,6456.0,55010.4,16.2,8.521,226.0,241.0,-6.8,176.4,6.5,0.0,,,,,,,,163.0,2114.0,,25.0,,,,,,,,,,,,,,0.0,,1.0,,,,,,,,,,,,,,,,,,,,,,,,,,,,,,,,,,,,,,,,,,,,,,,,,,""
4828780963,"Aug 13, 2020, 3:10:09 AM",Morning Ride,Ride,,4467,40.41,,,false,,,activities/5151596986.fit.gz,,,4467.0,4434.0,40413.5,12.6,9.114,40.0,48.0,0.2,10.4,1.9,0.0,,,,,,,,185.0,1592.0,,23.0,,,,,,,,,,,,,,0.0,,1.0,,,,,,,,,,,,,,,,,,,,,,,,,,,,,,,,,,,,,,,,,,,,,,,,,,""
4828780885,"Aug 4, 2020, 3:35:46 AM",Morning Ride,Ride,,4386,30.22,,,false,,,activities/5151596862.fit.gz,,,4386.0,4386.0,30227.0,17.1,6.892,387.0,394.0,51.8,149.6,18.0,0.0,,,,,,,,140.0,1287.0,,22.0,,,,,,,,,,,,,,0.0,,1.0,,,,,,,,,,,,,,,,,,,,,,,,,,,,,,,,,,,,,,,,,,,,,,,,,,""
4828780839,"Aug 2, 2020, 3:31:22 PM",Evening Ride,Ride,,2820,21.13,168.0,14,false,,,activities/5151596818.fit.gz,,,2820.0,2820.0,21138.1,17.0,7.496,121.0,127.0,74.0,131.0,6.2,0.0,,,,,,129.0,,124.0,448.0,,26.0,14.0,,,,,,,,,,,,,0.0,,1.0,,,,,,,,,,,,,,,,,,,,,,,,,,,,,,,,,,,,,,,,,,,,,,,,,,""
4828780789,"Jul 30, 2020, 2:35:04 AM",Morning Ride,Ride,,10863,71.74,,,false,,,activities/5151596738.fit.gz,,,10863.0,9988.0,71742.2,18.2,7.183,709.0,713.0,-2.4,179.6,13.8,0.0,,,,,,,,146.0,3136.0,,23.0,,,,,,,,,,,,,,0.0,,1.0,,,,,,,,,,,,,,,,,,,,,,,,,,,,,,,,,,,,,,,,,,,,,,,,,,""
3831987331,"Jul 24, 2020, 3:14:41 PM",Evening Run,Run,,4432,5.95,,,false,,,activities/4098955630.fit.gz,,,4432.0,1852.0,5954.0,5.8,3.215,7.0,5.0,46.2,51.6,5.0,-0.1,,,95.0,80.0,,,,,481.0,,,,,,,,,,,,,,,,0.0,,1.0,5958.7,,,,,,,,,,,,,,,,,,,,,,,,,,,,,,,,,,,,,,,,,,,,,,,,,""
4828780637,"Jul 23, 2020, 4:04:51 PM",Evening Ride,Ride,,3675,27.63,,,false,,,activities/5151596625.fit.gz,,,3675.0,3597.0,27638.4,11.5,7.684,86.0,86.0,6.4,65.2,12.2,0.0,,,,,,,,117.0,1021.0,,27.0,,,,,,,,,,,,,,0.0,,1.0,,,,,,,,,,,,,,,,,,,,,,,,,,,,,,,,,,,,,,,,,,,,,,,,,,""
4828780573,"Jul 19, 2020, 4:35:24 AM",Morning Ride,Ride,,2107,19.83,,,false,,,activities/5151596545.fit.gz,,,2107.0,2107.0,19836.7,13.1,9.415,67.0,67.0,-2.2,10.6,7.8,0.0,,,,,,,,205.0,857.0,,24.0,,,,,,,,,,,,,,0.0,,1.0,,,,,,,,,,,,,,,,,,,,,,,,,,,,,,,,,,,,,,,,,,,,,,,,,,""
4828780405,"Jul 12, 2020, 4:43:22 AM",Morning Ride,Ride,,3269,21.36,,,false,,,activities/5151596397.fit.gz,,,3269.0,2183.0,21363.1,14.6,9.786,87.0,77.0,-59.4,4.6,7.5,0.0,,,,,,,,231.0,1013.0,,25.0,,,,,,,,,,,,,,0.0,,1.0,,,,,,,,,,,,,,,,,,,,,,,,,,,,,,,,,,,,,,,,,,,,,,,,,,""
3746743913,"Jul 8, 2020, 2:53:48 PM",Afternoon Ride,Ride,,2731,19.81,,,false,,,activities/4002363596.fit.gz,,,2731.0,2690.0,19813.9,11.2,7.366,69.0,74.0,-5.6,52.2,18.8,0.0,,,,,,,,114.0,753.0,,26.0,,,,,,,,,,,,,,0.0,,1.0,,,,,,,,,,,,,,,,,,,,,,,,,,,,,,,,,,,,,,,,,,,,,,,,,,""
3746743337,"Jul 5, 2020, 4:37:39 AM",Morning Ride,Ride,,6010,25.40,,,false,,,activities/4002362956.fit.gz,,,6010.0,2812.0,25402.7,13.9,9.034,100.0,78.0,-84.2,-4.2,39.8,0.0,,,,,,,,202.0,1143.0,,26.0,,,,,,,,,,,,,,0.0,,1.0,,,,,,,,,,,,,,,,,,,,,,,,,,,,,,,,,,,,,,,,,,,,,,,,,,""
3746742865,"Jul 3, 2020, 3:18:59 PM",Evening Ride,Ride,,4789,27.84,,,false,,,activities/4002362308.fit.gz,,,4789.0,4773.0,27844.3,14.4,5.834,518.0,519.0,11.8,168.2,10.4,0.0,,,,,,,,127.0,1243.0,,25.0,,,,,,,,,,,,,,0.0,,1.0,,,,,,,,,,,,,,,,,,,,,,,,,,,,,,,,,,,,,,,,,,,,,,,,,,""
3746741570,"Jun 30, 2020, 3:22:45 AM",Morning Ride,Ride,,4141,33.63,,,false,,,activities/4002360925.fit.gz,,,4141.0,4107.0,33631.9,14.9,8.189,181.0,184.0,19.2,91.2,12.1,0.0,,,,,,,,152.0,1310.0,,20.0,,,,,,,,,,,,,,0.0,,1.0,,,,,,,,,,,,,,,,,,,,,,,,,,,,,,,,,,,,,,,,,,,,,,,,,,""
3746740672,"Jun 29, 2020, 5:01:42 AM",Morning Ride,Ride,,3347,19.25,,,false,,,activities/4002359883.fit.gz,,,3347.0,3347.0,19252.6,12.9,5.752,346.0,338.0,-2.2,154.4,10.6,0.0,,,,,,,,128.0,885.0,,26.0,,,,,,,,,,,,,,0.0,,1.0,,,,,,,,,,,,,,,,,,,,,,,,,,,,,,,,,,,,,,,,,,,,,,,,,,""
3831987209,"Jun 29, 2020, 4:27:27 AM",Morning Swim,Swim,,1102,"1,124",,,false,,,activities/4098955533.fit.gz,,,1102.0,1102.0,1124.1,1.3,1.02,0.0,115.0,-0.5,0.0,0.0,0.0,,,28.0,26.0,,,,,262.0,,,,,,,,,,,,,,,,0.0,,1.0,,,,,,,,,,,,,,,,,,,,,,,,,,,,,,,,,,,,,,,,,,,,,,,,,,""
3684945282,"Jun 28, 2020, 4:01:51 PM",Evening Ride,Ride,,3038,21.12,,,false,,,activities/3934749750.fit.gz,,,3038.0,3038.0,21125.8,15.0,6.954,120.0,125.0,53.6,131.6,44.5,0.0,,,,,,,,111.0,777.0,,23.0,,,,,,,,,,,,,,0.0,,1.0,,,,,,,,,,,,,,,,,,,,,,,,,,,,,,,,,,,,,,,,,,,,,,,,,,""
3831987238,"Jun 27, 2020, 3:49:39 PM",Evening Run,Run,,3469,10.39,,,false,,,activities/4098955437.fit.gz,,,3469.0,3469.0,10394.9,3.8,2.997,38.0,44.0,156.4,182.4,5.6,0.0,,,88.0,80.0,,,,,920.0,,,,,,,,,,,,,,,,0.0,,1.0,10419.0,,,,,,,,,,,,,,,,,,,,,,,,,,,,,,,,,,,,,,,,,,,,,,,,,""
3831987214,"Jun 25, 2020, 2:59:48 PM",Afternoon Run,Run,,2086,6.28,,,false,,,activities/4098955392.fit.gz,,,2086.0,2086.0,6288.4,4.2,3.015,5.0,3.0,44.8,47.6,2.1,0.0,,,86.0,80.0,,,,,548.0,,,,,,,,,,,,,,,,0.0,,1.0,6296.7,,,,,,,,,,,,,,,,,,,,,,,,,,,,,,,,,,,,,,,,,,,,,,,,,""
3831987046,"Jun 24, 2020, 4:28:16 AM",Morning Swim,Swim,,1660,"1,524",,,false,,,activities/4098955342.fit.gz,,,1660.0,1619.0,1524.1,1.4,0.941,0.0,-0.2,-0.2,0.0,0.0,0.0,,,30.0,26.0,,,,,355.0,,,,,,,,,,,,,,,,0.0,,1.0,,,,,,,,,,,,,,,,,,,,,,,,,,,,,,,,,,,,,,,,,,,,,,,,,,""
3831987073,"Jun 23, 2020, 2:38:15 PM",Afternoon Run,Run,,4237,7.90,,,false,,,activities/4098955296.fit.gz,,,4237.0,2668.0,7906.9,4.1,2.964,7.0,4.0,35.0,38.8,2.7,0.0,,,84.0,78.0,,,,,687.0,,,,,,,,,,,,,,,,0.0,,1.0,7915.1,,,,,,,,,,,,,,,,,,,,,,,,,,,,,,,,,,,,,,,,,,,,,,,,,""
3684944815,"Jun 23, 2020, 4:41:51 AM",Morning Ride,Ride,,2983,21.10,171.0,31,false,,,activities/3934749135.fit.gz,,,2983.0,2983.0,21104.1,15.0,7.075,118.0,121.0,99.2,153.6,33.8,0.0,,,,,,142.0,,109.0,574.0,,23.0,31.0,,,,,,,,,,,,,0.0,,1.0,,,,,,,,,,,,,,,,,,,,,,,,,,,,,,,,,,,,,,,,,,,,,,,,,,""
3831986942,"Jun 22, 2020, 2:18:49 PM",Afternoon Swim,Swim,,812,744,,,false,,,activities/4098955198.fit.gz,,,812.0,812.0,744.4,1.2,0.917,0.0,109.0,0.0,0.0,0.0,0.0,,,27.0,26.0,,,,,172.0,,,,,,,,,,,,,,,,0.0,,1.0,,,,,,,,,,,,,,,,,,,,,,,,,,,,,,,,,,,,,,,,,,,,,,,,,,""
3650288596,"Jun 21, 2020, 3:22:59 PM",First Ride in Cyprus,Ride,"",6251,45.94,185.0,145,false,,,activities/3896994077.fit.gz,,,6251.0,5774.0,45947.6,11.4,7.958,148.0,148.0,-6.8,80.8,17.5,0.0,,,,,,160.0,,129.0,1376.0,,23.0,145.0,,,,,,,,,,,0.0,,0.0,,1.0,,,,,,,,,,,,,,,,,,,,,,,,,,,,,,,,,,,,,,,,,,,,,,,,,,media/16E9950C-4F4E-4CE0-9D93-86EB2E996092.jpg|media/E6F29488-122C-4BFE-B250-85FC80CB76E9.jpg
3641892546,"Jun 15, 2020, 3:06:56 PM",Evening Ride,Ride,,3601,0,164.0,51,false,,,activities/3887985366.fit.gz,,,3601.0,3601.0,0.0,0.0,0.0,0.0,0.0,104.4,108.6,0.0,0.0,,,,,,148.0,,,757.0,,23.0,51.0,,,,,,,,,,,,,0.0,,1.0,,,,,,,,,,,,,,,,,,,,,,,,,,,,,,,,,,,,,,,,,,,,,,,,,,""
3641892440,"Jun 14, 2020, 3:03:39 PM",Evening Ride,Ride,,1882,0,153.0,7,false,,,activities/3887985286.fit.gz,,,1882.0,1882.0,0.0,0.0,0.0,0.0,0.0,120.0,122.4,0.0,0.0,,,,,,126.0,,,287.0,,23.0,7.0,,,,,,,,,,,,,0.0,,1.0,,,,,,,,,,,,,,,,,,,,,,,,,,,,,,,,,,,,,,,,,,,,,,,,,,""
3641892326,"Jun 13, 2020, 3:27:43 PM",Evening Ride,Ride,,2527,0,172.0,25,false,,,activities/3887985208.fit.gz,,,2527.0,2527.0,0.0,0.0,0.0,0.0,0.0,146.0,147.2,0.0,0.0,,,,,,141.0,,,484.0,,22.0,25.0,,,,,,,,,,,,,0.0,,1.0,,,,,,,,,,,,,,,,,,,,,,,,,,,,,,,,,,,,,,,,,,,,,,,,,,""
3641892155,"Jun 11, 2020, 3:28:52 PM",Evening Ride,Ride,,2438,0,,,false,,,activities/3887985041.fit.gz,,,2438.0,2438.0,0.0,0.0,0.0,0.0,0.0,117.8,119.0,0.0,0.0,,,,,,,,,,,22.0,,,,,,,,,,,,,,0.0,,1.0,,,,,,,,,,,,,,,,,,,,,,,,,,,,,,,,,,,,,,,,,,,,,,,,,,""
3641892142,"Jun 10, 2020, 3:00:42 PM",Evening Ride,Ride,,1991,0,,,false,,,activities/3887984997.fit.gz,,,1991.0,1991.0,0.0,0.0,0.0,0.0,0.0,99.8,101.0,0.0,0.0,,,,,,,,,,,23.0,,,,,,,,,,,,,,0.0,,1.0,,,,,,,,,,,,,,,,,,,,,,,,,,,,,,,,,,,,,,,,,,,,,,,,,,""
3641892034,"Jun 9, 2020, 1:42:36 PM",Afternoon Ride,Ride,,3645,0,,,false,,,activities/3887984914.fit.gz,,,3645.0,3645.0,0.0,0.0,0.0,0.0,0.0,68.4,73.0,0.0,0.0,,,,,,,,,,,22.0,,,,,,,,,,,,,,0.0,,1.0,,,,,,,,,,,,,,,,,,,,,,,,,,,,,,,,,,,,,,,,,,,,,,,,,,""
3641873430,"May 8, 2020, 3:20:13 PM",Afternoon Run,Run,,3979,10.25,,,false,,,activities/3887965362.fit.gz,,,3979.0,3815.0,10253.0,5.0,2.688,11.0,11.0,-42.8,-33.4,3.5,0.0,,,88.0,80.0,,,,,896.0,,,,,,,,,,,,,,,,0.0,,1.0,10268.6,,,,,,,,,,,,,,,,,,,,,,,,,,,,,,,,,,,,,,,,,,,,,,,,,""
3641873217,"May 1, 2020, 4:18:53 PM",Evening Run,Run,,2958,6.69,,,false,,,activities/3887965284.fit.gz,,,2958.0,2536.0,6697.8,5.0,2.641,8.0,9.0,10.8,16.6,3.3,0.0,,,89.0,80.0,,,,,580.0,,,,,,,,,,,,,,,,0.0,,1.0,6701.3,,,,,,,,,,,,,,,,,,,,,,,,,,,,,,,,,,,,,,,,,,,,,,,,,""
3641873219,"Apr 27, 2020, 5:01:17 PM",Evening Run,Run,,3026,6.07,,,false,,,activities/3887965220.fit.gz,,,3026.0,2435.0,6071.1,3.6,2.493,10.0,9.0,6.8,12.4,4.2,0.0,,,88.0,82.0,,,,,528.0,,,,,,,,,,,,,,,,0.0,,1.0,6080.7,,,,,,,,,,,,,,,,,,,,,,,,,,,,,,,,,,,,,,,,,,,,,,,,,""
3359870688,"Apr 15, 2020, 3:26:54 PM",Afternoon Run,Run,,2114,5.70,,,false,,,activities/3590384606.fit.gz,80.0,,2114.0,1889.0,5704.0,4.4,3.018,10.0,8.0,2.8,10.8,11.5,0.1,,,85.0,79.0,,,,,491.0,,,,,,,,,,,,,,,,0.0,,1.0,5718.5,,,,,,,,,,,,,,,,,,,,,,,,,,,,,,,,,,,,,,,,,,,,,,,,,""
3359870657,"Apr 12, 2020, 3:16:11 PM",Afternoon Run,Run,,2375,7.00,,,false,,,activities/3590384591.fit.gz,80.0,,2375.0,2257.0,7005.0,4.2,3.103,9.0,8.0,5.0,10.4,24.8,0.0,,,111.0,80.0,,,,,604.0,,,,,,,,,,,,,,,,0.0,,1.0,7021.1,,,,,,,,,,,,,,,,,,,,,,,,,,,,,,,,,,,,,,,,,,,,,,,,,""
3359870624,"Apr 9, 2020, 3:13:28 PM",Afternoon Run,Run,,2406,7.00,,,false,,,activities/3590384574.fit.gz,80.0,,2406.0,2175.0,7003.7,5.5,3.22,11.0,13.0,28.6,33.6,8.8,0.0,,,88.0,81.0,,,,,599.0,,,,,,,,,,,,,,,,0.0,,1.0,7025.6,,,,,,,,,,,,,,,,,,,,,,,,,,,,,,,,,,,,,,,,,,,,,,,,,""
3359870631,"Apr 7, 2020, 3:30:06 PM",Afternoon Run,Run,,2729,8.00,,,false,,,activities/3590384552.fit.gz,80.0,,2729.0,2475.0,8003.3,4.2,3.233,11.0,11.0,13.8,20.2,3.6,0.0,,,89.0,81.0,,,,,695.0,,,,,,,,,,,,,,,,0.0,,1.0,8019.5,,,,,,,,,,,,,,,,,,,,,,,,,,,,,,,,,,,,,,,,,,,,,,,,,""
3263470523,"Apr 6, 2020, 3:23:12 PM",Afternoon Run,Run,,2904,6.22,,,false,,,activities/3488789216.fit.gz,80.0,,2904.0,2251.0,6227.9,5.2,2.767,10.0,13.0,2.0,12.4,4.7,-0.1,,,88.0,80.0,,,,,537.0,,,,,,,,,,,,,,,,0.0,,1.0,6226.5,,,,,,,,,,,,,,,,,,,,,,,,,,,,,,,,,,,,,,,,,,,,,,,,,""
3262338975,"Mar 21, 2020, 2:28:18 PM",Afternoon Run,Run,,3596,10.47,,,false,,,activities/3487589610.fit.gz,80.0,,3596.0,3298.0,10475.0,5.2,3.175,27.0,23.0,9.6,17.2,9.1,0.0,,,89.0,80.0,,,,,905.0,,,,,,,,,,,,,,,,0.0,,1.0,10518.5,,,,,,,,,,,,,,,,,,,,,,,,,,,,,,,,,,,,,,,,,,,,,,,,,""
3262338850,"Mar 17, 2020, 3:48:29 PM",Afternoon Run,Run,,1911,5.51,,,false,,,activities/3487589562.fit.gz,80.0,,1911.0,1682.0,5513.1,4.7,3.28,10.0,9.0,10.0,19.4,25.3,0.0,,,85.0,79.0,,,,,437.0,,,,,,,,,,,,,,,,0.0,,1.0,5522.1,,,,,,,,,,,,,,,,,,,,,,,,,,,,,,,,,,,,,,,,,,,,,,,,,""
3262338772,"Mar 12, 2020, 3:57:57 PM",Afternoon Run,Run,,4344,9.50,,,false,,,activities/3487589528.fit.gz,80.0,,4344.0,3376.0,9502.2,4.4,2.815,32.0,28.0,84.6,95.6,17.5,0.0,,,89.0,77.0,,,,,833.0,,,,,,,,,,,,,,,,0.0,,1.0,9572.1,,,,,,,,,,,,,,,,,,,,,,,,,,,,,,,,,,,,,,,,,,,,,,,,,""
3262338736,"Jan 26, 2020, 11:05:25 AM",Afternoon Activity,Weight Training,,2786,0,,,false,,,activities/3487589502.fit.gz,,,2786.0,2786.0,,0.0,0.0,,0.0,150.6,156.2,0.0,0.0,,,,,,,,,,,,,,,,,,,,,,,,,0.0,,1.0,,,,,,,,,,,,,,,,,,,,,,,,,,,,,,,,,,,,,,,,,,,,,,,,,,""
3262338743,"Jan 26, 2020, 10:47:39 AM",Lunch Run,Run,,901,2.76,,,false,,,activities/3487589463.fit.gz,80.0,,901.0,901.0,2768.9,3.8,3.077,,0.0,150.8,153.4,0.9,0.1,,,84.0,79.0,,,,,244.0,,,,,,,,,,,,,,,,0.0,,1.0,2772.6,,,,,,,,,,,,,,,,,,,,,,,,,,,,,,,,,,,,,,,,,,,,,,,,,""
3262338753,"Jan 23, 2020, 12:21:57 PM",Afternoon Run,Run,,2298,5.66,,,false,,,activities/3487589430.fit.gz,80.0,,2298.0,1755.0,5666.2,5.8,3.23,6.0,6.0,11.0,16.8,3.0,0.1,,,102.0,81.0,,,,,482.0,,,,,,,,,,,,,,,,0.0,,1.0,5680.7,,,,,,,,,,,,,,,,,,,,,,,,,,,,,,,,,,,,,,,,,,,,,,,,,""
3262338669,"Jan 19, 2020, 10:42:24 AM",Lunch Activity,Weight Training,,2652,0,,,false,,,activities/3487589410.fit.gz,,,2652.0,2652.0,,0.0,0.0,,0.0,-155.2,-149.2,0.0,0.0,,,,,,,,,,,,,,,,,,,,,,,,,0.0,,1.0,,,,,,,,,,,,,,,,,,,,,,,,,,,,,,,,,,,,,,,,,,,,,,,,,,""
3262338652,"Jan 19, 2020, 10:23:06 AM",Lunch Run,Run,,940,2.99,,,false,,,activities/3487589396.fit.gz,80.0,,940.0,940.0,2998.6,3.9,3.191,,0.0,-152.6,-151.0,0.9,0.0,,,85.0,79.0,,,,,264.0,,,,,,,,,,,,,,,,0.0,,1.0,2998.2,,,,,,,,,,,,,,,,,,,,,,,,,,,,,,,,,,,,,,,,,,,,,,,,,""
3262338683,"Jan 16, 2020, 5:40:16 PM",Evening Run,Run,,2777,7.05,,,false,,,activities/3487589379.fit.gz,80.0,,2777.0,2263.0,7057.6,5.7,3.118,10.0,8.0,6.4,13.8,3.7,0.1,,,89.0,80.0,,,,,624.0,,,,,,,,,,,,,,,,0.0,,1.0,7076.4,,,,,,,,,,,,,,,,,,,,,,,,,,,,,,,,,,,,,,,,,,,,,,,,,""
3262338630,"Jan 16, 2020, 5:09:12 PM",Evening Run,Run,,256,0.73,,,false,,,activities/3487589358.fit.gz,80.0,,256.0,256.0,737.7,3.7,2.893,,0.0,-18.0,-17.2,0.8,0.1,,,82.0,79.0,,,,,63.0,,,,,,,,,,,,,,,,0.0,,1.0,738.7,,,,,,,,,,,,,,,,,,,,,,,,,,,,,,,,,,,,,,,,,,,,,,,,,""
3262338655,"Jan 15, 2020, 5:31:39 PM",Evening Run,Run,,418,0.99,166.0,12,false,,,activities/3487589323.fit.gz,80.0,,418.0,418.0,996.6,2.6,2.385,,0.0,-45.4,-43.8,1.5,-0.1,,,79.0,76.0,166.0,162.0,,,108.0,,,12.0,,,,,,,,,,,,,0.0,,1.0,995.6,,,,,,,,,,,,,,,,,,,,,,,,,,,,,,,,,,,,,,,,,,,,,,,,,""
3262338634,"Jan 15, 2020, 4:52:39 PM",Evening Activity,Weight Training,,2311,0,178.0,28,false,,,activities/3487589310.fit.gz,,,2311.0,2311.0,,0.0,0.0,,0.0,-44.6,-34.8,0.0,0.0,,,,,178.0,149.0,,,494.0,,,28.0,,,,,,,,,,,,,0.0,,1.0,,,,,,,,,,,,,,,,,,,,,,,,,,,,,,,,,,,,,,,,,,,,,,,,,,""
3262338565,"Jan 15, 2020, 4:36:57 PM",Evening Run,Run,,798,2.49,182.0,24,false,,,activities/3487589295.fit.gz,80.0,,798.0,798.0,2498.1,3.7,3.133,,0.0,-34.4,-31.2,2.1,-0.1,,,86.0,80.0,182.0,167.0,,,210.0,,,24.0,,,,,,,,,,,,,0.0,,1.0,2496.4,,,,,,,,,,,,,,,,,,,,,,,,,,,,,,,,,,,,,,,,,,,,,,,,,""
3641892059,"Jan 12, 2020, 6:43:13 AM",Morning Ride,Ride,,4150,29.55,,,false,,,activities/3887984850.fit.gz,,,4150.0,3874.0,29551.5,15.3,7.628,180.0,185.0,49.2,135.6,7.6,0.0,,,,,,,,127.0,1090.0,,7.0,,,,,,,,,,,,,,0.0,,1.0,,,,,,,,,,,,,,,,,,,,,,,,,,,,,,,,,,,,,,,,,,,,,,,,,,""
3641891931,"Jan 3, 2020, 6:35:04 AM",Morning Ride,Ride,,4212,28.74,,,false,,,activities/3887984748.fit.gz,,,4212.0,3968.0,28742.5,11.7,7.244,171.0,179.0,32.0,109.4,9.5,0.0,,,,,,,,115.0,1083.0,,7.0,,,,,,,,,,,,,,0.0,,1.0,,,,,,,,,,,,,,,,,,,,,,,,,,,,,,,,,,,,,,,,,,,,,,,,,,""
3641891819,"Dec 29, 2019, 7:53:25 AM",Morning Ride,Ride,,3386,22.10,,,false,,,activities/3887984579.fit.gz,,,3386.0,2946.0,22099.0,14.7,7.501,208.0,197.0,1.2,136.6,13.1,0.0,,,,,,,,154.0,910.0,,13.0,,,,,,,,,,,,,,0.0,,1.0,,,,,,,,,,,,,,,,,,,,,,,,,,,,,,,,,,,,,,,,,,,,,,,,,,""
3641891795,"Dec 22, 2019, 6:23:07 AM",Morning Ride,Ride,,9137,50.39,,,false,,,activities/3887984470.fit.gz,,,9137.0,6807.0,50392.1,12.8,7.403,240.0,246.0,41.6,144.6,12.3,-0.1,,,,,,,,117.0,1850.0,,12.0,,,,,,,,,,,,,,0.0,,1.0,,,,,,,,,,,,,,,,,,,,,,,,,,,,,,,,,,,,,,,,,,,,,,,,,,""
3262338502,"Nov 16, 2019, 9:16:38 AM",Lunch Run,Run,,617,1.63,,,false,,,activities/3487589233.fit.gz,80.0,,617.0,598.0,1631.5,3.2,2.725,,2.0,-147.0,-143.8,2.0,-0.1,,,95.0,80.0,,,,,141.0,,,,,,,,,,,,,,,,0.0,,1.0,1628.5,,,,,,,,,,,,,,,,,,,,,,,,,,,,,,,,,,,,,,,,,,,,,,,,,""
3262338577,"Nov 16, 2019, 9:45:37 AM",Morning Run,Run,,2999,4.10,,,false,,,activities/3487589262.fit.gz,80.0,,2999.0,1343.0,4102.9,4.2,3.054,2.0,4.0,8.6,12.0,2.2,0.0,,,89.0,81.0,,,,,347.0,,,,,,,,,,,,,,,,0.0,,1.0,4105.5,,,,,,,,,,,,,,,,,,,,,,,,,,,,,,,,,,,,,,,,,,,,,,,,,""
3262338535,"Nov 9, 2019, 9:14:17 AM",Morning Run,Run,,5725,8.46,,,false,,,activities/3487589205.fit.gz,80.0,,5725.0,3149.0,8468.6,7.1,2.689,10.0,6.0,-71.0,-64.0,6.1,0.1,,,106.0,80.0,,,,,698.0,,,,,,,,,,,,,,,,0.0,,1.0,8486.1,,,,,,,,,,,,,,,,,,,,,,,,,,,,,,,,,,,,,,,,,,,,,,,,,""
3262338490,"Nov 5, 2019, 7:55:25 AM",Morning Run,Run,,2227,6.76,178.0,35,false,,,activities/3487589167.fit.gz,80.0,,2227.0,2195.0,6759.2,3.9,3.079,,0.0,-36.6,-33.2,4.9,0.0,,,84.0,78.0,178.0,152.0,,,513.0,,,35.0,,,,,,,,,,,,,0.0,,1.0,6757.3,,,,,,,,,,,,,,,,,,,,,,,,,,,,,,,,,,,,,,,,,,,,,,,,,""
3262338399,"Nov 4, 2019, 5:17:37 PM",Evening Ride,Ride,,432,1.87,,,false,,,activities/3487589141.fit.gz,80.0,,432.0,432.0,1874.5,6.5,4.392,4.0,4.0,13.6,18.0,7.0,0.0,,,,,,,,40.0,44.0,,,,,,,,,,,,,,,,0.0,,1.0,,,,,,,,,,,,,,,,,,,,,,,,,,,,,,,,,,,,,,,,,,,,,,,,,,""
3262338422,"Oct 26, 2019, 12:35:21 PM",Afternoon Run,Run,,2282,8.05,187.0,114,false,,,activities/3487589110.fit.gz,80.0,,2282.0,2282.0,8054.5,5.2,3.53,20.0,20.0,1.4,7.4,9.6,0.0,,,98.0,82.0,187.0,180.0,,,658.0,,,114.0,,,,,,,,,,,,,0.0,,1.0,8082.5,,,,,,,,,,,,,,,,,,,,,,,,,,,,,,,,,,,,,,,,,,,,,,,,,""
3262338423,"Oct 20, 2019, 4:35:30 AM",Morning Run,Run,,2605,9.97,196.0,140,false,,,activities/3487589083.fit.gz,80.0,,2605.0,2605.0,9974.8,4.8,3.829,21.0,22.0,137.8,157.8,10.3,0.0,,,89.0,82.0,196.0,182.0,,,732.0,,,140.0,,,,,,,,,,,,,0.0,,1.0,9987.9,,,,,,,,,,,,,,,,,,,,,,,,,,,,,,,,,,,,,,,,,,,,,,,,,""
2662922502,"Aug 29, 2019, 4:16:10 PM",Evening Run,Run,,4795,8.91,,,false,,,activities/2662922502.json,80.0,,4795.0,2091.0,8915.5,8.3,,,,15.4,21.4,4.7,-0.1,,,,,,,,,878.0,,,,,,,,,,,,,,,,,,,,,,,,,,,,,,,,,,,,,,,,,,,,,,,,,,,,,,,,,,,,,,,,,,,,""
3641891631,"Jun 12, 2019, 2:46:13 PM",Afternoon Ride,Ride,,5514,35.00,193.0,108,false,,,activities/3887984347.fit.gz,,,5514.0,5494.0,35008.3,17.3,6.372,659.0,658.0,0.4,182.4,14.3,0.0,,,,,,152.0,,156.0,1104.0,,24.0,108.0,,,,,,,,,,,,,0.0,,1.0,,,,,,,,,,,,,,,,,,,,,,,,,,,,,,,,,,,,,,,,,,,,,,,,,,""
3641891322,"Jun 9, 2019, 5:30:23 AM",Morning Ride,Ride,,1958,19.69,,,false,,,activities/3887984123.fit.gz,,,1958.0,1958.0,19691.0,12.5,10.057,24.0,26.0,5.2,13.6,10.3,0.0,,,,,,,,231.0,860.0,,21.0,,,,,,,,,,,,,,0.0,,1.0,,,,,,,,,,,,,,,,,,,,,,,,,,,,,,,,,,,,,,,,,,,,,,,,,,""
3641891151,"Jun 2, 2019, 5:51:57 AM",Morning Ride,Ride,,4543,32.20,,,false,,,activities/3887983990.fit.gz,,,4543.0,4366.0,32207.3,11.3,7.377,98.0,98.0,16.6,63.8,5.0,0.0,,,,,,,,115.0,1197.0,,25.0,,,,,,,,,,,,,,0.0,,1.0,,,,,,,,,,,,,,,,,,,,,,,,,,,,,,,,,,,,,,,,,,,,,,,,,,""
3641891137,"May 10, 2019, 5:25:45 AM",Morning Ride,Ride,,6513,33.16,,,false,,,activities/3887983863.fit.gz,,,6513.0,4453.0,33162.4,19.5,7.447,354.0,364.0,17.6,149.6,48.6,0.0,,,,,,,,147.0,1412.0,,18.0,,,,,,,,,,,,,,0.0,,1.0,,,,,,,,,,,,,,,,,,,,,,,,,,,,,,,,,,,,,,,,,,,,,,,,,,""
3641891020,"May 5, 2019, 5:48:18 AM",Morning Ride,Ride,,2058,19.20,,,false,,,activities/3887983788.fit.gz,,,2058.0,2058.0,19206.0,13.4,9.332,94.0,94.0,2.2,18.8,8.4,0.0,,,,,,,,206.0,878.0,,16.0,,,,,,,,,,,,,,0.0,,1.0,,,,,,,,,,,,,,,,,,,,,,,,,,,,,,,,,,,,,,,,,,,,,,,,,,""
3641890935,"Apr 29, 2019, 5:14:40 AM",Morning Ride,Ride,,2294,22.89,,,false,,,activities/3887983742.fit.gz,,,2294.0,2294.0,22897.0,12.4,9.981,34.0,112.0,-1.4,87.4,4.0,-0.4,,,,,,,,194.0,995.0,,19.0,,,,,,,,,,,,,,0.0,,1.0,,,,,,,,,,,,,,,,,,,,,,,,,,,,,,,,,,,,,,,,,,,,,,,,,,""
3641890764,"Mar 24, 2019, 7:05:12 AM",Morning Ride,Ride,,362,1.96,,,false,,,activities/3887983567.fit.gz,,,362.0,362.0,1962.6,6.3,5.422,22.0,0.0,64.0,87.0,3.2,1.2,,,,,,,,107.0,61.0,,12.0,,,,,,,,,,,,,,0.0,,1.0,,,,,,,,,,,,,,,,,,,,,,,,,,,,,,,,,,,,,,,,,,,,,,,,,,""
3641890686,"Mar 24, 2019, 6:04:58 AM",Morning Ride,Ride,,3458,33.07,,,false,,,activities/3887983417.fit.gz,,,3458.0,3395.0,33073.9,15.3,9.742,132.0,208.0,37.8,182.4,5.0,-0.2,,,,,,,,209.0,1333.0,,12.0,,,,,,,,,,,,,,0.0,,1.0,,,,,,,,,,,,,,,,,,,,,,,,,,,,,,,,,,,,,,,,,,,,,,,,,,""
3641890590,"Mar 17, 2019, 7:21:53 AM",Morning Ride,Ride,,3490,25.41,,,false,,,activities/3887983322.fit.gz,,,3490.0,3450.0,25417.2,13.3,7.367,196.0,202.0,37.6,149.2,10.4,0.0,,,,,,,,123.0,990.0,,17.0,,,,,,,,,,,,,,0.0,,1.0,,,,,,,,,,,,,,,,,,,,,,,,,,,,,,,,,,,,,,,,,,,,,,,,,,""
3641890545,"Mar 11, 2019, 6:13:58 AM",Morning Ride,Ride,,11413,70.32,,,false,,,activities/3887983253.fit.gz,,,11413.0,8769.0,70327.9,12.8,8.02,387.0,384.0,35.6,127.4,19.7,0.0,,,,,,,,143.0,2893.0,,16.0,,,,,,,,,,,,,,0.0,,1.0,,,,,,,,,,,,,,,,,,,,,,,,,,,,,,,,,,,,,,,,,,,,,,,,,,""
2314985711,"Mar 3, 2019, 8:40:48 AM",Morning Run,Run,,231,0.88,,,false,,,activities/2463506386.fit.gz,80.0,,231.0,231.0,882.4,4.3,,0.0,7.0,46.4,54.0,1.4,-0.7,,,87.0,83.0,,,,,77.0,,,,,,,,,,,,,,,,0.0,,,,,,,,,,,,,,,,,,,,,,,,,,,,,,,,,,,,,,,,,,,,,,,,,,,,""
2314985681,"Mar 3, 2019, 8:03:16 AM",Morning Ride,Ride,,1829,15.50,,,false,,,activities/2463506355.fit.gz,80.0,,1829.0,1812.0,15505.2,14.3,,87.0,85.0,25.0,101.6,9.9,0.0,,,,,,,,178.0,662.0,,,,,,,,,,,,,,,,0.0,,,,,,,,,,,,,,,,,,,,,,,,,,,,,,,,,,,,,,,,,,,,,,,,,,,,""
2314985598,"Mar 3, 2019, 7:40:35 AM",Morning Run,Run,,1294,5.05,,,false,,,activities/2463506323.fit.gz,80.0,,1294.0,1294.0,5052.9,7.6,,16.0,13.0,42.4,52.0,2.6,0.0,,,90.0,85.0,,,,,436.0,,,,,,,,,,,,,,,,0.0,,,,,,,,,,,,,,,,,,,,,,,,,,,,,,,,,,,,,,,,,,,,,,,,,,,,""
3641890235,"Feb 24, 2019, 6:36:33 AM",Morning Ride,Ride,,4442,40.76,,,false,,,activities/3887982977.fit.gz,,,4442.0,4253.0,40761.4,14.7,9.584,123.0,114.0,43.2,123.4,21.0,0.0,,,,,,,,210.0,1663.0,,13.0,,,,,,,,,,,,,,0.0,,1.0,,,,,,,,,,,,,,,,,,,,,,,,,,,,,,,,,,,,,,,,,,,,,,,,,,""
3641890121,"Feb 21, 2019, 6:05:58 AM",Morning Ride,Ride,,6782,45.84,,,false,,,activities/3887982806.fit.gz,,,6782.0,5868.0,45842.0,12.7,7.812,212.0,191.0,1.6,91.2,10.9,0.0,,,,,,,,135.0,1821.0,,13.0,,,,,,,,,,,,,,0.0,,1.0,,,,,,,,,,,,,,,,,,,,,,,,,,,,,,,,,,,,,,,,,,,,,,,,,,""
3641890165,"Feb 17, 2019, 7:16:21 AM",Morning Ride,Ride,,4347,36.93,,,false,,,activities/3887982760.fit.gz,,,4347.0,4347.0,36932.5,14.9,8.496,253.0,257.0,41.0,195.4,4.4,0.0,,,,,,,,162.0,1493.0,,12.0,,,,,,,,,,,,,,0.0,,1.0,,,,,,,,,,,,,,,,,,,,,,,,,,,,,,,,,,,,,,,,,,,,,,,,,,""
2314985545,"Feb 17, 2019, 6:18:49 AM",Morning Run,Run,,2631,6.92,,,false,,,activities/2463506246.fit.gz,80.0,,2631.0,2042.0,6919.0,5.1,,1.0,1.0,44.8,47.6,1.4,0.0,,,100.0,83.0,,,,,599.0,,,,,,,,,,,,,,,,0.0,,,,,,,,,,,,,,,,,,,,,,,,,,,,,,,,,,,,,,,,,,,,,,,,,,,,""
2314985515,"Feb 12, 2019, 3:19:33 PM",Afternoon Run,Run,,4072,10.03,,,false,,,activities/2463506207.fit.gz,80.0,,4072.0,3182.0,10037.5,6.2,,0.0,1.0,36.8,41.6,2.4,0.0,,,101.0,82.0,,,,,849.0,,,,,,,,,,,,,,,,0.0,,,,,,,,,,,,,,,,,,,,,,,,,,,,,,,,,,,,,,,,,,,,,,,,,,,,""
2314985434,"Feb 10, 2019, 8:22:51 AM",Morning Run,Run,,1435,4.21,,,false,,,activities/2463506145.fit.gz,80.0,,1435.0,1435.0,4212.1,3.7,,48.0,48.0,-2.6,22.8,10.3,0.0,,,87.0,82.0,,,,,368.0,,,,,,,,,,,,,,,,0.0,,,,,,,,,,,,,,,,,,,,,,,,,,,,,,,,,,,,,,,,,,,,,,,,,,,,""
2314985414,"Feb 10, 2019, 8:12:39 AM",Morning Run,Run,,548,2.40,,,false,,,activities/2463506109.fit.gz,80.0,,548.0,548.0,2400.6,5.9,,36.0,31.0,1.4,26.8,8.6,0.0,,,95.0,85.0,,,,,203.0,,,,,,,,,,,,,,,,0.0,,,,,,,,,,,,,,,,,,,,,,,,,,,,,,,,,,,,,,,,,,,,,,,,,,,,""
3641889968,"Feb 10, 2019, 6:39:57 AM",Morning Ride,Ride,,4903,40.16,,,false,,,activities/3887982668.fit.gz,,,4903.0,4828.0,40161.9,11.7,8.319,119.0,112.0,5.4,67.4,17.7,0.0,,,,,,,,141.0,1572.0,,10.0,,,,,,,,,,,,,,0.0,,1.0,,,,,,,,,,,,,,,,,,,,,,,,,,,,,,,,,,,,,,,,,,,,,,,,,,""
2130621634,"Feb 7, 2019, 2:53:08 PM",Afternoon Run,Run,,5474,10.37,,,false,,,activities/2130621634.fit,80.0,,5474.0,3997.0,10370.4,4.9,,85.0,97.0,13.2,72.0,49.6,0.0,,,,84.0,,156.0,,,684.0,,,,,,,,,,,,,,,,0.0,,,,,,,,,,,,,,,,,,,,,,,,,,,,,,,,,,,,,,,,,,,,,,,,,,,,""
2314985407,"Feb 7, 2019, 2:52:58 PM",Afternoon Run,Run,,5434,10.80,,,false,,,activities/2463506092.fit.gz,80.0,,5434.0,3606.0,10807.2,6.1,,2.0,3.0,32.4,38.0,2.2,0.0,,,99.0,81.0,,,,,913.0,,,,,,,,,,,,,,,,0.0,,,,,,,,,,,,,,,,,,,,,,,,,,,,,,,,,,,,,,,,,,,,,,,,,,,,""
2314985348,"Feb 5, 2019, 2:54:04 PM",Afternoon Run,Run,,2728,6.37,,,false,,,activities/2463506026.fit.gz,80.0,,2728.0,1801.0,6377.8,7.4,,5.0,2.0,40.4,48.2,11.1,0.1,,,98.0,81.0,,,,,528.0,,,,,,,,,,,,,,,,0.0,,,,,,,,,,,,,,,,,,,,,,,,,,,,,,,,,,,,,,,,,,,,,,,,,,,,""
3641889872,"Feb 3, 2019, 6:39:28 AM",Morning Ride,Ride,,7881,62.43,,,false,,,activities/3887982568.fit.gz,,,7881.0,7845.0,62438.1,12.4,7.959,355.0,356.0,61.4,239.6,31.0,0.0,,,,,,,,134.0,2456.0,,12.0,,,,,,,,,,,,,,0.0,,1.0,,,,,,,,,,,,,,,,,,,,,,,,,,,,,,,,,,,,,,,,,,,,,,,,,,""
2314985340,"Jan 31, 2019, 3:19:25 PM",Afternoon Run,Run,,4257,8.14,,,false,,,activities/2463505997.fit.gz,80.0,,4257.0,2428.0,8144.1,6.0,,0.0,2.0,36.0,42.0,2.6,0.0,,,103.0,84.0,,,,,679.0,,,,,,,,,,,,,,,,0.0,,,,,,,,,,,,,,,,,,,,,,,,,,,,,,,,,,,,,,,,,,,,,,,,,,,,""
2314985320,"Jan 27, 2019, 7:59:06 AM",Morning Run,Run,,963,2.85,,,false,,,activities/2463505968.fit.gz,80.0,,963.0,941.0,2854.8,4.8,,39.0,40.0,6.6,31.6,9.1,0.0,,,89.0,82.0,,,,,247.0,,,,,,,,,,,,,,,,0.0,,,,,,,,,,,,,,,,,,,,,,,,,,,,,,,,,,,,,,,,,,,,,,,,,,,,""
3641889747,"Jan 27, 2019, 6:34:55 AM",Morning Ride,Ride,,4710,41.77,,,false,,,activities/3887982474.fit.gz,,,4710.0,4710.0,41773.1,13.3,8.869,123.0,119.0,-17.8,44.0,7.0,0.0,,,,,,,,173.0,1655.0,,11.0,,,,,,,,,,,,,,0.0,,1.0,,,,,,,,,,,,,,,,,,,,,,,,,,,,,,,,,,,,,,,,,,,,,,,,,,""
2314985287,"Jan 26, 2019, 6:39:55 AM",Morning Run,Run,,3697,10.83,,,false,,,activities/2463505950.fit.gz,80.0,,3697.0,3540.0,10836.8,4.7,,24.0,17.0,34.2,40.2,5.5,0.0,,,91.0,83.0,,,,,943.0,,,,,,,,,,,,,,,,0.0,,,,,,,,,,,,,,,,,,,,,,,,,,,,,,,,,,,,,,,,,,,,,,,,,,,,""
3641889587,"Jan 20, 2019, 6:30:25 AM",Morning Ride,Ride,,8596,57.40,,,false,,,activities/3887982308.fit.gz,,,8596.0,7223.0,57399.2,16.9,7.947,333.0,333.0,36.0,188.0,8.2,0.0,,,,,,,,146.0,2147.0,,11.0,,,,,,,,,,,,,,0.0,,1.0,,,,,,,,,,,,,,,,,,,,,,,,,,,,,,,,,,,,,,,,,,,,,,,,,,""
3641889495,"Jan 13, 2019, 6:51:43 AM",Morning Ride,Ride,,5214,41.77,,,false,,,activities/3887982165.fit.gz,,,5214.0,5198.0,41776.8,14.7,8.037,134.0,137.0,29.6,133.4,42.7,0.0,,,,,,,,137.0,1577.0,,11.0,,,,,,,,,,,,,,0.0,,1.0,,,,,,,,,,,,,,,,,,,,,,,,,,,,,,,,,,,,,,,,,,,,,,,,,,""
3641889332,"Jan 13, 2019, 6:51:30 AM",Morning Ride,Ride,,1,0.00,,,false,,,activities/3887982083.fit.gz,,,1.0,1.0,3.2,0.0,3.2,0.0,0.0,74.8,74.8,0.0,0.0,,,,,,,,,,,12.0,,,,,,,,,,,,,,0.0,,1.0,,,,,,,,,,,,,,,,,,,,,,,,,,,,,,,,,,,,,,,,,,,,,,,,,,""
3641889213,"Jan 10, 2019, 4:05:16 PM",Evening Ride,Ride,,4201,28.75,,,false,,,activities/3887981982.fit.gz,,,4201.0,4201.0,28754.6,8.2,6.845,0.0,0.0,8.2,11.2,0.2,0.0,,,,,,,,,938.0,,12.0,,,,,,,,,,,,,,0.0,,1.0,,,,,,,,,,,,,,,,,,,,,,,,,,,,,,,,,,,,,,,,,,,,,,,,,,""
2314985262,"Jan 5, 2019, 6:17:36 AM",Morning Run,Run,,4339,10.06,,,false,,,activities/2463505928.fit.gz,80.0,,4339.0,3248.0,10066.3,4.4,,3.0,1.0,43.0,47.2,6.2,0.0,,,90.0,83.0,,,,,880.0,,,,,,,,,,,,,,,,0.0,,,,,,,,,,,,,,,,,,,,,,,,,,,,,,,,,,,,,,,,,,,,,,,,,,,,""
3641889210,"Dec 31, 2018, 6:05:30 AM",Morning Ride,Ride,,6208,47.23,,,false,,,activities/3887981822.fit.gz,,,6208.0,6189.0,47233.1,13.5,7.632,226.0,233.0,36.2,171.0,34.9,0.0,,,,,,,,119.0,1754.0,,6.0,,,,,,,,,,,,,,0.0,,1.0,,,,,,,,,,,,,,,,,,,,,,,,,,,,,,,,,,,,,,,,,,,,,,,,,,""
2314985230,"Dec 29, 2018, 6:12:59 AM",Morning Run,Run,,3854,11.49,,,false,,,activities/2463505892.fit.gz,80.0,,3854.0,3837.0,11497.7,4.0,,2.0,0.0,43.6,46.0,1.5,0.0,,,89.0,83.0,,,,,1014.0,,,,,,,,,,,,,,,,0.0,,,,,,,,,,,,,,,,,,,,,,,,,,,,,,,,,,,,,,,,,,,,,,,,,,,,""
2314985188,"Dec 18, 2018, 3:04:34 PM",Afternoon Run,Run,,3383,7.15,,,false,,,activities/2463505847.fit.gz,80.0,,3383.0,2584.0,7157.8,5.9,,7.0,0.0,35.8,42.4,3.3,0.1,,,97.0,81.0,,,,,589.0,,,,,,,,,,,,,,,,0.0,,,,,,,,,,,,,,,,,,,,,,,,,,,,,,,,,,,,,,,,,,,,,,,,,,,,""
2314985159,"Dec 15, 2018, 6:02:13 AM",Morning Run,Run,,3350,8.25,,,false,,,activities/2463505796.fit.gz,80.0,,3350.0,2596.0,8250.7,6.1,,4.0,1.0,29.4,33.4,5.9,0.0,,,97.0,83.0,,,,,723.0,,,,,,,,,,,,,,,,0.0,,,,,,,,,,,,,,,,,,,,,,,,,,,,,,,,,,,,,,,,,,,,,,,,,,,,""
2314985130,"Dec 14, 2018, 3:22:52 PM",Afternoon Run,Run,,3093,5.91,,,false,,,activities/2463505758.fit.gz,80.0,,3093.0,2343.0,5918.5,2.9,,1.0,1.0,36.4,39.8,1.2,0.0,,,87.0,82.0,,,,,522.0,,,,,,,,,,,,,,,,0.0,,,,,,,,,,,,,,,,,,,,,,,,,,,,,,,,,,,,,,,,,,,,,,,,,,,,""
2011291182,"Dec 11, 2018, 7:10:00 AM",Morning Run,Run,,2257,7.80,,,false,,,activities/2149672486.fit.gz,80.0,,2257.0,2257.0,7800.2,4.3,,10.0,14.0,92.4,101.8,3.3,0.0,,,89.0,83.0,,,,,688.0,,,,,,,,,,,,,,,,0.0,,,,,,,,,,,,,,,,,,,,,,,,,,,,,,,,,,,,,,,,,,,,,,,,,,,,""
2011291156,"Dec 9, 2018, 8:06:26 AM",Morning Swim,Swim,,2895,"2,862",,,false,,,activities/2149672467.fit.gz,,,2895.0,2895.0,2862.2,1.4,,0.0,0.0,0.0,0.0,0.0,0.0,,,30.0,27.0,,,,,666.0,,,,,,,,,,,,,,,,0.0,,,,,,,,,,,,,,,,,,,,,,,,,,,,,,,,,,,,,,,,,,,,,,,,,,,,""
2011291150,"Dec 8, 2018, 6:46:39 AM",Morning Run,Run,,3417,5.56,,,false,,,activities/2149672432.fit.gz,80.0,,3417.0,2107.0,5566.0,3.7,,0.0,0.0,42.8,45.2,1.2,0.0,,,84.0,81.0,,,,,486.0,,,,,,,,,,,,,,,,0.0,,,5568.5,,,,,,,,,,,,,,,,,,,,,,,,,,,,,,,,,,,,,,,,,,,,,,,,,""
2011291125,"Dec 7, 2018, 3:06:28 PM",Afternoon Run,Run,,2710,9.34,,,false,,,activities/2149672395.fit.gz,80.0,,2710.0,2710.0,9342.3,4.3,,1.0,1.0,32.2,36.4,3.9,0.0,,,90.0,83.0,,,,,829.0,,,,,,,,,,,,,,,,0.0,,,,,,,,,,,,,,,,,,,,,,,,,,,,,,,,,,,,,,,,,,,,,,,,,,,,""
2000063284,"Dec 4, 2018, 3:07:48 PM",Afternoon Run,Run,"",4412,9.29,,,false,,,activities/2138031452.fit.gz,80.0,,4412.0,2811.0,9296.3,6.4,,5.0,0.0,38.0,43.2,3.7,0.0,,,101.0,83.0,,,,,770.0,,,,,,,,,,,,,,,,0.0,,,,,,,,,,,,,,,,,,,,,,,,,,,,,,,,,,,,,,,,,,,,,,,,,,,,media/6FF3B895-86A2-493B-890C-3E4DDB1D2AFA.jpg
1995655532,"Dec 2, 2018, 5:59:51 AM",Morning Ride,Ride,"",12179,72.93,,,false,,,activities/2133425906.fit.gz,80.0,,12179.0,10117.0,72932.3,17.9,,847.0,838.0,19.6,276.2,37.1,0.0,,,,,,,,147.0,3052.0,,14.0,,,,,,,,,,,,,,0.0,,,,,,,,,,,,,,,,,,,,,,,,,,,,,,,,,,,,,,,,,,,,,,,,,,,,media/B29CE462-C506-4769-9718-77EEDC09B50C.jpg
2000063282,"Dec 1, 2018, 6:14:36 AM",Morning Run,Run,,2961,5.13,,,false,,,activities/2138031417.fit.gz,80.0,,2961.0,1937.0,5133.3,3.2,,0.0,1.0,34.8,41.0,1.4,-0.1,,,84.0,80.0,,,,,449.0,,,,,,,,,,,,,,,,0.0,,,,,,,,,,,,,,,,,,,,,,,,,,,,,,,,,,,,,,,,,,,,,,,,,,,,""
2000063240,"Nov 30, 2018, 6:42:40 AM",Morning Swim,Swim,,2438,"2,133",,,false,,,activities/2138031360.fit.gz,,,2438.0,2406.0,2133.0,1.3,,0.0,0.0,-0.2,0.0,0.0,0.0,,,27.0,25.0,,,,,494.0,,,,,,,,,,,,,,,,0.0,,,,,,,,,,,,,,,,,,,,,,,,,,,,,,,,,,,,,,,,,,,,,,,,,,,,""
1995655218,"Nov 29, 2018, 5:34:54 AM",Morning Ride,Ride,,5644,44.15,,,false,,,activities/2133425723.fit.gz,80.0,,5644.0,5603.0,44156.0,13.6,,200.0,210.0,30.6,140.0,5.7,0.0,,,,,,,,130.0,1634.0,,14.0,,,,,,,,,,,,,,0.0,,,,,,,,,,,,,,,,,,,,,,,,,,,,,,,,,,,,,,,,,,,,,,,,,,,,""
1965647872,"Nov 15, 2018, 5:37:03 AM",Morning Ride,Ride,"",11474,53.14,,,false,,,activities/2102157397.fit.gz,80.0,,11474.0,9531.0,53144.2,17.4,,1191.0,1194.0,34.2,1152.0,17.3,0.0,,,,,,,,141.0,2558.0,,10.0,,,,,,,,,,,,,,0.0,,,,,,,,,,,,,,,,,,,,,,,,,,,,,,,,,,,,,,,,,,,,,,,,,,,,media/84300DAC-CCFC-4721-9C46-BE6B8E262905.jpg|media/6FB84BB5-5705-447A-8318-2568F3414275.jpg|media/6018A83C-E7E1-4F95-AA36-7838AAEEDC20.jpg|media/F1886842-24EB-4F5F-849E-65E998A0BE93.jpg
1965647608,"Nov 10, 2018, 5:39:20 AM",Morning Ride,Ride,,5068,36.48,,,false,,,activities/2102157021.fit.gz,80.0,,5068.0,5068.0,36485.2,12.4,,254.0,260.0,83.6,187.8,10.2,0.0,,,,,,,,109.0,1367.0,,15.0,,,,,,,,,,,,,,0.0,,,,,,,,,,,,,,,,,,,,,,,,,,,,,,,,,,,,,,,,,,,,,,,,,,,,""
1944673520,"Nov 4, 2018, 5:23:32 AM",Morning Ride,Ride,"",11524,85.21,,,false,,,activities/2080595108.fit.gz,80.0,,11524.0,10206.0,85215.5,18.9,,558.0,562.0,25.6,275.0,14.4,0.0,,,,,,,,164.0,3435.0,,20.0,,,,,,,,,,,,,,0.0,,,,,,,,,,,,,,,,,,,,,,,,,,,,,,,,,,,,,,,,,,,,,,,,,,,,media/52D2EDB7-6654-4E13-969B-6843CBD96B23.jpg
1940809657,"Nov 2, 2018, 6:43:01 AM",Morning Swim,Swim,,3303,"2,731",,,false,,,activities/2076587739.fit.gz,,,3303.0,3179.0,2730.5,1.7,,0.0,0.0,-0.3,0.1,0.0,0.0,,,31.0,25.0,,,,,632.0,,,,,,,,,,,,,,,,0.0,,,,,,,,,,,,,,,,,,,,,,,,,,,,,,,,,,,,,,,,,,,,,,,,,,,,""
1938857764,"Nov 1, 2018, 4:53:35 AM",Morning Ride,Ride,"",8534,61.34,,,false,,,activities/2074581676.fit.gz,80.0,,8534.0,8498.0,61339.4,14.9,,536.0,542.0,4.0,178.8,12.0,0.0,,,,,,,,130.0,2477.0,,17.0,,,,,,,,,,,,,,0.0,,,,,,,,,,,,,,,,,,,,,,,,,,,,,,,,,,,,,,,,,,,,,,,,,,,,media/1044A2F3-4D02-4417-9E01-3995FE966BD6.jpg|media/13CB5F54-F035-444F-B304-52D1033CF084.jpg|media/08ACC484-9D0F-4659-A94F-6D002CCD7DEB.jpg
1935343347,"Oct 29, 2018, 2:02:15 PM",Afternoon Run,Run,,2127,6.21,,,false,,,activities/2070973309.fit.gz,80.0,,2127.0,2040.0,6209.5,4.4,,1.0,0.0,34.8,36.4,3.8,0.0,,,86.0,81.0,,,,,542.0,,,,,,,,,,,,,,,,0.0,,,6214.5,,,,,,,,,,,,,,,,,,,,,,,,,,,,,,,,,,,,,,,,,,,,,,,,,""
1935341544,"Oct 28, 2018, 7:00:00 AM",Morning Swim,Swim,,2783,"2,888",,,false,,,activities/2070971566.fit.gz,,,2783.0,2783.0,2887.9,2.3,,0.0,0.0,0.0,0.2,0.0,0.0,,,35.0,27.0,,,,,676.0,,,,,,,,,,,,,,,,0.0,,,,,,,,,,,,,,,,,,,,,,,,,,,,,,,,,,,,,,,,,,,,,,,,,,,,""
1938857731,"Oct 21, 2018, 4:28:02 AM",Morning Ride,Ride,,11827,81.06,,,false,,,activities/2074581619.fit.gz,80.0,,11827.0,11159.0,81067.9,17.2,,912.0,919.0,-2.0,180.4,41.2,0.0,,,,,,,,155.0,3603.0,,20.0,,,,,,,,,,,,,,0.0,,,,,,,,,,,,,,,,,,,,,,,,,,,,,,,,,,,,,,,,,,,,,,,,,,,,""
1938857645,"Oct 20, 2018, 4:33:51 AM",Morning Ride,Ride,,3044,24.59,,,false,,,activities/2074581553.fit.gz,80.0,,3044.0,3027.0,24596.2,15.8,,143.0,151.0,24.2,119.0,13.6,0.0,,,,,,,,140.0,983.0,,17.0,,,,,,,,,,,,,,0.0,,,,,,,,,,,,,,,,,,,,,,,,,,,,,,,,,,,,,,,,,,,,,,,,,,,,""
1904019608,"Oct 14, 2018, 6:15:48 AM",Aspava triathlon run,Run,"",1212,4.79,,,false,,,activities/2038569131.fit.gz,80.0,,1212.0,1212.0,4798.6,5.1,,65.0,62.0,7.6,31.8,9.3,0.0,,,95.0,83.0,,,,,418.0,,,,,,,,,,,,,,,,0.0,,,4899.3,,,,,,,,,,,,,,,,,,,,,,,,,,,,,,,,,,,,,,,,,,,,,,,,,""
1904019547,"Oct 14, 2018, 5:54:27 AM",Aspava tri bike (from garmin 920xt),Ride,"",1998,19.53,,,false,,,activities/2038569113.fit.gz,80.0,,1998.0,1998.0,19532.6,13.2,,85.0,88.0,1.4,22.2,6.8,0.0,,,,,,,,242.0,928.0,,,,,,,,,,,,,,,,0.0,,,,,,,,,,,,,,,,,,,,,,,,,,,,,,,,,,,,,,,,,,,,,,,,,,,,""
1904013842,"Oct 14, 2018, 5:21:16 AM",Aspava triathlon bike(from garmin 520 edge),Ride,"",1995,19.39,,,false,,,activities/2038561024.fit.gz,80.0,,1995.0,1995.0,19392.6,13.5,,98.0,92.0,5.6,25.8,6.3,0.0,,,,,,,,233.0,870.0,,20.0,,,,,,,,,,,,,,0.0,,,,,,,,,,,,,,,,,,,,,,,,,,,,,,,,,,,,,,,,,,,,,,,,,,,,""
1904019545,"Oct 14, 2018, 5:20:29 AM",Aspava triathlon swim,Swim,"",691,796,,,false,,,activities/2038569098.fit.gz,80.0,,691.0,691.0,795.7,1.8,,0.0,53.0,-64.8,-64.8,0.0,0.0,,,34.0,29.0,,,,,187.0,,,,,,,,,,,,,,,,0.0,,,,,,,,,,,,,,,,,,,,,,,,,,,,,,,,,,,,,,,,,,,,,,,,,,,,""
1904018485,"Oct 13, 2018, 5:07:25 AM",Morning Run,Run,,185,0.55,,,false,,,activities/2038567460.fit.gz,80.0,,185.0,185.0,556.5,5.4,,0.0,1.0,70.0,71.4,1.4,0.0,,,91.0,80.0,,,,,45.0,,,,,,,,,,,,,,,,0.0,,,,,,,,,,,,,,,,,,,,,,,,,,,,,,,,,,,,,,,,,,,,,,,,,,,,""
1904013756,"Oct 13, 2018, 4:43:58 AM",Morning Ride,Ride,,1207,8.82,,,false,,,activities/2038560917.fit.gz,80.0,,1207.0,1207.0,8823.0,12.2,,35.0,38.0,86.6,121.0,18.2,0.0,,,,,,,,106.0,328.0,,15.0,,,,,,,,,,,,,,0.0,,,,,,,,,,,,,,,,,,,,,,,,,,,,,,,,,,,,,,,,,,,,,,,,,,,,""
1904018942,"Oct 11, 2018, 4:52:03 AM",Morning Run,Run,,1502,5.16,,,false,,,activities/2038567307.fit.gz,80.0,,1502.0,1498.0,5160.2,3.9,,6.0,9.0,60.0,69.0,2.3,0.0,,,121.0,82.0,,,,,457.0,,,,,,,,,,,,,,,,0.0,,,,,,,,,,,,,,,,,,,,,,,,,,,,,,,,,,,,,,,,,,,,,,,,,,,,""
1891367458,"Oct 7, 2018, 6:57:27 AM",Morning Run,Run,,1094,4.00,,,false,,,activities/2025482409.fit.gz,80.0,,1094.0,1094.0,4002.8,5.1,,44.0,41.0,-4.4,19.6,10.2,0.0,,,90.0,84.0,,,,,349.0,,,,,,,,,,,,,,,,0.0,,,,,,,,,,,,,,,,,,,,,,,,,,,,,,,,,,,,,,,,,,,,,,,,,,,,""
1891357415,"Oct 7, 2018, 5:43:58 AM",Morning Ride,Ride,,4184,41.54,,,false,,,activities/2025472010.fit.gz,80.0,,4184.0,4154.0,41548.0,13.9,,121.0,123.0,-1.2,60.8,4.9,0.0,,,,,,,,228.0,1826.0,,23.0,,,,,,,,,,,,,,0.0,,,,,,,,,,,,,,,,,,,,,,,,,,,,,,,,,,,,,,,,,,,,,,,,,,,,""
1891367441,"Oct 7, 2018, 5:15:03 AM",Morning Swim,Swim,,904,911,,,false,,,activities/2025482395.fit.gz,,,904.0,904.0,910.8,2.5,,0.0,21.0,0.0,0.2,0.0,0.0,,,32.0,28.0,,,,,215.0,,,,,,,,,,,,,,,,0.0,,,,,,,,,,,,,,,,,,,,,,,,,,,,,,,,,,,,,,,,,,,,,,,,,,,,""
1891367454,"Oct 5, 2018, 3:13:37 PM",Evening Run,Run,,706,3.00,,,false,,,activities/2025482388.fit.gz,80.0,,706.0,706.0,3008.5,4.8,,5.0,11.0,13.4,22.8,3.6,-0.2,,,90.0,84.0,,,,,258.0,,,,,,,,,,,,,,,,0.0,,,,,,,,,,,,,,,,,,,,,,,,,,,,,,,,,,,,,,,,,,,,,,,,,,,,""
1891357374,"Oct 5, 2018, 2:25:03 PM",Afternoon Ride,Ride,,2578,24.14,,,false,,,activities/2025471976.fit.gz,80.0,,2578.0,2578.0,24146.1,12.4,,79.0,82.0,8.0,57.0,4.3,0.0,,,,,,,,203.0,1016.0,,25.0,,,,,,,,,,,,,,0.0,,,,,,,,,,,,,,,,,,,,,,,,,,,,,,,,,,,,,,,,,,,,,,,,,,,,""
1891367430,"Oct 4, 2018, 2:25:25 PM",Afternoon Run,Run,,4190,8.49,,,false,,,activities/2025482379.fit.gz,80.0,,4190.0,2657.0,8497.8,7.5,,10.0,1.0,58.2,60.8,4.0,0.0,,,108.0,83.0,,,,,691.0,,,,,,,,,,,,,,,,0.0,,,8505.7,,,,,,,,,,,,,,,,,,,,,,,,,,,,,,,,,,,,,,,,,,,,,,,,,""
1891367405,"Oct 2, 2018, 3:15:15 PM",Evening Run,Run,,773,2.88,,,false,,,activities/2025482357.fit.gz,80.0,,773.0,773.0,2885.1,4.4,,5.0,7.0,1.6,8.6,2.7,-0.1,,,88.0,83.0,,,,,251.0,,,,,,,,,,,,,,,,0.0,,,,,,,,,,,,,,,,,,,,,,,,,,,,,,,,,,,,,,,,,,,,,,,,,,,,""
1891357357,"Oct 2, 2018, 2:33:10 PM",Afternoon Ride,Ride,,1914,20.01,,,false,,,activities/2025471956.fit.gz,80.0,,1914.0,1914.0,20011.8,12.8,,48.0,50.0,27.2,56.8,1.7,0.0,,,,,,,,253.0,846.0,,24.0,,,,,,,,,,,,,,0.0,,,,,,,,,,,,,,,,,,,,,,,,,,,,,,,,,,,,,,,,,,,,,,,,,,,,""
1874421243,"Sep 30, 2018, 4:02:32 AM",Morning Ride,Ride,,10691,73.88,,,false,,,activities/2007842574.fit.gz,80.0,,10691.0,9350.0,73882.4,17.6,,639.0,651.0,44.6,287.0,12.7,0.0,,,,,,,,158.0,3014.0,,23.0,,,,,,,,,,,,,,0.0,,,,,,,,,,,,,,,,,,,,,,,,,,,,,,,,,,,,,,,,,,,,,,,,,,,,""
1891367403,"Sep 29, 2018, 5:50:44 AM",Morning Swim,Swim,,1104,"1,112",,,false,,,activities/2025482354.fit.gz,,,1104.0,1104.0,1111.8,1.8,,0.0,0.0,9.9,10.6,0.0,-0.1,,,32.0,26.0,,,,,260.0,,,,,,,,,,,,,,,,0.0,,,,,,,,,,,,,,,,,,,,,,,,,,,,,,,,,,,,,,,,,,,,,,,,,,,,""
1891367393,"Sep 28, 2018, 4:16:00 AM",Morning Swim,Swim,,988,"1,058",,,false,,,activities/2025482339.fit.gz,,,988.0,967.0,1057.5,2.1,,0.0,4.0,0.0,0.2,0.0,0.0,,,33.0,27.0,,,,,248.0,,,,,,,,,,,,,,,,0.0,,,,,,,,,,,,,,,,,,,,,,,,,,,,,,,,,,,,,,,,,,,,,,,,,,,,""
1891367372,"Sep 27, 2018, 3:31:11 PM",Evening Run,Run,,940,3.85,,,false,,,activities/2025482327.fit.gz,80.0,,940.0,940.0,3855.9,5.3,,7.0,10.0,6.2,12.8,1.9,-0.1,,,91.0,85.0,,,,,339.0,,,,,,,,,,,,,,,,0.0,,,,,,,,,,,,,,,,,,,,,,,,,,,,,,,,,,,,,,,,,,,,,,,,,,,,""
1874421054,"Sep 27, 2018, 2:43:42 PM",Afternoon Ride,Ride,,2484,23.89,,,false,,,activities/2007842489.fit.gz,80.0,,2484.0,2442.0,23895.4,14.0,,73.0,83.0,16.6,62.2,3.8,0.0,,,,,,,,227.0,975.0,,24.0,,,,,,,,,,,,,,0.0,,,,,,,,,,,,,,,,,,,,,,,,,,,,,,,,,,,,,,,,,,,,,,,,,,,,""
1891367361,"Sep 25, 2018, 3:24:30 PM",Evening Run,Run,,823,3.02,,,false,,,activities/2025482310.fit.gz,80.0,,823.0,814.0,3025.0,5.5,,9.0,11.0,2.8,10.2,8.9,0.0,,,89.0,83.0,,,,,259.0,,,,,,,,,,,,,,,,0.0,,,,,,,,,,,,,,,,,,,,,,,,,,,,,,,,,,,,,,,,,,,,,,,,,,,,""
1874421017,"Sep 25, 2018, 2:03:18 PM",Afternoon Ride,Ride,,8408,52.82,,,false,,,activities/2007842453.fit.gz,80.0,,8408.0,6446.0,52828.4,12.6,,193.0,196.0,-10.0,60.2,31.7,0.0,,,,,,,,149.0,2055.0,,24.0,,,,,,,,,,,,,,0.0,,,,,,,,,,,,,,,,,,,,,,,,,,,,,,,,,,,,,,,,,,,,,,,,,,,,""
1861386004,"Sep 23, 2018, 6:34:42 AM",Brick Run,Run,"",1306,5.00,,,false,,,activities/1994429955.fit.gz,80.0,,1306.0,1306.0,5005.2,4.6,,5.0,9.0,112.4,120.4,2.1,-0.1,,,87.0,83.0,,,,,440.0,,,,,,,,,,,,,,,,0.0,,,,,,,,,,,,,,,,,,,,,,,,,,,,,,,,,,,,,,,,,,,,,,,,,,,,""
1874420982,"Sep 23, 2018, 3:58:07 AM",Morning Ride,Ride,,3752,29.17,,,false,,,activities/2007842405.fit.gz,80.0,,3752.0,3752.0,29171.7,10.6,,111.0,94.0,37.2,116.6,2.3,0.1,,,,,,,,123.0,1060.0,,17.0,,,,,,,,,,,,,,0.0,,,,,,,,,,,,,,,,,,,,,,,,,,,,,,,,,,,,,,,,,,,,,,,,,,,,""
1861385615,"Sep 22, 2018, 5:45:22 AM",Morning Swim,Swim,,1081,"1,190",,,false,,,activities/1994429528.fit.gz,,,1081.0,1081.0,1189.5,4.2,,0.0,0.0,10.4,12.6,0.0,-0.2,,,30.0,26.0,,,,,281.0,,,,,,,,,,,,,,,,0.0,,,,,,,,,,,,,,,,,,,,,,,,,,,,,,,,,,,,,,,,,,,,,,,,,,,,""
1874420804,"Sep 22, 2018, 4:40:17 AM",Morning Ride,Ride,,9234,45.65,,,false,,,activities/2007842288.fit.gz,80.0,,9234.0,5477.0,45649.7,12.5,,145.0,145.0,-10.6,77.0,9.5,0.0,,,,,,,,144.0,1785.0,,24.0,,,,,,,,,,,,,,0.0,,,,,,,,,,,,,,,,,,,,,,,,,,,,,,,,,,,,,,,,,,,,,,,,,,,,""
1861411644,"Sep 21, 2018, 5:44:56 AM",Morning Swim,Swim,,1964,"1,530",,,false,,,activities/1994429299.fit.gz,,,1964.0,1699.0,1529.5,3.2,,0.0,32.0,10.5,11.0,0.0,0.0,,,32.0,24.0,,,,,356.0,,,,,,,,,,,,,,,,0.0,,,,,,,,,,,,,,,,,,,,,,,,,,,,,,,,,,,,,,,,,,,,,,,,,,,,""
1861411386,"Sep 20, 2018, 2:42:39 PM",Afternoon Run,Run,,4154,13.00,182.0,103,false,,,activities/1994428969.fit.gz,80.0,,4154.0,3706.0,13000.5,4.4,,6.0,8.0,39.0,41.8,7.8,0.0,,,91.0,83.0,182.0,164.0,,,948.0,,,103.0,,,,,,,,,,,,,0.0,,,13013.5,,,,,,,,,,,,,,,,,,,,,,,,,,,,,,,,,,,,,,,,,,,,,,,,,""
1874420556,"Sep 20, 2018, 7:12:46 AM",Morning Ride,Ride,,3610,30.01,,,false,,,activities/2007842185.fit.gz,80.0,,3610.0,3610.0,30012.4,10.4,,0.0,0.0,77.0,78.8,0.2,0.0,,,,,,,,142.0,1212.0,,26.0,,,,,,,,,,,,,,0.0,,,,,,,,,,,,,,,,,,,,,,,,,,,,,,,,,,,,,,,,,,,,,,,,,,,,""
1874420553,"Sep 19, 2018, 4:47:18 AM",Morning Ride,Ride,,5299,43.62,,,false,,,activities/2007842148.fit.gz,80.0,,5299.0,5299.0,43619.6,13.8,,277.0,281.0,29.0,165.0,6.9,0.0,,,,,,,,146.0,1729.0,,23.0,,,,,,,,,,,,,,0.0,,,,,,,,,,,,,,,,,,,,,,,,,,,,,,,,,,,,,,,,,,,,,,,,,,,,""
1861409966,"Sep 18, 2018, 3:01:36 PM",Evening Run,Run,,5256,9.00,185.0,33,false,,,activities/1994427634.fit.gz,80.0,,5256.0,2444.0,8999.2,7.4,,9.0,4.0,38.0,43.8,7.0,-0.1,,,128.0,84.0,185.0,152.0,,,505.0,,,33.0,,,,,,,,,,,,,0.0,,,9002.7,,,,,,,,,,,,,,,,,,,,,,,,,,,,,,,,,,,,,,,,,,,,,,,,,""
1874420496,"Sep 18, 2018, 4:06:55 AM",Morning Ride,Ride,,6342,47.65,,,false,,,activities/2007842110.fit.gz,80.0,,6342.0,6160.0,47654.7,13.3,,276.0,288.0,-7.0,150.0,11.0,0.0,,,,,,,,140.0,1938.0,,23.0,,,,,,,,,,,,,,0.0,,,,,,,,,,,,,,,,,,,,,,,,,,,,,,,,,,,,,,,,,,,,,,,,,,,,""
1861406435,"Sep 17, 2018, 2:53:35 PM",Afternoon Run,Run,,3567,9.00,186.0,43,false,,,activities/1994425631.fit.gz,80.0,,3567.0,2764.0,9006.3,4.9,,3.0,2.0,36.0,40.4,20.6,0.0,,,92.0,83.0,186.0,154.0,,,634.0,,,43.0,,,,,,,,,,,,,0.0,,,,,,,,,,,,,,,,,,,,,,,,,,,,,,,,,,,,,,,,,,,,,,,,,,,,""
1861405018,"Sep 14, 2018, 5:05:01 AM",Morning Swim,Swim,,1196,"1,104",,,false,,,activities/1994424459.fit.gz,,,1196.0,1196.0,1103.8,1.6,,0.0,20.0,-0.4,0.2,0.0,0.0,,,29.0,24.0,,,,,257.0,,,,,,,,,,,,,,,,0.0,,,,,,,,,,,,,,,,,,,,,,,,,,,,,,,,,,,,,,,,,,,,,,,,,,,,""
1874420426,"Sep 14, 2018, 4:03:44 AM",Morning Ride,Ride,,10747,49.97,,,false,,,activities/2007842046.fit.gz,80.0,,10747.0,6092.0,49971.7,12.6,,204.0,203.0,1.6,89.4,29.7,0.0,,,,,,,,147.0,2030.0,,23.0,,,,,,,,,,,,,,0.0,,,,,,,,,,,,,,,,,,,,,,,,,,,,,,,,,,,,,,,,,,,,,,,,,,,,""
1874420402,"Sep 12, 2018, 3:49:00 AM",Morning Ride,Ride,,4919,38.85,,,false,,,activities/2007841987.fit.gz,80.0,,4919.0,4919.0,38855.2,14.2,,152.0,158.0,32.0,106.6,4.2,0.0,,,,,,,,133.0,1406.0,,18.0,,,,,,,,,,,,,,0.0,,,,,,,,,,,,,,,,,,,,,,,,,,,,,,,,,,,,,,,,,,,,,,,,,,,,""
1834658464,"Sep 11, 2018, 2:59:53 PM",Günün şarkısı : Pentagram-1000 in the Eastland🤘,Run,"",3331,10.03,186.0,51,false,,,activities/1966741392.fit.gz,80.0,,3331.0,3304.0,10031.9,4.2,,177.0,170.0,50.0,130.0,17.0,0.0,,,91.0,82.0,186.0,152.0,,,778.0,,,51.0,,,,,,,,,,,,,0.0,,,,,,,,,,,,,,,,,,,,,,,,,,,,,,,,,,,,,,,,,,,,,,,,,,,,""
1834657011,"Sep 10, 2018, 2:55:27 PM",Günün şarkısı : Avenged Sevenfold -Hail To The  King,Run,"",4525,10.00,184.0,51,false,,,activities/1966739555.fit.gz,80.0,,4525.0,2924.0,9999.2,5.4,,8.0,5.0,29.2,35.4,9.7,0.0,,,92.0,82.0,184.0,155.0,,,667.0,,,51.0,,,,,,,,,,,,,0.0,,,,,,,,,,,,,,,,,,,,,,,,,,,,,,,,,,,,,,,,,,,,,,,,,,,,""
1829012152,"Sep 9, 2018, 3:12:25 AM",Morning Ride,Ride,,15355,106.42,,,false,,,activities/1960901014.fit.gz,80.0,,15355.0,13220.0,106420.4,17.7,,898.0,914.0,19.2,267.4,17.8,0.0,,,,,,,,158.0,4358.0,,22.0,,,,,,,,,,,,,,0.0,,,,,,,,,,,,,,,,,,,,,,,,,,,,,,,,,,,,,,,,,,,,,,,,,,,,""
1834653835,"Sep 8, 2018, 7:06:25 AM",Morning Swim,Swim,,862,972,,,false,,,activities/1966738065.fit.gz,,,862.0,862.0,971.6,2.0,,0.0,40.0,-0.9,0.1,0.0,-0.1,,,38.0,31.0,,,,,229.0,,,,,,,,,,,,,,,,0.0,,,,,,,,,,,,,,,,,,,,,,,,,,,,,,,,,,,,,,,,,,,,,,,,,,,,""
1826495669,"Sep 7, 2018, 3:06:04 PM",Evening Swim,Swim,,4442,"2,000",,,false,,,activities/1958294694.fit.gz,,,4442.0,2009.0,2000.0,2.5,,0.0,,,,0.0,0.0,,,28.0,22.0,,,,,466.0,,,,,,,,,,,,,,,,0.0,,,,,,,,,,,,,,,,,,,,,,,,,,,,,,,,,,,,,,,,,,,,,,,,,,,,""
1825212546,"Sep 6, 2018, 4:13:33 AM",Morning Swim,Swim,,2315,"1,211",,,false,,,activities/1956969668.fit.gz,,,2315.0,1304.0,1210.9,2.2,,0.0,81.0,10.3,11.1,0.0,0.0,,,38.0,26.0,,,,,283.0,,,,,,,,,,,,,,,,0.0,,,,,,,,,,,,,,,,,,,,,,,,,,,,,,,,,,,,,,,,,,,,,,,,,,,,""
1829032923,"Sep 6, 2018, 3:01:59 AM",Morning Ride,Ride,,11392,45.50,,,false,,,activities/1960900882.fit.gz,80.0,,11392.0,6364.0,45503.4,10.2,,144.0,142.0,-1.0,106.6,28.3,0.1,,,,,,,,98.0,1560.0,,22.0,,,,,,,,,,,,,,0.0,,,,,,,,,,,,,,,,,,,,,,,,,,,,,,,,,,,,,,,,,,,,,,,,,,,,""
1829032798,"Sep 5, 2018, 3:03:57 PM",Evening Ride,Ride,,3662,27.43,,,false,,,activities/1960900758.fit.gz,80.0,,3662.0,3610.0,27430.9,11.5,,91.0,91.0,31.6,87.2,5.6,0.0,,,,,,,,116.0,971.0,,26.0,,,,,,,,,,,,,,0.0,,,,,,,,,,,,,,,,,,,,,,,,,,,,,,,,,,,,,,,,,,,,,,,,,,,,""
1819486834,"Sep 4, 2018, 3:04:10 PM",Track Session,Run,"",4025,8.80,188.0,43,false,,,activities/1951103524.fit.gz,80.0,,4025.0,2571.0,8804.7,5.6,,5.0,1.0,40.2,43.6,6.3,0.0,,,101.0,83.0,188.0,154.0,,,573.0,,,43.0,,,,,,,,,,,,,0.0,,,,,,,,,,,,,,,,,,,,,,,,,,,,,,,,,,,,,,,,,,,,,,,,,,,,""
1818622957,"Sep 4, 2018, 5:06:19 AM",Morning Swim,Swim,,3507,"1,921",,,false,,,activities/1950217442.fit.gz,,,3507.0,2087.0,1920.5,4.2,,0.0,77.0,0.0,0.2,0.0,0.0,,,39.0,25.0,,,,,451.0,,,,,,,,,,,,,,,,0.0,,,,,,,,,,,,,,,,,,,,,,,,,,,,,,,,,,,,,,,,,,,,,,,,,,,,""
1813270187,"Sep 2, 2018, 3:31:09 AM",Morning Ride,Ride,,11403,83.75,,,false,,,activities/1944702502.fit.gz,80.0,,11403.0,9817.0,83750.9,16.5,,604.0,614.0,26.4,265.4,39.8,0.0,,,,,,,,174.0,3471.0,,23.0,,,,,,,,,,,,,,0.0,,,,,,,,,,,,,,,,,,,,,,,,,,,,,,,,,,,,,,,,,,,,,,,,,,,,""
1813270268,"Aug 31, 2018, 3:01:18 AM",Morning Ride,Ride,,10629,71.30,183.0,103,false,,,activities/1944702433.fit.gz,80.0,,10629.0,9621.0,71304.3,19.1,,713.0,722.0,-10.2,171.8,20.3,0.0,,,,,183.0,138.0,,152.0,1601.0,,21.0,103.0,,,,,,,,,,,,,0.0,,,,,,,,,,,,,,,,,,,,,,,,,,,,,,,,,,,,,,,,,,,,,,,,,,,,""
1818627525,"Aug 30, 2018, 5:05:41 AM",Morning Swim,Swim,,2414,"2,001",,,false,,,activities/1950217409.fit.gz,,,2414.0,2318.0,2000.6,4.8,,0.0,57.0,-0.4,0.2,0.0,0.0,,,30.0,25.0,,,,,466.0,,,,,,,,,,,,,,,,0.0,,,,,,,,,,,,,,,,,,,,,,,,,,,,,,,,,,,,,,,,,,,,,,,,,,,,""
1813270160,"Aug 30, 2018, 4:10:06 AM",Morning Ride,Ride,,9906,45.79,,,false,,,activities/1944702288.fit.gz,80.0,,9906.0,5415.0,45789.7,11.2,,149.0,152.0,7.2,104.2,7.8,0.0,,,,,,,,150.0,1853.0,,25.0,,,,,,,,,,,,,,0.0,,,,,,,,,,,,,,,,,,,,,,,,,,,,,,,,,,,,,,,,,,,,,,,,,,,,""
1818627464,"Aug 28, 2018, 3:20:04 PM",Evening Run,Run,,3703,8.08,,,false,,,activities/1950217384.fit.gz,80.0,,3703.0,2447.0,8087.0,6.2,,8.0,2.0,38.8,41.2,4.5,0.0,,,96.0,83.0,,,,,688.0,,,,,,,,,,,,,,,,0.0,,,,,,,,,,,,,,,,,,,,,,,,,,,,,,,,,,,,,,,,,,,,,,,,,,,,""
1801449494,"Aug 27, 2018, 3:51:42 PM",Evening Run,Run,,1801,4.55,,,false,,,activities/1932587647.fit.gz,80.0,,1801.0,1801.0,4558.5,4.8,,3.0,3.0,47.2,50.2,9.4,0.0,,,84.0,79.0,,,,,409.0,,,,,,,,,,,,,,,,0.0,,,,,,,,,,,,,,,,,,,,,,,,,,,,,,,,,,,,,,,,,,,,,,,,,,,,""
1797757352,"Aug 26, 2018, 3:35:46 AM",4 sketto please😎,Ride,"",11363,71.53,,,false,,,activities/1928789584.fit.gz,80.0,,11363.0,9284.0,71529.7,17.0,,644.0,638.0,1.0,275.0,31.9,0.0,,,,,,,,151.0,2982.0,,22.0,,,,,,,,,,,,,,0.0,,,,,,,,,,,,,,,,,,,,,,,,,,,,,,,,,,,,,,,,,,,,,,,,,,,,""
1795486882,"Aug 25, 2018, 5:43:57 AM",Morning Swim,Swim,,2780,"2,501",,,false,,,activities/1926440829.fit.gz,,,2780.0,2654.0,2501.1,1.8,,0.0,52.0,0.0,0.2,0.0,0.0,,,30.0,26.0,,,,,583.0,,,,,,,,,,,,,,,,0.0,,,,,,,,,,,,,,,,,,,,,,,,,,,,,,,,,,,,,,,,,,,,,,,,,,,,""
1797758083,"Aug 24, 2018, 3:25:35 AM",Morning Ride,Ride,,9369,66.03,,,false,,,activities/1928789465.fit.gz,80.0,,9369.0,8508.0,66029.6,16.5,,466.0,504.0,4.6,152.4,13.9,-0.1,,,,,,,,139.0,2640.0,,22.0,,,,,,,,,,,,,,0.0,,,,,,,,,,,,,,,,,,,,,,,,,,,,,,,,,,,,,,,,,,,,,,,,,,,,""
1789808473,"Aug 22, 2018, 3:37:08 AM",G.S.T.K.P,Ride,"",13089,80.34,,,false,,,activities/1920607187.fit.gz,80.0,,13089.0,11578.0,80341.4,16.8,,957.0,974.0,2.0,268.4,43.2,0.0,,,,,,,,136.0,3402.0,,25.0,,,,,,,,,,,,,,0.0,,,,,,,,,,,,,,,,,,,,,,,,,,,,,,,,,,,,,,,,,,,,,,,,,,,,media/17937079-DD85-466E-8897-0D9290BA4241.jpg|media/E3349250-A7F3-4FA4-BE00-F751BF9FDC38.jpg|media/430A401B-4373-44E3-B6D4-B81A466D124B.jpg|media/B5CEAEB3-8990-430A-97A3-7DC4A12DC4B6.jpg
1795486167,"Aug 19, 2018, 6:02:10 AM",Morning Run,Run,,1418,5.29,,,false,,,activities/1926440573.fit.gz,80.0,,1418.0,1418.0,5289.0,5.1,,63.0,67.0,11.2,35.2,9.3,0.0,,,92.0,83.0,,,,,468.0,,,,,,,,,,,,,,,,0.0,,,,,,,,,,,,,,,,,,,,,,,,,,,,,,,,,,,,,,,,,,,,,,,,,,,,""
1795486163,"Aug 19, 2018, 5:33:53 AM",Morning Activity,Workout,,16,0.03,,,false,,,activities/1926440566.fit.gz,,,16.0,16.0,33.1,3.2,,0.0,0.0,11.8,13.4,7.9,4.8,,,92.0,92.0,,,,,1.0,,,,,,,,,,,,,,,,0.0,,,,,,,,,,,,,,,,,,,,,,,,,,,,,,,,,,,,,,,,,,,,,,,,,,,,""
1795486165,"Aug 19, 2018, 5:33:36 AM",Morning Ride,Ride,,1964,18.66,,,false,,,activities/1926440562.fit.gz,80.0,,1964.0,1964.0,18666.5,12.6,,94.0,92.0,10.2,25.2,13.8,0.0,,,,,,,,224.0,916.0,,,,,,,,,,,,,,,,0.0,,,,,,,,,,,,,,,,,,,,,,,,,,,,,,,,,,,,,,,,,,,,,,,,,,,,""
1789812124,"Aug 19, 2018, 5:00:54 AM",Morning Ride,Ride,,1963,18.38,,,false,,,activities/1920606959.fit.gz,80.0,,1963.0,1963.0,18387.1,12.4,,76.0,76.0,-5.4,7.0,6.1,0.0,,,106.0,89.0,,,,208.0,848.0,,25.0,,,,,,,,,,,,,,0.0,,,,,,,,,,,,,,,,,,,,,,,,,,,,,,,,,,,,,,,,,,,,,,,,,,,,""
1795486164,"Aug 19, 2018, 5:00:08 AM",Morning Swim,Swim,,696,829,,,false,,,activities/1926440556.fit.gz,,,696.0,696.0,829.0,2.1,,0.0,103.0,-23.4,-23.4,0.0,0.0,,,35.0,30.0,,,,,196.0,,,,,,,,,,,,,,,,0.0,,,,,,,,,,,,,,,,,,,,,,,,,,,,,,,,,,,,,,,,,,,,,,,,,,,,""
1789811958,"Aug 17, 2018, 3:08:05 AM",Morning Ride,Ride,,4644,35.05,,,false,,,activities/1920606841.fit.gz,80.0,,4644.0,4627.0,35058.8,14.6,,132.0,137.0,34.0,90.4,5.1,0.0,,,117.0,91.0,,,,116.0,1240.0,,20.0,,,,,,,,,,,,,,0.0,,,,,,,,,,,,,,,,,,,,,,,,,,,,,,,,,,,,,,,,,,,,,,,,,,,,""
1775412954,"Aug 16, 2018, 4:12:34 AM",Morning Swim,Swim,,867,"1,012",,,false,,,activities/1905776401.fit.gz,,,867.0,847.0,1012.0,2.5,,0.0,141.0,-0.7,0.1,0.0,0.0,,,34.0,30.0,,,,,239.0,,,,,,,,,,,,,,,,0.0,,,,,,,,,,,,,,,,,,,,,,,,,,,,,,,,,,,,,,,,,,,,,,,,,,,,""
1772999955,"Aug 15, 2018, 3:53:51 AM",Morning Ride,Ride,,4122,33.91,,,false,,,activities/1903289691.fit.gz,80.0,,4122.0,3960.0,33915.5,11.3,,99.0,109.0,-53.2,28.0,26.6,0.0,,,108.0,94.0,,,,152.0,1416.0,,21.0,,,,,,,,,,,,,,0.0,,,,,,,,,,,,,,,,,,,,,,,,,,,,,,,,,,,,,,,,,,,,,,,,,,,,""
1773023763,"Aug 14, 2018, 3:15:33 PM",Evening Run,Run,,3976,6.50,180.0,19,false,,,activities/1903311867.fit.gz,80.0,,3976.0,1825.0,6503.6,7.6,,9.0,3.0,46.4,51.0,9.1,0.0,,,128.0,84.0,180.0,148.0,,,366.0,,,19.0,,,,,,,,,,,,,0.0,,,,,,,,,,,,,,,,,,,,,,,,,,,,,,,,,,,,,,,,,,,,,,,,,,,,""
1773023437,"Aug 14, 2018, 4:14:52 AM",Morning Swim,Swim,,1055,"1,050",,,false,,,activities/1903311271.fit.gz,,,1055.0,1055.0,1049.7,3.0,,0.0,84.0,10.5,11.1,0.0,-0.1,,,34.0,28.0,,,,,246.0,,,,,,,,,,,,,,,,0.0,,,,,,,,,,,,,,,,,,,,,,,,,,,,,,,,,,,,,,,,,,,,,,,,,,,,""
1766215874,"Aug 12, 2018, 5:15:06 AM",Morning Run,Run,,1145,4.01,,,false,,,activities/1896251980.fit.gz,80.0,,1145.0,1145.0,4016.8,6.3,,43.0,42.0,-1.8,21.8,7.3,0.0,,,106.0,84.0,,,,,345.0,,,,,,,,,,,,,,,,0.0,,,,,,,,,,,,,,,,,,,,,,,,,,,,,,,,,,,,,,,,,,,,,,,,,,,,""
1766571418,"Aug 12, 2018, 4:39:04 AM",Morning Ride,Ride,,1917,20.00,,,false,,,activities/1896622517.fit.gz,80.0,,1917.0,1917.0,20008.3,13.2,,55.0,50.0,-23.4,3.8,8.0,0.0,,,113.0,93.0,,,,256.0,892.0,,26.0,,,,,,,,,,,,,,0.0,,,,,,,,,,,,,,,,,,,,,,,,,,,,,,,,,,,,,,,,,,,,,,,,,,,,""
1766215784,"Aug 12, 2018, 4:16:10 AM",Morning Swim,Swim,,696,790,,,false,,,activities/1896251805.fit.gz,,,696.0,696.0,790.2,2.0,,0.0,78.0,17.6,17.8,0.0,0.0,,,36.0,30.0,,,,,186.0,,,,,,,,,,,,,,,,0.0,,,,,,,,,,,,,,,,,,,,,,,,,,,,,,,,,,,,,,,,,,,,,,,,,,,,""
1765356711,"Aug 11, 2018, 3:52:59 PM",Evening Run,Run,,2113,5.23,,,false,,,activities/1895356276.fit.gz,80.0,,2113.0,1801.0,5230.1,3.7,,1.0,0.0,47.0,49.4,2.8,0.0,,,85.0,80.0,,,,,460.0,,,,,,,,,,,,,,,,0.0,,,,,,,,,,,,,,,,,,,,,,,,,,,,,,,,,,,,,,,,,,,,,,,,,,,,""
1765356435,"Aug 10, 2018, 2:20:50 PM",Afternoon Swim,Swim,,4988,"2,800",,,false,,,activities/1895355804.fit.gz,,,4988.0,2548.0,2800.0,2.8,,0.0,,,,0.0,0.0,,,29.0,23.0,,,,,726.0,,,,,,,,,,,,,,,,0.0,,,,,,,,,,,,,,,,,,,,,,,,,,,,,,,,,,,,,,,,,,,,,,,,,,,,""
1758758523,"Aug 8, 2018, 2:16:26 PM",Afternoon Ride,Ride,"",8759,64.69,,,false,,,activities/1888358934.fit.gz,80.0,,8759.0,8212.0,64694.1,14.5,,210.0,214.0,15.6,88.2,5.7,0.0,,,125.0,89.0,,,,135.0,2455.0,,28.0,,,,,,,,,,,,,,0.0,,,,,,,,,,,,,,,,,,,,,,,,,,,,,,,,,,,,,,,,,,,,,,,,,,,,""
1765359042,"Aug 8, 2018, 4:16:12 AM",Morning Swim,Swim,,1323,"1,282",,,false,,,activities/1895353927.fit.gz,,,1323.0,1307.0,1281.9,3.3,,0.0,76.0,-0.2,0.1,0.0,0.0,,,37.0,25.0,,,,,300.0,,,,,,,,,,,,,,,,0.0,,,,,,,,,,,,,,,,,,,,,,,,,,,,,,,,,,,,,,,,,,,,,,,,,,,,""
1750699819,"Aug 5, 2018, 6:07:26 AM",Morning Run,Run,,1107,3.93,,,false,,,activities/1878139040.fit.gz,80.0,,1107.0,1107.0,3932.4,4.7,,43.0,43.0,4.2,27.8,8.2,-0.1,,,90.0,83.0,,,,,345.0,,,,,,,,,,,,,,,,0.0,,,,,,,,,,,,,,,,,,,,,,,,,,,,,,,,,,,,,,,,,,,,,,,,,,,,""
1750691774,"Aug 5, 2018, 5:01:06 AM",Morning Ride,Ride,,3514,25.58,186.0,127,false,,,activities/1878132399.fit.gz,80.0,,3514.0,3514.0,25584.3,17.7,,575.0,566.0,-6.8,178.0,17.1,0.0,,,115.0,83.0,186.0,170.0,,211.0,901.0,,26.0,127.0,,,,,,,,,,,,,0.0,,,,,,,,,,,,,,,,,,,,,,,,,,,,,,,,,,,,,,,,,,,,,,,,,,,,""
1750699523,"Aug 5, 2018, 4:29:24 AM",Morning Swim,Swim,,981,964,,,false,,,activities/1878138575.fit.gz,,,981.0,981.0,964.2,1.5,,0.0,0.0,0.0,0.0,0.0,0.0,,,31.0,27.0,,,,,225.0,,,,,,,,,,,,,,,,0.0,,,,,,,,,,,,,,,,,,,,,,,,,,,,,,,,,,,,,,,,,,,,,,,,,,,,""
1748624325,"Aug 4, 2018, 8:41:39 AM",Core Workout-Strecthing,Workout,"",1270,0,,,false,,,activities/1875994836.fit.gz,80.0,,1270.0,1270.0,0.0,0.0,,0.0,0.0,76.2,77.6,0.0,0.0,,,,,,,,,,,,,,,,,,,,,,,,,0.0,,,,,,,,,,,,,,,,,,,,,,,,,,,,,,,,,,,,,,,,,,,,,,,,,,,,""
1748624100,"Aug 3, 2018, 3:16:32 PM",Evening Swim,Swim,,5241,"3,200",,,false,,,activities/1875994546.fit.gz,,,5241.0,3123.0,3200.0,2.5,,0.0,,,,0.0,0.0,,,30.0,23.0,,,,,743.0,,,,,,,,,,,,,,,,0.0,,,,,,,,,,,,,,,,,,,,,,,,,,,,,,,,,,,,,,,,,,,,,,,,,,,,""
1750691074,"Aug 3, 2018, 3:14:02 AM",Morning Ride,Ride,,6682,49.90,,,false,,,activities/1878131899.fit.gz,80.0,,6682.0,6682.0,49903.3,17.1,,466.0,476.0,38.6,271.0,15.1,0.0,,,108.0,86.0,,,,142.0,1994.0,,23.0,,,,,,,,,,,,,,0.0,,,,,,,,,,,,,,,,,,,,,,,,,,,,,,,,,,,,,,,,,,,,,,,,,,,,""
1748621927,"Aug 2, 2018, 3:50:05 PM",Evening Run,Run,,4063,8.40,194.0,79,false,,,activities/1875992086.fit.gz,80.0,,4063.0,2563.0,8406.2,7.7,,9.0,4.0,42.2,45.0,9.1,0.0,,,124.0,82.0,194.0,167.0,,,649.0,,,79.0,,,,,,,,,,,,,0.0,,,,,,,,,,,,,,,,,,,,,,,,,,,,,,,,,,,,,,,,,,,,,,,,,,,,""
1748632414,"Jul 31, 2018, 3:06:20 PM",Evening Run,Run,,2823,8.35,,,false,,,activities/1875990687.fit.gz,80.0,,2823.0,2820.0,8350.7,3.9,,55.0,55.0,-3.0,10.6,27.0,0.0,,,85.0,80.0,,,,,738.0,,,,,,,,,,,,,,,,0.0,,,,,,,,,,,,,,,,,,,,,,,,,,,,,,,,,,,,,,,,,,,,,,,,,,,,""
1739238595,"Jul 31, 2018, 3:28:14 AM",Morning Ride,Ride,,6954,48.77,,,false,,,activities/1866089429.fit.gz,80.0,,6954.0,6426.0,48770.9,13.1,,285.0,287.0,-21.4,108.4,23.1,0.0,,,116.0,89.0,,,,129.0,1951.0,,22.0,,,,,,,,,,,,,,0.0,,,,,,,,,,,,,,,,,,,,,,,,,,,,,,,,,,,,,,,,,,,,,,,,,,,,""
1737287998,"Jul 30, 2018, 4:43:09 AM",Morning Swim,Swim,,1228,"1,246",,,false,,,activities/1864071636.fit.gz,,,1228.0,1224.0,1245.8,1.8,,0.0,81.0,-0.4,0.1,0.0,0.0,,,33.0,26.0,,,,,291.0,,,,,,,,,,,,,,,,0.0,,,,,,,,,,,,,,,,,,,,,,,,,,,,,,,,,,,,,,,,,,,,,,,,,,,,""
1736327750,"Jul 29, 2018, 3:56:38 PM",Günün şarkısı : Pentagram- In Esir Like An Eagle🤘,Run,"",2204,6.00,,,false,,,activities/1863070743.fit.gz,80.0,,2204.0,2139.0,6003.9,4.7,,9.0,7.0,44.8,48.2,3.8,0.0,,,86.0,78.0,,,,,526.0,,,,,,,,,,,,,,,,0.0,,,,,,,,,,,,,,,,,,,,,,,,,,,,,,,,,,,,,,,,,,,,,,,,,,,,""
1739237907,"Jul 28, 2018, 4:17:37 PM",Evening Ride,Ride,,4075,41.62,196.0,193,false,,,activities/1866089260.fit.gz,80.0,,4075.0,4075.0,41620.6,14.5,,37.0,41.0,0.8,5.8,1.0,0.0,,,127.0,93.0,196.0,178.0,,245.0,1169.0,,26.0,193.0,,,,,,,,,,,,,0.0,,,,,,,,,,,,,,,,,,,,,,,,,,,,,,,,,,,,,,,,,,,,,,,,,,,,""
1739237830,"Jul 26, 2018, 2:46:47 PM",Afternoon Ride,Ride,,5125,37.17,,,false,,,activities/1866089112.fit.gz,80.0,,5125.0,4606.0,37172.8,12.4,,139.0,145.0,39.6,102.2,40.2,0.0,,,126.0,90.0,,,,135.0,1413.0,,25.0,,,,,,,,,,,,,,0.0,,,,,,,,,,,,,,,,,,,,,,,,,,,,,,,,,,,,,,,,,,,,,,,,,,,,""
1736329412,"Jul 22, 2018, 4:13:26 PM",Evening Run,Run,,1395,5.00,,,false,,,activities/1863069899.fit.gz,80.0,,1395.0,1395.0,5000.1,4.5,,16.0,23.0,8.8,21.2,7.2,-0.1,,,86.0,81.0,,,,,440.0,,,,,,,,,,,,,,,,0.0,,,,,,,,,,,,,,,,,,,,,,,,,,,,,,,,,,,,,,,,,,,,,,,,,,,,""
1739237751,"Jul 22, 2018, 2:53:03 PM",Afternoon Ride,Ride,,4286,37.40,,,false,,,activities/1866089058.fit.gz,80.0,,4286.0,4286.0,37408.3,14.0,,151.0,155.0,10.6,101.2,7.1,0.0,,,114.0,89.0,,,,178.0,1442.0,,29.0,,,,,,,,,,,,,,0.0,,,,,,,,,,,,,,,,,,,,,,,,,,,,,,,,,,,,,,,,,,,,,,,,,,,,""
1736328969,"Jul 21, 2018, 5:46:04 AM",Morning Run,Run,,2313,6.19,,,false,,,activities/1863069371.fit.gz,80.0,,2313.0,2100.0,6197.3,5.0,,0.0,0.0,55.4,57.6,0.9,0.0,,,97.0,79.0,,,,,546.0,,,,,,,,,,,,,,,,0.0,,,,,,,,,,,,,,,,,,,,,,,,,,,,,,,,,,,,,,,,,,,,,,,,,,,,""
1715598775,"Jul 20, 2018, 7:40:45 AM",Morning Swim,Swim,,2884,"2,865",,,false,,,activities/1840819532.fit.gz,,,2884.0,2884.0,2864.9,2.0,,0.0,0.0,-0.6,0.3,0.0,0.0,,,32.0,27.0,,,,,670.0,,,,,,,,,,,,,,,,0.0,,,,,,,,,,,,,,,,,,,,,,,,,,,,,,,,,,,,,,,,,,,,,,,,,,,,""
1739237719,"Jul 19, 2018, 3:53:15 PM",Evening Ride,Ride,,5050,42.06,,,false,,,activities/1866088992.fit.gz,80.0,,5050.0,4944.0,42066.5,14.0,,122.0,124.0,-10.0,45.0,27.2,0.0,,,120.0,90.0,,,,172.0,1597.0,,26.0,,,,,,,,,,,,,,0.0,,,,,,,,,,,,,,,,,,,,,,,,,,,,,,,,,,,,,,,,,,,,,,,,,,,,""
1715616717,"Jul 18, 2018, 4:08:03 AM",Morning Swim,Swim,,1277,"1,256",,,false,,,activities/1840819128.fit.gz,,,1277.0,1277.0,1256.3,1.9,,0.0,92.0,0.0,0.2,0.0,0.0,,,39.0,26.0,,,,,293.0,,,,,,,,,,,,,,,,0.0,,,,,,,,,,,,,,,,,,,,,,,,,,,,,,,,,,,,,,,,,,,,,,,,,,,,""
1707698525,"Jul 17, 2018, 3:33:28 AM",Morning Ride,Ride,,5292,41.92,,,false,,,activities/1832650013.fit.gz,80.0,,5292.0,5292.0,41927.1,13.6,,167.0,171.0,25.4,112.8,3.8,0.0,,,122.0,90.0,,,,128.0,1618.0,,23.0,,,,,,,,,,,,,,0.0,,,,,,,,,,,,,,,,,,,,,,,,,,,,,,,,,,,,,,,,,,,,,,,,,,,,""
1703339424,"Jul 15, 2018, 6:11:54 AM",Morning Run,Run,,641,2.42,,,false,,,activities/1828126125.fit.gz,80.0,,641.0,641.0,2419.9,4.5,,35.0,43.0,9.6,37.0,20.0,-0.3,,,88.0,82.0,,,,,211.0,,,,,,,,,,,,,,,,0.0,,,,,,,,,,,,,,,,,,,,,,,,,,,,,,,,,,,,,,,,,,,,,,,,,,,,""
1703339410,"Jul 15, 2018, 5:58:36 AM",Morning Activity,Workout,,24,0.01,,,false,,,activities/1828126122.fit.gz,,,24.0,24.0,17.8,2.6,,0.0,0.0,14.0,20.2,42.6,25.8,,,50.0,49.0,,,,,0.0,,,,,,,,,,,,,,,,0.0,,,,,,,,,,,,,,,,,,,,,,,,,,,,,,,,,,,,,,,,,,,,,,,,,,,,""
1703339412,"Jul 15, 2018, 5:58:11 AM",Morning Swim,Swim,,966,"1,009",,,false,,,activities/1828126114.fit.gz,,,966.0,966.0,1008.8,1.6,,0.0,0.0,4.0,4.0,0.0,0.0,,,31.0,28.0,,,,,237.0,,,,,,,,,,,,,,,,0.0,,,,,,,,,,,,,,,,,,,,,,,,,,,,,,,,,,,,,,,,,,,,,,,,,,,,""
1703339409,"Jul 15, 2018, 5:42:05 AM",Morning Activity,Workout,,32,0.03,,,false,,,activities/1828126113.fit.gz,,,32.0,32.0,33.1,1.5,,0.0,0.0,6.8,9.8,-1.2,-9.1,,,86.0,72.0,,,,,3.0,,,,,,,,,,,,,,,,0.0,,,,,,,,,,,,,,,,,,,,,,,,,,,,,,,,,,,,,,,,,,,,,,,,,,,,""
1703339415,"Jul 15, 2018, 5:41:30 AM",Morning Run,Run,,575,2.42,,,false,,,activities/1828126107.fit.gz,80.0,,575.0,575.0,2428.0,4.8,,31.0,28.0,9.4,33.2,8.4,0.0,,,90.0,85.0,,,,,206.0,,,,,,,,,,,,,,,,0.0,,,,,,,,,,,,,,,,,,,,,,,,,,,,,,,,,,,,,,,,,,,,,,,,,,,,""
1700922085,"Jul 14, 2018, 4:10:30 AM",Easy pre-race swim,Swim,"",1113,987,,,false,,,activities/1825602824.fit.gz,80.0,,1113.0,1113.0,987.2,1.6,,0.0,0.0,0.0,0.2,0.0,0.0,,,29.0,24.0,,,,,229.0,,,,,,,,,,,,,,,,0.0,,,,,,,,,,,,,,,,,,,,,,,,,,,,,,,,,,,,,,,,,,,,,,,,,,,,""
1700922030,"Jul 12, 2018, 4:16:02 AM",Morning Swim,Swim,,942,"1,005",,,false,,,activities/1825602745.fit.gz,,,942.0,942.0,1004.6,2.0,,0.0,76.0,10.5,11.0,0.0,0.0,,,31.0,27.0,,,,,236.0,,,,,,,,,,,,,,,,0.0,,,,,,,,,,,,,,,,,,,,,,,,,,,,,,,,,,,,,,,,,,,,,,,,,,,,""
1700921969,"Jul 10, 2018, 4:08:22 PM",Evening Run,Run,,2699,6.86,187.0,27,false,,,activities/1825602682.fit.gz,80.0,,2699.0,2448.0,6866.4,5.6,,29.0,32.0,-9.0,1.2,10.1,0.0,,,95.0,81.0,187.0,147.0,,,491.0,,,27.0,,,,,,,,,,,,,0.0,,,,,,,,,,,,,,,,,,,,,,,,,,,,,,,,,,,,,,,,,,,,,,,,,,,,""
1707698449,"Jul 8, 2018, 5:03:49 AM",Morning Ride,Ride,,3948,39.49,,,false,,,activities/1832649935.fit.gz,80.0,,3948.0,3948.0,39491.7,13.2,,112.0,107.0,-27.8,41.4,16.6,0.0,,,109.0,91.0,,,,228.0,1774.0,,26.0,,,,,,,,,,,,,,0.0,,,,,,,,,,,,,,,,,,,,,,,,,,,,,,,,,,,,,,,,,,,,,,,,,,,,""
1700921691,"Jul 8, 2018, 4:33:04 AM",Morning Swim,Swim,,1002,"1,008",,,false,,,activities/1825602366.fit.gz,,,1002.0,1002.0,1007.8,1.8,,0.0,88.0,18.4,18.5,0.0,0.0,,,29.0,26.0,,,,,235.0,,,,,,,,,,,,,,,,0.0,,,,,,,,,,,,,,,,,,,,,,,,,,,,,,,,,,,,,,,,,,,,,,,,,,,,""
1685665021,"Jul 7, 2018, 3:45:07 AM",Morning Run,Run,,3033,8.00,153.0,15,false,,,activities/1809722366.fit.gz,80.0,,3033.0,3033.0,8004.2,3.1,,16.0,21.0,3.6,15.8,6.1,-0.1,,,86.0,81.0,153.0,135.0,,,565.0,,,15.0,,,,,,,,,,,,,0.0,,,,,,,,,,,,,,,,,,,,,,,,,,,,,,,,,,,,,,,,,,,,,,,,,,,,""
1685664702,"Jul 6, 2018, 3:41:15 PM",Evening Swim,Swim,,4248,"2,500",,,false,,,activities/1809722014.fit.gz,,,4248.0,2397.0,2500.0,2.5,,0.0,,,,0.0,0.0,,,29.0,23.0,,,,,610.0,,,,,,,,,,,,,,,,0.0,,,,,,,,,,,,,,,,,,,,,,,,,,,,,,,,,,,,,,,,,,,,,,,,,,,,""
1683904264,"Jul 6, 2018, 3:32:08 AM",Morning Ride,Ride,,5413,42.50,178.0,51,false,,,activities/1807897744.fit.gz,80.0,,5413.0,5413.0,42501.7,14.3,,269.0,280.0,54.6,187.4,7.4,0.0,,,112.0,87.0,178.0,136.0,,137.0,853.0,,24.0,51.0,,,,,,,,,,,,,0.0,,,,,,,,,,,,,,,,,,,,,,,,,,,,,,,,,,,,,,,,,,,,,,,,,,,,""
1683904219,"Jul 3, 2018, 3:47:03 AM",Morning Ride,Ride,,6968,48.56,,,false,,,activities/1807897661.fit.gz,80.0,,6968.0,6770.0,48565.6,13.7,,295.0,297.0,7.0,136.2,16.0,0.0,,,109.0,87.0,,,,111.0,1829.0,,24.0,,,,,,,,,,,,,,0.0,,,,,,,,,,,,,,,,,,,,,,,,,,,,,,,,,,,,,,,,,,,,,,,,,,,,""
1673415064,"Jul 1, 2018, 6:06:42 AM",Morning Run,Run,,1256,3.99,,,false,,,activities/1797050553.fit.gz,80.0,,1256.0,1256.0,3997.4,3.5,,45.0,44.0,-0.4,24.4,8.0,0.0,,,89.0,81.0,,,,,351.0,,,,,,,,,,,,,,,,0.0,,,,,,,,,,,,,,,,,,,,,,,,,,,,,,,,,,,,,,,,,,,,,,,,,,,,""
1673400587,"Jul 1, 2018, 4:55:36 AM",Morning Ride,Ride,,3904,39.61,,,false,,,activities/1797035808.fit.gz,80.0,,3904.0,3904.0,39616.5,12.4,,116.0,114.0,5.6,59.4,5.8,0.0,,,106.0,90.0,,,,236.0,1764.0,,23.0,,,,,,,,,,,,,,0.0,,,,,,,,,,,,,,,,,,,,,,,,,,,,,,,,,,,,,,,,,,,,,,,,,,,,""
1673414523,"Jul 1, 2018, 4:21:54 AM",Morning Swim,Swim,,1127,961,,,false,,,activities/1797049985.fit.gz,,,1127.0,1006.0,960.9,1.7,,0.0,0.0,17.8,19.5,0.0,-0.2,,,32.0,26.0,,,,,224.0,,,,,,,,,,,,,,,,0.0,,,,,,,,,,,,,,,,,,,,,,,,,,,,,,,,,,,,,,,,,,,,,,,,,,,,""
1668290146,"Jun 27, 2018, 3:48:16 PM",Evening Run,Run,,637,2.09,,,false,,,activities/1791722884.fit.gz,80.0,,637.0,637.0,2097.1,3.7,,3.0,8.0,-0.6,7.0,1.4,-0.2,,,86.0,82.0,,,,,186.0,,,,,,,,,,,,,,,,0.0,,,,,,,,,,,,,,,,,,,,,,,,,,,,,,,,,,,,,,,,,,,,,,,,,,,,""
1673409459,"Jun 27, 2018, 3:06:04 PM",Evening Ride,Ride,,2280,20.66,,,false,,,activities/1797035687.fit.gz,80.0,,2280.0,2280.0,20659.6,12.0,,58.0,69.0,17.0,62.6,2.6,-0.1,,,105.0,90.0,,,,182.0,883.0,,27.0,,,,,,,,,,,,,,0.0,,,,,,,,,,,,,,,,,,,,,,,,,,,,,,,,,,,,,,,,,,,,,,,,,,,,""
1664579542,"Jun 26, 2018, 2:53:58 PM",Afternoon Run,Run,,3611,9.85,186.0,74,false,,,activities/1787881780.fit.gz,80.0,,3611.0,2946.0,9853.5,5.4,,26.0,,0.2,8.4,7.4,0.0,,,93.0,82.0,186.0,162.0,,,754.0,,,74.0,,,,,,,,,,,,,0.0,,,,,,,,,,,,,,,,,,,,,,,,,,,,,,,,,,,,,,,,,,,,,,,,,,,,""
1662537798,"Jun 26, 2018, 3:01:36 AM",Morning Ride,Ride,,5420,43.63,,,false,,,activities/1785783034.fit.gz,80.0,,5420.0,5420.0,43630.8,13.3,,215.0,,41.2,155.8,5.5,0.0,,,133.0,91.0,,,,132.0,1663.0,,18.0,,,,,,,,,,,,,,0.0,,,,,,,,,,,,,,,,,,,,,,,,,,,,,,,,,,,,,,,,,,,,,,,,,,,,""
1661426439,"Jun 25, 2018, 2:20:09 PM",Günün sözü : Yanıyosun Fuat abi...,Ride,"",6695,57.55,183.0,161,false,,,activities/1784624951.fit.gz,80.0,,6695.0,6651.0,57554.0,16.2,,427.0,,48.6,261.2,15.0,0.0,,,112.0,89.0,183.0,160.0,,180.0,1524.0,,26.0,161.0,,,,,,,,,,,,,0.0,,,,,,,,,,,,,,,,,,,,,,,,,,,,,,,,,,,,,,,,,,,,,,,,,,,,""
1661426960,"Jun 23, 2018, 6:29:58 AM",Morning Ride,Ride,,440,2.34,,,false,,,activities/1784624739.fit.gz,80.0,,440.0,440.0,2346.9,7.4,,26.0,,23.8,44.2,8.8,0.8,,,97.0,83.0,,,,95.0,81.0,,27.0,,,,,,,,,,,,,,0.0,,,,,,,,,,,,,,,,,,,,,,,,,,,,,,,,,,,,,,,,,,,,,,,,,,,,""
1664580874,"Jun 23, 2018, 6:07:29 AM",Morning Run,Run,,634,2.00,,,false,,,activities/1787880303.fit.gz,80.0,,634.0,634.0,2001.8,4.9,,8.0,,1.6,8.2,5.2,0.2,,,89.0,81.0,,,,,174.0,,,,,,,,,,,,,,,,0.0,,,,,,,,,,,,,,,,,,,,,,,,,,,,,,,,,,,,,,,,,,,,,,,,,,,,""
1661426937,"Jun 23, 2018, 4:12:37 AM",Morning Ride,Ride,,6408,55.26,,,false,,,activities/1784624695.fit.gz,80.0,,6408.0,6408.0,55266.9,14.3,,300.0,,1.2,176.6,9.1,0.0,,,110.0,90.0,,,,166.0,2272.0,,24.0,,,,,,,,,,,,,,0.0,,,,,,,,,,,,,,,,,,,,,,,,,,,,,,,,,,,,,,,,,,,,,,,,,,,,""
1661426812,"Jun 23, 2018, 3:45:56 AM",Morning Ride,Ride,,347,2.30,,,false,,,activities/1784624551.fit.gz,80.0,,347.0,347.0,2303.4,8.4,,5.0,,8.0,25.6,2.6,-0.8,,,97.0,85.0,,,,64.0,81.0,,24.0,,,,,,,,,,,,,,0.0,,,,,,,,,,,,,,,,,,,,,,,,,,,,,,,,,,,,,,,,,,,,,,,,,,,,""
1664580811,"Jun 22, 2018, 3:10:12 PM",Evening Run,Run,,3370,6.13,181.0,16,false,,,activities/1787880082.fit.gz,80.0,,3370.0,2024.0,6131.4,6.3,,12.0,,39.8,44.2,15.3,0.0,,,97.0,80.0,181.0,145.0,,,390.0,,,16.0,,,,,,,,,,,,,0.0,,,,,,,,,,,,,,,,,,,,,,,,,,,,,,,,,,,,,,,,,,,,,,,,,,,,""
1654238198,"Jun 22, 2018, 4:43:07 AM",Morning Swim,Swim,,946,"1,010",,,false,,,activities/1777087734.fit.gz,,,946.0,946.0,1009.7,1.9,,0.0,,-0.5,0.1,0.0,0.0,,,33.0,28.0,,,,,237.0,,,,,,,,,,,,,,,,0.0,,,,,,,,,,,,,,,,,,,,,,,,,,,,,,,,,,,,,,,,,,,,,,,,,,,,""
1653160246,"Jun 21, 2018, 3:18:12 PM",Brick Run- strong side winds🌪🌪,Run,"",1293,5.00,191.0,56,false,,,activities/1775962371.fit.gz,80.0,,1293.0,1287.0,5008.2,4.8,,18.0,,94.6,106.0,27.2,0.0,,,89.0,83.0,191.0,176.0,,,370.0,,,56.0,,,,,,,,,,,,,0.0,,,,,,,,,,,,,,,,,,,,,,,,,,,,,,,,,,,,,,,,,,,,,,,,,,,,""
1653154876,"Jun 21, 2018, 2:31:12 PM",Brick Indoor Ride,Ride,"",2521,20.01,165.0,41,false,,,activities/1775956747.fit.gz,80.0,,2521.0,2521.0,20013.8,10.1,,1.0,,108.6,110.2,1.2,0.0,,,95.0,80.0,165.0,151.0,,125.0,584.0,,25.0,41.0,,,,,,,,,,,,,0.0,,,,,,,,,,,,,,,,,,,,,,,,,,,,,,,,,,,,,,,,,,,,,,,,,,,,""
1653154700,"Jun 20, 2018, 4:38:35 PM",Indoor Ride,Ride,"",1802,13.23,181.0,26,false,,,activities/1775956630.fit.gz,80.0,,1802.0,1802.0,13238.4,14.4,,0.0,,99.8,102.8,2.0,0.0,,,107.0,84.0,181.0,150.0,,115.0,414.0,,26.0,26.0,,,,,,,,,,,,,0.0,,,,,,,,,,,,,,,,,,,,,,,,,,,,,,,,,,,,,,,,,,,,,,,,,,,,""
1648724473,"Jun 19, 2018, 2:49:20 PM",Lions in a cage!!!,Run,"",5991,10.00,192.0,88,false,,,activities/1771325511.fit.gz,80.0,,5991.0,2779.0,10001.1,7.9,,19.0,,40.6,47.0,16.7,0.0,,,101.0,82.0,192.0,165.0,,,705.0,,,88.0,,,,,,,,,,,,,0.0,,,,,,,,,,,,,,,,,,,,,,,,,,,,,,,,,,,,,,,,,,,,,,,,,,,,""
1643749400,"Jun 17, 2018, 3:22:05 AM",Solid ride but did not make it to 115 km because of a dead tyre..,Ride,"",13290,83.35,,,false,,,activities/1766115773.fit.gz,80.0,,13290.0,12279.0,83352.3,15.8,,1269.0,,5.8,563.8,33.3,0.0,,,115.0,82.0,,,,150.0,3791.0,,23.0,,,,,,,,,,,,,,0.0,,,,,,,,,,,,,,,,,,,,,,,,,,,,,,,,,,,,,,,,,,,,,,,,,,,,""
1639421837,"Jun 14, 2018, 3:19:25 PM",Evening Run,Run,,2678,6.00,,,false,,,activities/1761577560.fit.gz,80.0,,2678.0,1725.0,5999.6,5.8,,5.0,,39.2,43.8,15.5,0.1,,,89.0,79.0,,,,,524.0,,,,,,,,,,,,,,,,0.0,,,,,,,,,,,,,,,,,,,,,,,,,,,,,,,,,,,,,,,,,,,,,,,,,,,,""
1636229338,"Jun 13, 2018, 2:10:57 PM",Hot and windy conditions🤙,Ride,"",8785,62.88,,,false,,,activities/1758232614.fit.gz,80.0,,8785.0,8296.0,62882.4,18.7,,510.0,,3.6,247.8,12.3,0.0,,,109.0,87.0,,,,147.0,2670.0,,25.0,,,,,,,,,,,,,,0.0,,,,,,,,,,,,,,,,,,,,,,,,,,,,,,,,,,,,,,,,,,,,,,,,,,,,""
1639421560,"Jun 13, 2018, 4:08:26 AM",Morning Swim,Swim,,1306,"1,244",,,false,,,activities/1761577290.fit.gz,,,1306.0,1280.0,1244.4,2.0,,0.0,,-0.2,0.1,0.0,0.0,,,31.0,26.0,,,,,291.0,,,,,,,,,,,,,,,,0.0,,,,,,,,,,,,,,,,,,,,,,,,,,,,,,,,,,,,,,,,,,,,,,,,,,,,""
1634064419,"Jun 12, 2018, 3:26:39 PM",Intensity is the key⚡️,Run,"",3487,6.00,185.0,38,false,,,activities/1755969966.fit.gz,80.0,,3487.0,1814.0,6000.3,6.2,,1.0,,39.4,44.0,5.9,-0.1,,,96.0,80.0,185.0,157.0,,,429.0,,,38.0,,,,,,,,,,,,,0.0,,,,,,,,,,,,,,,,,,,,,,,,,,,,,,,,,,,,,,,,,,,,,,,,,,,,""
1633079393,"Jun 12, 2018, 3:39:44 AM",Morning Ride,Ride,,7309,55.90,,,false,,,activities/1754942846.fit.gz,80.0,,7309.0,7055.0,55904.2,15.5,,487.0,,51.4,283.0,9.6,0.0,,,111.0,87.0,,,,150.0,2368.0,,22.0,,,,,,,,,,,,,,0.0,,,,,,,,,,,,,,,,,,,,,,,,,,,,,,,,,,,,,,,,,,,,,,,,,,,,""
1634063268,"Jun 11, 2018, 3:34:58 PM",Evening Run,Run,,1804,4.59,,,false,,,activities/1755968649.fit.gz,80.0,,1804.0,1800.0,4593.5,3.0,,1.0,,42.0,45.0,3.7,0.0,,,81.0,78.0,,,,,408.0,,,,,,,,,,,,,,,,0.0,,,,,,,,,,,,,,,,,,,,,,,,,,,,,,,,,,,,,,,,,,,,,,,,,,,,""
1628590550,"Jun 10, 2018, 5:40:54 AM",Morning Ride,Ride,,4262,39.66,,,false,,,activities/1750223373.fit.gz,80.0,,4262.0,4262.0,39664.2,12.8,,119.0,,30.6,119.0,35.3,0.0,,,109.0,91.0,,,,189.0,1696.0,,27.0,,,,,,,,,,,,,,0.0,,,,,,,,,,,,,,,,,,,,,,,,,,,,,,,,,,,,,,,,,,,,,,,,,,,,""
1628593472,"Jun 10, 2018, 5:09:34 AM",Morning Swim,Swim,,1112,"1,003",,,false,,,activities/1750226523.fit.gz,,,1112.0,1083.0,1002.7,2.1,,0.0,,17.9,19.0,0.0,-0.1,,,32.0,25.0,,,,,233.0,,,,,,,,,,,,,,,,0.0,,,,,,,,,,,,,,,,,,,,,,,,,,,,,,,,,,,,,,,,,,,,,,,,,,,,""
1628593360,"Jun 9, 2018, 3:31:46 PM",Evening Run,Run,"",2740,10.00,,,false,,,activities/1750226388.fit.gz,80.0,,2740.0,2740.0,10003.8,4.2,,40.0,,148.0,172.6,17.0,0.0,,,88.0,82.0,,,,,891.0,,,,,,,,,,,,,,,,0.0,,,,,,,,,,,,,,,,,,,,,,,,,,,,,,,,,,,,,,,,,,,,,,,,,,,,""
1625582109,"Jun 8, 2018, 3:13:35 PM",1000 warm up - 10x100 @ 1:30-35,Swim,"",2968,"2,000",,,false,,,activities/1747043937.fit.gz,80.0,,2968.0,2025.0,2000.0,2.1,,0.0,,,,0.0,0.0,,,27.0,22.0,,,,,464.0,,,,,,,,,,,,,,,,0.0,,,,,,,,,,,,,,,,,,,,,,,,,,,,,,,,,,,,,,,,,,,,,,,,,,,,""
1623442092,"Jun 7, 2018, 3:17:55 PM",Evening Run,Run,,3334,8.00,196.0,71,false,,,activities/1744764653.fit.gz,80.0,,3334.0,2566.0,7999.3,5.7,,3.0,,38.8,41.4,13.3,0.0,,,90.0,79.0,196.0,162.0,,,787.0,,,71.0,,,,,,,,,,,,,0.0,,,8008.2,,,,,,,,,,,,,,,,,,,,,,,,,,,,,,,,,,,,,,,,,,,,,,,,,""
1620279241,"Jun 6, 2018, 3:26:36 AM",Morning Ride,Ride,"",10822,76.20,,,false,,,activities/1741328495.fit.gz,80.0,,10822.0,10017.0,76202.5,17.2,,510.0,,-7.2,233.0,22.2,0.0,,,115.0,89.0,,,,136.0,1517.0,,22.0,,,,,,,,,,,,,,0.0,,,,,,,,,,,,,,,,,,,,,,,,,,,,,,,,,,,,,,,,,,,,,,,,,,,,media/A7F77A8F-658D-49FB-8050-3D6D0E70F165.jpg
1619079205,"Jun 5, 2018, 3:27:03 PM",Evening Run,Run,,3790,8.40,192.0,71,false,,,activities/1739977868.fit.gz,80.0,,3790.0,2533.0,8402.1,5.7,,12.0,,38.0,45.2,18.6,-0.1,,,97.0,78.0,192.0,163.0,,,827.0,,,71.0,,,,,,,,,,,,,0.0,,,,,,,,,,,,,,,,,,,,,,,,,,,,,,,,,,,,,,,,,,,,,,,,,,,,""
1618025799,"Jun 5, 2018, 3:19:40 AM",Morning Ride,Ride,,8004,61.61,,,false,,,activities/1738835544.fit.gz,80.0,,8004.0,7712.0,61612.2,15.6,,505.0,,30.0,260.4,11.0,0.0,,,111.0,87.0,,,,148.0,1270.0,,19.0,,,,,,,,,,,,,,0.0,,,,,,,,,,,,,,,,,,,,,,,,,,,,,,,,,,,,,,,,,,,,,,,,,,,,""
1616181978,"Jun 4, 2018, 5:07:16 AM",Long steady swim with some efforts,Swim,"",4788,"3,828",,,false,,,activities/1736850998.fit.gz,80.0,,4788.0,4554.0,3828.4,2.2,,0.0,,0.0,0.2,0.0,0.0,,,32.0,24.0,,,,,,,,,,,,,,,,,,,,,0.0,,,,,,,,,,,,,,,,,,,,,,,,,,,,,,,,,,,,,,,,,,,,,,,,,,,,""
1613526079,"Jun 3, 2018, 6:23:50 AM",Morning Run,Run,,762,2.34,,,false,,,activities/1734032888.fit.gz,80.0,,762.0,762.0,2341.6,3.9,,33.0,,12.2,36.2,8.1,0.0,,,87.0,81.0,,,,,235.0,,,,,,,,,,,,,,,,0.0,,,2392.1,,,,,,,,,,,,,,,,,,,,,,,,,,,,,,,,,,,,,,,,,,,,,,,,,""
1613527710,"Jun 3, 2018, 5:07:50 AM",Morning Ride,Ride,,4370,39.64,,,false,,,activities/1734034647.fit.gz,80.0,,4370.0,4338.0,39641.6,12.8,,104.0,,3.4,54.6,7.0,0.0,,,113.0,94.0,,,,182.0,879.0,,25.0,,,,,,,,,,,,,,0.0,,,,,,,,,,,,,,,,,,,,,,,,,,,,,,,,,,,,,,,,,,,,,,,,,,,,""
1613525928,"Jun 3, 2018, 4:39:25 AM",Morning Swim,Swim,,968,940,,,false,,,activities/1734032724.fit.gz,,,968.0,968.0,940.0,1.7,,0.0,,18.3,18.6,0.0,0.0,,,29.0,25.0,,,,,,,,,,,,,,,,,,,,,0.0,,,,,,,,,,,,,,,,,,,,,,,,,,,,,,,,,,,,,,,,,,,,,,,,,,,,""
1613529519,"May 20, 2018, 3:34:33 AM",Morning Ride,Ride,,5632,43.09,,,false,,,activities/1734034600.fit.gz,80.0,,5632.0,5270.0,43091.1,12.7,,265.0,,-9.2,124.0,29.7,0.0,,,109.0,90.0,,,,145.0,851.0,,21.0,,,,,,,,,,,,,,0.0,,,,,,,,,,,,,,,,,,,,,,,,,,,,,,,,,,,,,,,,,,,,,,,,,,,,""
1568555829,"May 13, 2018, 3:32:50 AM",Sevki Ahcıhoca ile 🐐 gurtarma operasyonlu gormacit sürüşü,Ride,"",12831,77.10,,,false,,,activities/1686859483.fit.gz,80.0,,12831.0,10959.0,77104.6,15.7,,846.0,,-11.4,244.8,25.9,0.0,,,108.0,81.0,,,,136.0,1667.0,,19.0,,,,,,,,,,,,,,0.0,,,,,,,,,,,,,,,,,,,,,,,,,,,,,,,,,,,,,,,,,,,,,,,,,,,,media/7EC51C74-C28B-4DB4-B10F-1F52384060C4.jpg|media/37661D71-9BC6-4C04-9920-2226A962EE76.jpg|media/B1E3B05A-444B-4BA8-BC8C-D93AC100C366.jpg
1613528221,"May 11, 2018, 6:10:35 AM",Morning Swim,Swim,,3552,"3,062",,,false,,,activities/1734032590.fit.gz,,,3552.0,3402.0,3062.4,3.4,,0.0,,0.0,0.3,0.0,0.0,,,30.0,25.0,,,,,,,,,,,,,,,,,,,,,0.0,,,,,,,,,,,,,,,,,,,,,,,,,,,,,,,,,,,,,,,,,,,,,,,,,,,,""
1547250954,"May 3, 2018, 3:02:31 PM",O eski halimden eser yok şimdi...yedi bizi okul😂,Ride,"",3664,28.38,,,false,,,activities/1664522498.fit.gz,80.0,,3664.0,3664.0,28382.2,14.0,,152.0,,-51.8,74.4,48.2,0.0,,,113.0,88.0,,,,147.0,600.0,,29.0,,,,,,,,,,,,,,0.0,,,,,,,,,,,,,,,,,,,,,,,,,,,,,,,,,,,,,,,,,,,,,,,,,,,,""
1613527798,"Apr 22, 2018, 7:03:20 AM",Morning Swim,Swim,,1187,"1,176",,,false,,,activities/1734032223.fit.gz,,,1187.0,1187.0,1175.7,1.8,,0.0,,0.0,0.0,0.0,0.0,,,30.0,26.0,,,,,,,,,,,,,,,,,,,,,0.0,,,,,,,,,,,,,,,,,,,,,,,,,,,,,,,,,,,,,,,,,,,,,,,,,,,,""
1509789322,"Apr 15, 2018, 4:27:11 AM",Morning Ride,Ride,,10950,82.86,,,false,,,activities/1625678515.fit.gz,80.0,,10950.0,9764.0,82859.4,16.5,,542.0,,47.0,307.6,11.6,0.0,,,113.0,89.0,,,,169.0,1835.0,,21.0,,,,,,,,,,,,,,0.0,,,,,,,,,,,,,,,,,,,,,,,,,,,,,,,,,,,,,,,,,,,,,,,,,,,,""
1613527667,"Apr 14, 2018, 7:13:54 AM",Morning Run,Run,,2908,6.86,,,false,,,activities/1734032082.fit.gz,80.0,,2908.0,2129.0,6863.7,5.6,,102.0,,2.6,78.2,8.6,0.0,,,90.0,81.0,,,,,680.0,,,,,,,,,,,,,,,,0.0,,,,,,,,,,,,,,,,,,,,,,,,,,,,,,,,,,,,,,,,,,,,,,,,,,,,""
1495716793,"Apr 8, 2018, 5:00:48 AM",Girne Half Marathon,Run,"",6205,20.91,,,false,,,activities/1611013382.fit.gz,80.0,,6205.0,6205.0,20914.9,4.7,,130.0,,-5.0,71.6,14.3,0.0,,,87.0,82.0,,,,,2072.0,,,,,,,,,,,,,,,,0.0,,,,,,,,,,,,,,,,,,,,,,,,,,,,,,,,,,,,,,,,,,,,,,,,,,,,""
1487431414,"Apr 3, 2018, 2:22:15 PM",30x400(1 fast 1 jog),Run,"",5190,16.00,,,false,,,activities/1602457189.fit.gz,80.0,,5190.0,4643.0,16002.6,6.0,,3.0,,37.8,41.8,2.3,0.0,,,116.0,82.0,,,,,1574.0,,,,,,,,,,,,,,,,0.0,,,,,,,,,,,,,,,,,,,,,,,,,,,,,,,,,,,,,,,,,,,,,,,,,,,,""
1487426706,"Mar 30, 2018, 3:08:08 PM",Evening Swim,Swim,,4334,"2,100",,,false,,,activities/1602450063.fit.gz,,,4334.0,2128.0,2100.0,3.1,,0.0,,,,0.0,0.0,,,30.0,21.0,,,,,,,,,,,,,,,,,,,,,0.0,,,,,,,,,,,,,,,,,,,,,,,,,,,,,,,,,,,,,,,,,,,,,,,,,,,,""
1474711655,"Mar 27, 2018, 1:15:14 PM",Afternoon Run,Run,,4240,11.71,,,false,,,activities/1589199899.fit.gz,80.0,,4240.0,3495.0,11710.6,5.7,,15.0,,32.0,34.8,5.3,0.0,,,97.0,83.0,,,,,1153.0,,,,,,,,,,,,,,,,0.0,,,,,,,,,,,,,,,,,,,,,,,,,,,,,,,,,,,,,,,,,,,,,,,,,,,,""
1470338065,"Mar 25, 2018, 4:32:58 AM",Morning Ride,Ride,,12563,90.78,,,false,,,activities/1584609033.fit.gz,80.0,,12563.0,10875.0,90788.4,18.4,,579.0,,37.0,313.4,12.1,0.0,,,117.0,89.0,,,,158.0,1920.0,,13.0,,,,,,,,,,,,,,0.0,,,,,,,,,,,,,,,,,,,,,,,,,,,,,,,,,,,,,,,,,,,,,,,,,,,,""
1474711017,"Mar 22, 2018, 9:51:59 AM",Lunch Run,Run,,856,3.00,,,false,,,activities/1589199052.fit.gz,80.0,,856.0,728.0,3005.5,4.6,,6.0,,88.8,95.6,3.3,0.0,,,86.0,82.0,,,,,296.0,,,,,,,,,,,,,,,,0.0,,,3011.6,,,,,,,,,,,,,,,,,,,,,,,,,,,,,,,,,,,,,,,,,,,,,,,,,""
1470337909,"Mar 22, 2018, 9:06:59 AM",Lunch Ride,Ride,,2400,20.19,,,false,,,activities/1584608911.fit.gz,80.0,,2400.0,2400.0,20190.5,12.1,,1.0,,82.4,89.2,0.3,0.0,,,101.0,88.0,,,,143.0,,,22.0,,,,,,,,,,,,,,0.0,,,,,,,,,,,,,,,,,,,,,,,,,,,,,,,,,,,,,,,,,,,,,,,,,,,,""
1470337771,"Mar 18, 2018, 6:50:26 AM",Morning Ride,Ride,,2604,20.87,,,false,,,activities/1584608817.fit.gz,80.0,,2604.0,2604.0,20873.7,11.3,,0.0,,90.6,94.2,0.2,0.0,,,110.0,88.0,,,,143.0,,,18.0,,,,,,,,,,,,,,0.0,,,,,,,,,,,,,,,,,,,,,,,,,,,,,,,,,,,,,,,,,,,,,,,,,,,,""
1470337734,"Mar 16, 2018, 2:17:09 PM",Afternoon Ride,Ride,,2714,25.17,,,false,,,activities/1584608783.fit.gz,80.0,,2714.0,2714.0,25171.4,18.6,,0.0,,91.6,94.6,0.2,0.0,,,121.0,87.0,,,,231.0,,,18.0,,,,,,,,,,,,,,0.0,,,,,,,,,,,,,,,,,,,,,,,,,,,,,,,,,,,,,,,,,,,,,,,,,,,,""
1470337712,"Mar 16, 2018, 2:16:38 PM",Afternoon Ride,Ride,,6,0,,,false,,,activities/1584608728.fit.gz,80.0,,6.0,6.0,0.0,0.0,,0.0,,93.0,93.0,0.0,0.0,,,,,,,,0.0,,,20.0,,,,,,,,,,,,,,0.0,,,,,,,,,,,,,,,,,,,,,,,,,,,,,,,,,,,,,,,,,,,,,,,,,,,,""
1451101344,"Mar 13, 2018, 3:23:52 PM",20x400(1 fast 1 jog),Run,"",3770,11.35,186.0,59,false,,,activities/1564697131.fit.gz,80.0,,3770.0,3460.0,11358.4,6.0,,1.0,,43.0,48.0,6.9,0.0,,,93.0,82.0,186.0,154.0,,,1118.0,,,59.0,,,,,,,,,,,,,0.0,,,,,,,,,,,,,,,,,,,,,,,,,,,,,,,,,,,,,,,,,,,,,,,,,,,,""
1446894213,"Mar 11, 2018, 5:53:44 AM",Morning Ride,Ride,,11152,71.48,,,false,,,activities/1560329959.fit.gz,80.0,,11152.0,8367.0,71487.5,15.2,,629.0,,14.8,262.2,41.8,0.0,,,113.0,88.0,,,,182.0,1696.0,,17.0,,,,,,,,,,,,,,0.0,,,,,,,,,,,,,,,,,,,,,,,,,,,,,,,,,,,,,,,,,,,,,,,,,,,,""
1444963003,"Mar 10, 2018, 6:10:44 AM",Morning Run,Run,,3419,10.67,184.0,63,false,,,activities/1558322467.fit.gz,80.0,,3419.0,3419.0,10677.6,4.5,,18.0,,1.6,13.0,7.8,0.0,,,87.0,80.0,184.0,155.0,,,1052.0,,,73.0,,,,,,,,,,,,,0.0,,,,,,,,,,,,,,,,,,,,,,,,,,,,,,,,,,,,,,,,,,,,,,,,,,,,""
1444962452,"Mar 9, 2018, 3:59:52 PM",Afternoon Swim,Swim,,4097,"2,625",,,false,,,activities/1558321892.fit.gz,,,4097.0,2770.0,2625.0,3.1,,0.0,,,,0.0,0.0,,,30.0,21.0,,,,,,,,,,,,,,,,,,,,,0.0,,,,,,,,,,,,,,,,,,,,,,,,,,,,,,,,,,,,,,,,,,,,,,,,,,,,""
1442541108,"Mar 8, 2018, 4:16:42 PM",TYG Series-#1,Ride,"",1832,15.01,172.0,16,false,,,activities/1555813418.fit.gz,80.0,,1832.0,1832.0,15013.3,18.3,,0.0,,139.6,141.4,0.5,0.0,,,121.0,84.0,172.0,139.0,,158.0,,,20.0,16.0,,,,,,,,,,,,,0.0,,,,,,,,,,,,,,,,,,,,,,,,,,,,,,,,,,,,,,,,,,,,,,,,,,,,""
1439319289,"Mar 6, 2018, 3:30:52 PM",Afternoon Run,Run,,5053,14.00,188.0,76,false,,,activities/1552507669.fit.gz,80.0,,5053.0,4417.0,14000.0,5.1,,14.0,,12.0,24.0,7.3,-0.1,,,92.0,81.0,188.0,153.0,,,1377.0,,,73.0,,,,,,,,,,,,,0.0,,,,,,,,,,,,,,,,,,,,,,,,,,,,,,,,,,,,,,,,,,,,,,,,,,,,""
1435192232,"Mar 4, 2018, 5:37:25 AM",Morning Ride,Ride,,11180,78.00,,,false,,,activities/1548239561.fit.gz,80.0,,11180.0,9702.0,77999.8,16.8,,688.0,,38.8,297.0,15.5,0.0,,,119.0,88.0,,,,173.0,1871.0,,15.0,,,,,,,,,,,,,,0.0,,,,,,,,,,,,,,,,,,,,,,,,,,,,,,,,,,,,,,,,,,,,,,,,,,,,""
1433500097,"Mar 3, 2018, 6:06:13 AM",Morning Run,Run,,4603,14.83,185.0,107,false,,,activities/1546471455.fit.gz,80.0,,4603.0,4603.0,14833.5,4.2,,40.0,,3.2,19.2,18.9,0.1,,,90.0,82.0,185.0,159.0,,,1466.0,,,107.0,,,,,,,,,,,,,0.0,,,,,,,,,,,,,,,,,,,,,,,,,,,,,,,,,,,,,,,,,,,,,,,,,,,,""
1428659135,"Feb 27, 2018, 3:18:09 PM",Afternoon Run,Run,,4011,10.73,173.0,41,false,,,activities/1541519496.fit.gz,80.0,,4011.0,3600.0,10731.4,4.1,,2.0,,32.6,35.8,5.0,0.0,,,106.0,81.0,173.0,146.0,,,1056.0,,,41.0,,,,,,,,,,,,,0.0,,,,,,,,,,,,,,,,,,,,,,,,,,,,,,,,,,,,,,,,,,,,,,,,,,,,""
1424728700,"Feb 25, 2018, 5:53:24 AM",Morning Ride,Ride,,9431,67.08,,,false,,,activities/1537440941.fit.gz,80.0,,9431.0,8898.0,67086.3,15.5,,525.0,,13.0,273.8,28.2,0.0,,,109.0,84.0,,,,130.0,1293.0,,13.0,,,,,,,,,,,,,,0.0,,,,,,,,,,,,,,,,,,,,,,,,,,,,,,,,,,,,,,,,,,,,,,,,,,,,""
1423187526,"Feb 23, 2018, 3:16:34 PM",Afternoon Run,Run,,3913,10.13,,,false,,,activities/1535811342.fit.gz,80.0,,3913.0,3346.0,10135.7,5.4,,0.0,,35.2,38.2,3.8,0.0,,,91.0,80.0,,,,,997.0,,,,,,,,,,,,,,,,0.0,,,,,,,,,,,,,,,,,,,,,,,,,,,,,,,,,,,,,,,,,,,,,,,,,,,,""
1423189347,"Feb 20, 2018, 3:06:53 PM",Afternoon Run with injury,Run,"",2071,5.33,164.0,23,false,,,activities/1535810524.fit.gz,80.0,,2071.0,1723.0,5331.6,4.5,,0.0,,19.2,21.2,2.6,0.0,,,89.0,81.0,164.0,149.0,,,524.0,,,23.0,,,,,,,,,,,,,0.0,,,,,,,,,,,,,,,,,,,,,,,,,,,,,,,,,,,,,,,,,,,,,,,,,,,,""
1413153203,"Feb 18, 2018, 6:00:33 AM",Morning Ride,Ride,,10369,73.76,,,false,,,activities/1525294980.fit.gz,78.0,,10369.0,9053.0,73768.3,14.9,,552.0,,-76.8,277.8,10.9,0.2,,,114.0,89.0,,,,157.0,1585.0,,16.0,,,,,,,,,,,,,,0.0,,,,,,,,,,,,,,,,,,,,,,,,,,,,,,,,,,,,,,,,,,,,,,,,,,,,""
1411768817,"Feb 16, 2018, 4:07:52 PM",Evening Swim,Swim,,3783,"2,800",,,false,,,activities/1523804654.fit.gz,,,3783.0,2818.0,2800.0,2.8,,0.0,,,,0.0,0.0,,,29.0,23.0,,,,,,,,,,,,,,,,,,,,,0.0,,,,,,,,,,,,,,,,,,,,,,,,,,,,,,,,,,,,,,,,,,,,,,,,,,,,""
1413153971,"Feb 14, 2018, 4:20:19 PM",Evening Ride,Ride,,2266,16.82,,,false,,,activities/1525294839.fit.gz,78.0,,2266.0,2266.0,16820.8,9.1,,0.0,,38.4,42.0,0.1,0.0,,,98.0,80.0,,,,101.0,,,17.0,,,,,,,,,,,,,,0.0,,,,,,,,,,,,,,,,,,,,,,,,,,,,,,,,,,,,,,,,,,,,,,,,,,,,""
1406708215,"Feb 13, 2018, 3:08:55 PM",Struggling because of injury after 7th km,Run,"",2982,7.78,190.0,43,false,,,activities/1518301980.fit.gz,78.0,,2982.0,2303.0,7782.7,5.5,,17.0,,39.6,46.6,14.6,0.0,,,93.0,82.0,190.0,156.0,,,748.0,,,43.0,,,,,,,,,,,,,0.0,,,,,,,,,,,,,,,,,,,,,,,,,,,,,,,,,,,,,,,,,,,,,,,,,,,,""
1401809986,"Feb 11, 2018, 6:01:04 AM",Feeling sick🤢,Ride,"",5596,44.94,,,false,,,activities/1512847048.fit.gz,78.0,,5596.0,5596.0,44943.4,15.5,,180.0,,5.2,104.6,4.7,0.0,,,116.0,91.0,,,,133.0,,,13.0,,,,,,,,,,,,,,0.0,,,,,,,,,,,,,,,,,,,,,,,,,,,,,,,,,,,,,,,,,,,,,,,,,,,,""
1400243889,"Feb 10, 2018, 9:00:11 AM",Lunch Ride,Ride,,3557,26.31,,,false,,,activities/1511002706.fit.gz,78.0,,3557.0,3413.0,26316.7,16.0,,149.0,,35.0,151.2,37.0,0.0,,,117.0,89.0,,,,140.0,,,17.0,,,,,,,,,,,,,,0.0,,,,,,,,,,,,,,,,,,,,,,,,,,,,,,,,,,,,,,,,,,,,,,,,,,,,""
1399470461,"Feb 9, 2018, 5:01:22 PM",Evening Swim,Swim,,394,200,,,false,,,activities/1510019764.fit.gz,,,394.0,151.0,200.0,2.5,,0.0,,,,0.0,0.0,,,31.0,27.0,,,,,,,,,,,,,,,,,,,,,0.0,,,,,,,,,,,,,,,,,,,,,,,,,,,,,,,,,,,,,,,,,,,,,,,,,,,,""
1399470289,"Feb 9, 2018, 4:05:27 PM",Evening Swim,Swim,,3233,"2,525",,,false,,,activities/1510019564.fit.gz,,,3233.0,2525.0,2525.0,3.1,,0.0,,,,0.0,0.0,,,30.0,23.0,,,,,,,,,,,,,,,,,,,,,0.0,,,,,,,,,,,,,,,,,,,,,,,,,,,,,,,,,,,,,,,,,,,,,,,,,,,,""
1399859636,"Feb 8, 2018, 1:05:49 PM",Afternoon Ride,Ride,,6249,50.37,,,false,,,activities/1510529601.fit.gz,78.0,,6249.0,6227.0,50377.3,18.3,,495.0,,57.2,300.4,13.2,0.0,,,120.0,88.0,,,,168.0,,,15.0,,,,,,,,,,,,,,0.0,,,,,,,,,,,,,,,,,,,,,,,,,,,,,,,,,,,,,,,,,,,,,,,,,,,,""
1396274281,"Feb 7, 2018, 3:20:11 PM",Afternoon Run,Run,,2671,9.23,,,false,,,activities/1506514092.fit.gz,78.0,,2671.0,2671.0,9231.8,4.8,,2.0,,42.2,45.0,3.4,0.0,,,90.0,82.0,,,,,,,,,,,,,,,,,,,,,0.0,,,,,,,,,,,,,,,,,,,,,,,,,,,,,,,,,,,,,,,,,,,,,,,,,,,,""
1396274248,"Feb 5, 2018, 2:18:35 PM",Afternoon Run,Run,,1765,5.00,,,false,,,activities/1506514061.fit.gz,78.0,,1765.0,1765.0,5003.2,3.7,,0.0,,29.4,31.4,11.3,0.0,,,81.0,76.0,,,,,,,,,,,,,,,,,,,,,0.0,,,,,,,,,,,,,,,,,,,,,,,,,,,,,,,,,,,,,,,,,,,,,,,,,,,,""
1390887863,"Feb 4, 2018, 6:00:44 AM",Morning Ride,Ride,,9426,67.05,,,false,,,activities/1500954710.fit.gz,78.0,,9426.0,8511.0,67052.9,14.4,,315.0,,16.6,134.4,8.5,0.0,,,110.0,89.0,,,,134.0,,,11.0,,,,,,,,,,,,,,0.0,,,,,,,,,,,,,,,,,,,,,,,,,,,,,,,,,,,,,,,,,,,,,,,,,,,,""
1396274199,"Feb 2, 2018, 4:06:32 PM",Evening Swim,Swim,,3657,"2,000",,,false,,,activities/1506514029.fit.gz,,,3657.0,1965.0,2000.0,2.8,,0.0,,,,0.0,0.0,,,30.0,22.0,,,,,,,,,,,,,,,,,,,,,0.0,,,,,,,,,,,,,,,,,,,,,,,,,,,,,,,,,,,,,,,,,,,,,,,,,,,,""
1396274190,"Feb 1, 2018, 3:18:18 PM",Afternoon Run,Run,,1400,3.80,,,false,,,activities/1506513978.fit.gz,78.0,,1400.0,1155.0,3808.4,4.0,,1.0,,45.6,48.0,2.5,0.0,,,87.0,80.0,,,,,365.0,,,,,,,,,,,,,,,,0.0,,,,,,,,,,,,,,,,,,,,,,,,,,,,,,,,,,,,,,,,,,,,,,,,,,,,""
1384392456,"Jan 31, 2018, 8:46:30 AM",Morning Ride,Ride,,5901,46.10,,,false,,,activities/1494229671.fit.gz,78.0,,5901.0,5702.0,46108.4,12.7,,252.0,,0.8,117.8,8.2,0.0,,,110.0,93.0,,,,144.0,,,16.0,,,,,,,,,,,,,,0.0,,,,,,,,,,,,,,,,,,,,,,,,,,,,,,,,,,,,,,,,,,,,,,,,,,,,""
1383117247,"Jan 30, 2018, 2:57:15 PM",Afternoon Run,Run,,5032,13.42,,,false,,,activities/1492908172.fit.gz,78.0,,5032.0,4113.0,13423.5,5.6,,5.0,,43.6,47.4,3.6,0.0,,,90.0,81.0,,,,,1287.0,,,,,,,,,,,,,,,,0.0,,,,,,,,,,,,,,,,,,,,,,,,,,,,,,,,,,,,,,,,,,,,,,,,,,,,""
1378928959,"Jan 28, 2018, 6:29:04 AM",Morning Ride,Ride,,8433,60.64,,,false,,,activities/1488550485.fit.gz,78.0,,8433.0,8277.0,60644.4,12.8,,544.0,,31.8,275.4,14.4,0.0,,,118.0,86.0,,,,123.0,1134.0,,10.0,,,,,,,,,,,,,,0.0,,,,,,,,,,,,,,,,,,,,,,,,,,,,,,,,,,,,,,,,,,,,,,,,,,,,""
1377279885,"Jan 27, 2018, 9:42:06 AM",Cool down,Run,"",680,2.00,,,false,,,activities/1486835394.fit.gz,78.0,,680.0,680.0,2003.1,3.4,,1.0,,40.2,42.0,1.5,0.0,,,83.0,79.0,,,,,192.0,,,,,,,,,,,,,,,,0.0,,,,,,,,,,,,,,,,,,,,,,,,,,,,,,,,,,,,,,,,,,,,,,,,,,,,""
1377279103,"Jan 27, 2018, 9:03:28 AM",Medium aerobic intense,Run,"",2179,8.00,,,false,,,activities/1486834599.fit.gz,78.0,,2179.0,2179.0,8007.0,4.1,,4.0,,41.2,46.0,3.2,0.0,,,88.0,81.0,,,,,,,,,,,,,,,,,,,,,0.0,,,,,,,,,,,,,,,,,,,,,,,,,,,,,,,,,,,,,,,,,,,,,,,,,,,,""
1376452589,"Jan 26, 2018, 4:52:47 PM",Evening Swim,Swim,,3269,"2,000",,,false,,,activities/1485983718.fit.gz,,,3269.0,2024.0,2000.0,2.5,,0.0,,,,0.0,0.0,,,28.0,23.0,,,,,,,,,,,,,,,,,,,,,0.0,,,,,,,,,,,,,,,,,,,,,,,,,,,,,,,,,,,,,,,,,,,,,,,,,,,,""
1375763848,"Jan 26, 2018, 6:59:27 AM",Morning Ride,Ride,,6510,48.77,,,false,,,activities/1485283155.fit.gz,78.0,,6510.0,6429.0,48778.2,14.6,,304.0,,22.4,171.4,15.4,0.0,,,106.0,88.0,,,,124.0,891.0,,10.0,,,,,,,,,,,,,,0.0,,,,,,,,,,,,,,,,,,,,,,,,,,,,,,,,,,,,,,,,,,,,,,,,,,,,""
1373049148,"Jan 24, 2018, 2:00:56 PM",Indoor session with some intervals,Ride,"",4437,40.01,,,false,,,activities/1482524908.fit.gz,78.0,,4437.0,4437.0,40009.6,12.7,,0.0,,88.4,92.0,0.2,0.0,,,103.0,84.0,,,,177.0,,,19.0,,,,,,,,,,,,,,0.0,,,,,,,,,,,,,,,,,,,,,,,,,,,,,,,,,,,,,,,,,,,,,,,,,,,,""
1371456921,"Jan 23, 2018, 2:56:34 PM",1 bucuk iskenderi yakma kosusu😀,Run,"",4698,12.59,,,false,,,activities/1480897284.fit.gz,78.0,,4698.0,4240.0,12598.7,5.5,,0.0,,28.8,37.0,1.6,-0.1,,,93.0,80.0,,,,,1207.0,,,,,,,,,,,,,,,,0.0,,,,,,,,,,,,,,,,,,,,,,,,,,,,,,,,,,,,,,,,,,,,,,,,,,,,""
1369735294,"Jan 22, 2018, 1:25:16 PM",10x1Min Intervals,Ride,"",5747,44.70,,,false,,,activities/1479122917.fit.gz,78.0,,5747.0,5747.0,44700.8,13.0,,197.0,,30.0,141.8,18.3,0.0,,,117.0,90.0,,,,134.0,,,14.0,,,,,,,,,,,,,,0.0,,,,,,,,,,,,,,,,,,,,,,,,,,,,,,,,,,,,,,,,,,,,,,,,,,,,""
1369365860,"Jan 22, 2018, 8:22:02 AM",Morning Swim,Swim,,2720,"2,505",,,false,,,activities/1478745589.fit.gz,,,2720.0,2584.0,2505.1,2.0,,0.0,,0.0,0.1,0.0,0.0,,,33.0,26.0,,,,,,,,,,,,,,,,,,,,,0.0,,,,,,,,,,,,,,,,,,,,,,,,,,,,,,,,,,,,,,,,,,,,,,,,,,,,""
1367461263,"Jan 21, 2018, 6:32:24 AM",Coffee Ride,Ride,"",9604,58.65,,,false,,,activities/1476762165.fit.gz,78.0,,9604.0,8801.0,58649.4,16.9,,630.0,,60.0,304.2,15.0,0.0,,,125.0,80.0,,,,121.0,1188.0,,11.0,,,,,,,,,,,,,,0.0,,,,,,,,,,,,,,,,,,,,,,,,,,,,,,,,,,,,,,,,,,,,,,,,,,,,""
1365586334,"Jan 20, 2018, 7:05:42 AM",Morning Run,Run,,2133,4.01,174.0,18,false,,,activities/1474785982.fit.gz,78.0,,2133.0,1303.0,4012.4,4.4,,3.0,,38.6,40.6,15.8,0.0,,,91.0,80.0,174.0,150.0,,,385.0,,,18.0,,,,,,,,,,,,,0.0,,,,,,,,,,,,,,,,,,,,,,,,,,,,,,,,,,,,,,,,,,,,,,,,,,,,""
1364958272,"Jan 19, 2018, 4:09:04 PM",Evening Swim,Swim,,4111,"2,500",,,false,,,activities/1474109082.fit.gz,,,4111.0,2778.0,2500.0,2.8,,0.0,,,,0.0,0.0,,,27.0,21.0,,,,,,,,,,,,,,,,,,,,,0.0,,,,,,,,,,,,,,,,,,,,,,,,,,,,,,,,,,,,,,,,,,,,,,,,,,,,""
1364953141,"Jan 19, 2018, 2:12:52 PM",Afternoon Run,Run,,2730,8.01,,,false,,,activities/1474103831.fit.gz,78.0,,2730.0,2650.0,8011.3,4.9,,4.0,,26.2,30.4,2.2,0.0,,,91.0,79.0,,,,,768.0,,,,,,,,,,,,,,,,0.0,,,,,,,,,,,,,,,,,,,,,,,,,,,,,,,,,,,,,,,,,,,,,,,,,,,,""
1367461113,"Jan 18, 2018, 5:33:14 AM",Morning Ride,Ride,,1871,13.61,,,false,,,activities/1476762012.fit.gz,78.0,,1871.0,1771.0,13615.6,10.4,,44.0,,5.6,76.8,25.5,-0.1,,,105.0,89.0,,,,113.0,,,9.0,,,,,,,,,,,,,,0.0,,,,,,,,,,,,,,,,,,,,,,,,,,,,,,,,,,,,,,,,,,,,,,,,,,,,""
1367461055,"Jan 14, 2018, 6:39:28 AM",Morning Ride,Ride,,4414,32.42,,,false,,,activities/1476761929.fit.gz,78.0,,4414.0,4414.0,32427.3,10.4,,179.0,,47.0,120.4,8.0,0.0,,,105.0,85.0,,,,109.0,535.0,,9.0,,,,,,,,,,,,,,0.0,,,,,,,,,,,,,,,,,,,,,,,,,,,,,,,,,,,,,,,,,,,,,,,,,,,,""
1334762005,"Dec 31, 2017, 12:13:38 PM",Happy new year!!,Ride,"",8302,60.43,,,false,,,activities/1442765866.fit.gz,78.0,,8302.0,7725.0,60435.9,12.5,,329.0,,9.6,114.6,17.8,0.0,,,112.0,84.0,,,,128.0,1104.0,,11.0,,,,,,,,,,,,,,0.0,,,,,,,,,,,,,,,,,,,,,,,,,,,,,,,,,,,,,,,,,,,,,,,,,,,,""
1364954567,"Dec 28, 2017, 3:54:39 PM",Afternoon Run,Run,,2256,5.00,,,false,,,activities/1474102305.fit.gz,78.0,,2256.0,1675.0,4999.6,6.0,,0.0,,38.4,41.2,3.6,0.0,,,91.0,78.0,,,,,,,,,,,,,,,,,,,,,0.0,,,,,,,,,,,,,,,,,,,,,,,,,,,,,,,,,,,,,,,,,,,,,,,,,,,,""
1364954239,"Dec 15, 2017, 5:09:40 AM",Morning Activity,Workout,,3701,0,,,false,,,activities/1474101107.fit.gz,,,3701.0,3701.0,0.0,0.0,,0.0,,103.2,159.6,0.0,0.0,,,,,,,,,,,,,,,,,,,,,,,,,0.0,,,,,,,,,,,,,,,,,,,,,,,,,,,,,,,,,,,,,,,,,,,,,,,,,,,,""
1310225059,"Dec 11, 2017, 5:09:36 AM",Gym workout,Weight Training,"",4046,0,,,false,,,activities/1417436988.fit.gz,78.0,,4046.0,4046.0,0.0,0.0,,0.0,,46.6,50.2,0.0,0.0,,,,,,,,,,,,,,,,,,,,,,,,,0.0,,,,,,,,,,,,,,,,,,,,,,,,,,,,,,,,,,,,,,,,,,,,,,,,,,,,""
1308956414,"Dec 10, 2017, 6:09:35 AM",Morning Ride,Ride,"",15262,101.43,,,false,,,activities/1416133594.fit.gz,78.0,,15262.0,13567.0,101430.0,16.3,,1234.0,,20.6,727.8,27.0,0.0,,,120.0,81.0,,,,161.0,,,13.0,,,,,,,,,,,,,,0.0,,,,,,,,,,,,,,,,,,,,,,,,,,,,,,,,,,,,,,,,,,,,,,,,,,,,media/e2a9574b-1e5b-41b7-8fa0-59dcbb1ad241.jpg
1307502506,"Dec 9, 2017, 6:34:32 AM",Morning Run,Run,,4892,13.83,,,false,,,activities/1414635117.fit.gz,78.0,,4892.0,4529.0,13836.3,4.1,,300.0,,1.4,248.8,29.1,-0.1,,,87.0,79.0,,,,,,,,,,,,,,,,,,,,,0.0,,,,,,,,,,,,,,,,,,,,,,,,,,,,,,,,,,,,,,,,,,,,,,,,,,,,""
1307026739,"Dec 8, 2017, 4:03:45 PM",Evening Swim,Swim,,3946,"2,250",,,false,,,activities/1414140357.fit.gz,,,3946.0,2117.0,2250.0,2.8,,0.0,,,,0.0,0.0,,,28.0,22.0,,,,,,,,,,,,,,,,,,,,,0.0,,,,,,,,,,,,,,,,,,,,,,,,,,,,,,,,,,,,,,,,,,,,,,,,,,,,""
1302631356,"Dec 5, 2017, 4:43:33 AM",Morning Ride,Ride,,5589,31.94,,,false,,,activities/1409655682.fit.gz,78.0,,5589.0,4302.0,31939.1,11.5,,169.0,,21.8,165.2,21.8,0.0,,,125.0,84.0,,,,117.0,,,8.0,,,,,,,,,,,,,,0.0,,,,,,,,,,,,,,,,,,,,,,,,,,,,,,,,,,,,,,,,,,,,,,,,,,,,""
1302632712,"Dec 4, 2017, 5:15:45 AM",Morning Activity,Workout,,3949,0,,,false,,,activities/1409657054.fit.gz,,,3949.0,3949.0,0.0,0.0,,0.0,,58.0,62.0,0.0,0.0,,,,,,,,,,,,,,,,,,,,,,,,,0.0,,,,,,,,,,,,,,,,,,,,,,,,,,,,,,,,,,,,,,,,,,,,,,,,,,,,""
1299982570,"Dec 3, 2017, 8:03:44 AM",Open water swim race,Swim,"",2696,"2,768",,,false,,,activities/1406926700.fit.gz,78.0,,2696.0,2696.0,2768.2,1.5,,0.0,,-0.1,0.0,0.0,0.0,,,33.0,28.0,,,,,,,,,,,,,,,,,,,,,0.0,,,,,,,,,,,,,,,,,,,,,,,,,,,,,,,,,,,,,,,,,,,,,,,,,,,,""
1296278427,"Nov 30, 2017, 4:52:58 AM",Morning Ride,Ride,,7199,50.44,,,false,,,activities/1403115418.fit.gz,78.0,,7199.0,6697.0,50443.1,14.2,,291.0,,-4.4,157.6,9.7,0.0,,,140.0,86.0,,,,121.0,901.0,,12.0,,,,,,,,,,,,,,0.0,,,,,,,,,,,,,,,,,,,,,,,,,,,,,,,,,,,,,,,,,,,,,,,,,,,,""
1294971564,"Nov 29, 2017, 5:09:37 AM",Gym session,Weight Training,"",3194,0,,,false,,,activities/1401774811.fit.gz,78.0,,3194.0,3194.0,0.0,0.0,,0.0,,39.8,47.8,0.0,0.0,,,,,,,,,,,,,,,,,,,,,,,,,0.0,,,,,,,,,,,,,,,,,,,,,,,,,,,,,,,,,,,,,,,,,,,,,,,,,,,,""
1294971154,"Nov 28, 2017, 3:06:10 PM",Afternoon Run,Run,,3370,6.99,,,false,,,activities/1401774350.fit.gz,78.0,,3370.0,2171.0,6996.5,6.3,,2.0,,39.4,45.4,2.6,-0.1,,,92.0,79.0,,,,,,,,,,,,,,,,,,,,,0.0,,,,,,,,,,,,,,,,,,,,,,,,,,,,,,,,,,,,,,,,,,,,,,,,,,,,""
1291052198,"Nov 26, 2017, 5:24:07 AM",Morning Ride,Ride,,20038,107.86,,,false,,,activities/1397817082.fit.gz,78.0,,20038.0,14279.0,107868.0,17.7,,925.0,,-1.4,187.0,25.0,0.0,,,115.0,84.0,,,,147.0,2345.0,,15.0,,,,,,,,,,,,,,0.0,,,,,,,,,,,,,,,,,,,,,,,,,,,,,,,,,,,,,,,,,,,,,,,,,,,,""
1289365195,"Nov 25, 2017, 7:38:50 AM",Easy 10 min ride for getting rid of lactic acid,Ride,"",600,3.67,,,false,,,activities/1396110808.fit.gz,78.0,,600.0,600.0,3671.4,6.9,,0.0,,26.8,27.6,0.2,0.0,,,80.0,67.0,,,,63.0,,,15.0,,,,,,,,,,,,,,0.0,,,,,,,,,,,,,,,,,,,,,,,,,,,,,,,,,,,,,,,,,,,,,,,,,,,,""
1289349073,"Nov 25, 2017, 6:07:38 AM",Morning Run,Run,After 8.5 km-suffered a lot,2931,9.70,,,false,,,activities/1396094302.fit.gz,78.0,,2931.0,2788.0,9704.4,5.5,,271.0,,29.0,252.6,42.7,-0.2,,,94.0,80.0,,,,,,,,,,,,,,,,,,,,,0.0,,,,,,,,,,,,,,,,,,,,,,,,,,,,,,,,,,,,,,,,,,,,,,,,,,,,""
1288883290,"Nov 24, 2017, 4:03:51 PM",Evening Swim,Swim,,3833,"2,350",,,false,,,activities/1395622924.fit.gz,,,3833.0,2270.0,2350.0,2.8,,0.0,,,,0.0,0.0,,,28.0,23.0,,,,,,,,,,,,,,,,,,,,,0.0,,,,,,,,,,,,,,,,,,,,,,,,,,,,,,,,,,,,,,,,,,,,,,,,,,,,""
1288880603,"Nov 21, 2017, 3:07:50 PM",Afternoon Run,Run,,3341,6.01,,,false,,,activities/1395620127.fit.gz,78.0,,3341.0,1704.0,6010.0,6.0,,8.0,,34.2,39.6,8.4,0.0,,,91.0,81.0,,,,,,,,,,,,,,,,,,,,,0.0,,,,,,,,,,,,,,,,,,,,,,,,,,,,,,,,,,,,,,,,,,,,,,,,,,,,""
1281295523,"Nov 19, 2017, 5:02:02 AM",Morning Ride,Ride,,11016,75.85,,,false,,,activities/1387997856.fit.gz,78.0,,11016.0,9759.0,75850.1,17.6,,663.0,,15.4,267.2,14.1,0.0,,,112.0,85.0,,,,147.0,,,14.0,,,,,,,,,,,,,,0.0,,,,,,,,,,,,,,,,,,,,,,,,,,,,,,,,,,,,,,,,,,,,,,,,,,,,""
1278830898,"Nov 16, 2017, 3:52:52 PM",Afternoon Run,Run,,4148,7.00,193.0,30,false,,,activities/1385511576.fit.gz,78.0,,4148.0,2268.0,7003.1,6.3,,0.0,,30.8,33.6,10.1,0.0,,,109.0,80.0,193.0,151.0,,,,,,30.0,,,,,,,,,,,,,0.0,,,,,,,,,,,,,,,,,,,,,,,,,,,,,,,,,,,,,,,,,,,,,,,,,,,,""
1278826941,"Nov 14, 2017, 2:00:26 PM",Afternoon Run,Run,,4346,8.07,185.0,64,false,,,activities/1385507529.fit.gz,78.0,,4346.0,2531.0,8076.0,5.5,,1.0,,29.0,33.4,11.5,0.0,,,95.0,80.0,185.0,152.0,,,,,,64.0,,,,,,,,,,,,,0.0,,,,,,,,,,,,,,,,,,,,,,,,,,,,,,,,,,,,,,,,,,,,,,,,,,,,""
1270018095,"Nov 11, 2017, 6:19:03 AM",Morning Run,Run,,3503,11.00,,,false,,,activities/1376655622.fit.gz,78.0,,3503.0,3503.0,11002.4,4.9,,277.0,,10.8,253.0,21.9,-0.1,,,91.0,76.0,,,,,1128.0,,,,,,,,,,,,,,,,0.0,,,,,,,,,,,,,,,,,,,,,,,,,,,,,,,,,,,,,,,,,,,,,,,,,,,,""
1268944099,"Nov 10, 2017, 5:16:21 AM",Morning Run,Run,,1359,5.01,,,false,,,activities/1375578543.fit.gz,78.0,,1359.0,1359.0,5015.7,5.5,,6.0,,100.6,109.2,3.6,0.0,,,87.0,81.0,,,,,,,,,,,,,,,,,,,,,0.0,,,,,,,,,,,,,,,,,,,,,,,,,,,,,,,,,,,,,,,,,,,,,,,,,,,,""
1267675128,"Nov 9, 2017, 5:27:11 AM",Morning Ride,Ride,,9893,82.22,,,false,,,activities/1374310864.fit.gz,78.0,,9893.0,9403.0,82228.7,15.1,,564.0,,46.6,285.2,10.5,0.0,,,,,,,,191.0,,,,,,,,,,,,,,,,,0.0,,,,,,,,,,,,,,,,,,,,,,,,,,,,,,,,,,,,,,,,,,,,,,,,,,,,""
1267674182,"Nov 6, 2017, 2:07:03 PM",Afternoon Ride,Ride,,1233,0,,,false,,,activities/1374309953.fit.gz,78.0,,1233.0,1233.0,0.0,0.0,,0.0,,96.4,98.2,0.0,0.0,,,,,,,,0.0,,,,,,,,,,,,,,,,,0.0,,,,,,,,,,,,,,,,,,,,,,,,,,,,,,,,,,,,,,,,,,,,,,,,,,,,""
1267674080,"Nov 5, 2017, 2:13:02 PM",Afternoon Ride,Ride,,3028,0,,,false,,,activities/1374309826.fit.gz,78.0,,3028.0,3028.0,0.0,0.0,,0.0,,145.0,149.6,0.0,0.0,,,,,,,,0.0,,,,,,,,,,,,,,,,,0.0,,,,,,,,,,,,,,,,,,,,,,,,,,,,,,,,,,,,,,,,,,,,,,,,,,,,""
1257449407,"Nov 2, 2017, 5:29:33 AM",Morning Ride,Ride,,7117,62.90,,,false,,,activities/1364003065.fit.gz,78.0,,7117.0,7093.0,62905.5,13.6,,344.0,,47.6,190.4,8.8,0.0,,,,,,,,186.0,,,,,,,,,,,,,,,,,0.0,,,,,,,,,,,,,,,,,,,,,,,,,,,,,,,,,,,,,,,,,,,,,,,,,,,,""
1257447833,"Nov 1, 2017, 1:41:34 PM",2x2000-aerobic intense,Run,"",3632,8.00,176.0,41,false,,,activities/1364001510.fit.gz,78.0,,3632.0,2484.0,8006.8,4.3,,8.0,,35.4,39.2,8.1,0.0,,,90.0,81.0,176.0,155.0,,,,,,41.0,,,,,,,,,,,,,0.0,,,,,,,,,,,,,,,,,,,,,,,,,,,,,,,,,,,,,,,,,,,,,,,,,,,,""
1251473295,"Oct 29, 2017, 5:07:16 AM",Morning Ride,Ride,,11772,90.21,,,false,,,activities/1357967184.fit.gz,78.0,,11772.0,11157.0,90209.0,14.9,,709.0,,22.8,282.0,15.7,0.0,,,,,,,,180.0,2239.0,,,,,,,,,,,,,,,,0.0,,,,,,,,,,,,,,,,,,,,,,,,,,,,,,,,,,,,,,,,,,,,,,,,,,,,""
1249852122,"Oct 28, 2017, 5:12:42 AM",Morning Run,Run,,3884,11.75,,,false,,,activities/1356323271.fit.gz,78.0,,3884.0,3862.0,11753.2,4.3,,275.0,,11.8,252.2,21.4,-0.1,,,92.0,79.0,,,,,,,,,,,,,,,,,,,,,0.0,,,,,,,,,,,,,,,,,,,,,,,,,,,,,,,,,,,,,,,,,,,,,,,,,,,,""
1249353327,"Oct 27, 2017, 3:44:41 PM",Off season swim with 10x100 with paddles-going easy🏊‍♂️,Swim,"",3421,"2,200",,,false,,,activities/1355820283.fit.gz,78.0,,3421.0,2273.0,2200.0,2.5,,0.0,,,,0.0,0.0,,,29.0,20.0,,,,,,,,,,,,,,,,,,,,,0.0,,,,,,,,,,,,,,,,,,,,,,,,,,,,,,,,,,,,,,,,,,,,,,,,,,,,""
1247283763,"Oct 26, 2017, 4:26:10 AM",Morning Ride,Ride,,8810,71.59,,,false,,,activities/1353731227.fit.gz,78.0,,8810.0,8168.0,71595.4,15.5,,516.0,,34.6,266.6,8.7,0.0,,,,,,,,192.0,,,,,,,,,,,,,,,,,0.0,,,,,,,,,,,,,,,,,,,,,,,,,,,,,,,,,,,,,,,,,,,,,,,,,,,,""
1244849348,"Oct 24, 2017, 1:32:02 PM",Afternoon Run,Run,,3908,4.75,177.0,9,false,,,activities/1351278829.fit.gz,78.0,,3908.0,1703.0,4751.8,7.6,,1.0,,36.2,39.2,18.2,0.0,,,108.0,78.0,177.0,136.0,,,,,,9.0,,,,,,,,,,,,,0.0,,,,,,,,,,,,,,,,,,,,,,,,,,,,,,,,,,,,,,,,,,,,,,,,,,,,""
1244848815,"Oct 22, 2017, 7:06:05 AM",Morning Run,Run,,1974,7.63,,,false,,,activities/1351278218.fit.gz,78.0,,1974.0,1974.0,7634.3,5.8,,15.0,,132.0,147.0,2.3,0.0,,,97.0,82.0,,,,,733.0,,,,,,,,,,,,,,,,0.0,,,,,,,,,,,,,,,,,,,,,,,,,,,,,,,,,,,,,,,,,,,,,,,,,,,,""
1244848448,"Oct 20, 2017, 3:12:31 PM",Evening Swim,Swim,,4430,"2,300",,,false,,,activities/1351277864.fit.gz,,,4430.0,2452.0,2300.0,2.5,,0.0,,,,0.0,0.0,,,31.0,21.0,,,,,,,,,,,,,,,,,,,,,0.0,,,,,,,,,,,,,,,,,,,,,,,,,,,,,,,,,,,,,,,,,,,,,,,,,,,,""
1237104975,"Oct 19, 2017, 4:24:49 AM",Morning Ride,Ride,,7552,68.09,,,false,,,activities/1343430806.fit.gz,78.0,,7552.0,7498.0,68094.4,15.5,,521.0,,25.8,271.8,9.5,0.0,,,,,,,,212.0,1771.0,,,,,,,,,,,,,,,,0.0,,,,,,,,,,,,,,,,,,,,,,,,,,,,,,,,,,,,,,,,,,,,,,,,,,,,""
1235550896,"Oct 18, 2017, 4:19:35 AM",Easy Run,Run,"",1741,5.22,,,false,,,activities/1341866577.fit.gz,78.0,,1741.0,1741.0,5227.8,4.0,,7.0,,83.4,92.4,3.2,0.0,,,85.0,80.0,,,,,,,,,,,,,,,,,,,,,0.0,,,,,,,,,,,,,,,,,,,,,,,,,,,,,,,,,,,,,,,,,,,,,,,,,,,,""
1230745544,"Oct 15, 2017, 4:24:44 AM",Had a small crash..,Ride,"",10026,74.59,,,false,,,activities/1337001183.fit.gz,78.0,,10026.0,9053.0,74591.0,16.7,,596.0,,14.4,264.8,12.9,0.0,,,,,,,,177.0,,,,,,,,,,,,,,,,,0.0,,,,,,,,,,,,,,,,,,,,,,,,,,,,,,,,,,,,,,,,,,,,,,,,,,,,""
1229090964,"Oct 14, 2017, 5:32:17 AM",Morning Run,Run,,3865,11.75,,,false,,,activities/1335309037.fit.gz,78.0,,3865.0,3750.0,11754.3,5.2,,265.0,,7.0,247.2,17.4,-0.2,,,86.0,79.0,,,,,,,,,,,,,,,,,,,,,0.0,,,,,,,,,,,,,,,,,,,,,,,,,,,,,,,,,,,,,,,,,,,,,,,,,,,,""
1229090503,"Oct 13, 2017, 11:33:39 AM",Afternoon Ride,Ride,,6101,45.93,185.0,108,false,,,activities/1335308512.fit.gz,78.0,,6101.0,5559.0,45930.7,12.8,,254.0,,-3.4,107.8,9.2,0.0,,,,,185.0,154.0,,182.0,,,,108.0,,,,,,,,,,,,,0.0,,,,,,,,,,,,,,,,,,,,,,,,,,,,,,,,,,,,,,,,,,,,,,,,,,,,""
1226306534,"Oct 11, 2017, 3:58:38 PM",Evening Swim,Swim,,3538,"1,525",,,false,,,activities/1332487562.fit.gz,,,3538.0,1594.0,1525.0,2.1,,0.0,,,,0.0,0.0,,,28.0,21.0,,,,,,,,,,,,,,,,,,,,,0.0,,,,,,,,,,,,,,,,,,,,,,,,,,,,,,,,,,,,,,,,,,,,,,,,,,,,""
1224848682,"Oct 10, 2017, 1:51:55 PM",Afternoon Run,Run,,2632,7.65,,,false,,,activities/1331024035.fit.gz,80.0,,2632.0,2530.0,7651.4,3.8,,14.0,,36.6,40.2,2.9,0.0,,,84.0,79.0,,,,,754.0,,,,,,,,,,,,,,,,0.0,,,,,,,,,,,,,,,,,,,,,,,,,,,,,,,,,,,,,,,,,,,,,,,,,,,,""
1220131433,"Oct 8, 2017, 3:55:06 AM",Morning Ride,Ride,"",9649,70.13,184.0,75,false,,,activities/1326250397.fit.gz,80.0,,9649.0,8677.0,70137.5,14.6,,305.0,,2.0,119.4,12.4,0.0,,,,,184.0,138.0,,161.0,,,,75.0,,,,,,,,,,,,,0.0,,,,,,,,,,,,,,,,,,,,,,,,,,,,,,,,,,,,,,,,,,,,,,,,,,,,media/39eb0fd9-5572-45ea-80d1-4b329af016e9.jpg
1208069191,"Sep 30, 2017, 6:10:33 AM",Alanya Triathlon run,Run,"",1147,4.93,,,false,,,activities/1314033807.fit.gz,80.0,,1147.0,1147.0,4932.3,5.7,,20.0,,-0.8,14.0,12.6,0.0,,,89.0,83.0,,,,,485.0,,,,,,,,,,,,,,,,0.0,,,,,,,,,,,,,,,,,,,,,,,,,,,,,,,,,,,,,,,,,,,,,,,,,,,,""
1208069182,"Sep 30, 2017, 5:50:59 AM",Morning Activity,Workout,,6,0.00,,,false,,,activities/1314033803.fit.gz,,,6.0,6.0,5.5,0.9,,0.0,,3.2,3.2,0.0,0.0,,,,,,,,,,,,,,,,,,,,,,,,,0.0,,,,,,,,,,,,,,,,,,,,,,,,,,,,,,,,,,,,,,,,,,,,,,,,,,,,""
1208069186,"Sep 30, 2017, 5:50:52 AM",Alanya Triathlon bike,Ride,"",1935,18.97,,,false,,,activities/1314033796.fit.gz,80.0,,1935.0,1935.0,18974.9,12.8,,46.0,,-0.6,9.4,13.7,0.0,,,,,,,,244.0,,,,,,,,,,,,,,,,,0.0,,,,,,,,,,,,,,,,,,,,,,,,,,,,,,,,,,,,,,,,,,,,,,,,,,,,""
1208069174,"Sep 30, 2017, 5:18:31 AM",Morning Activity,Workout,,49,0.18,,,false,,,activities/1314033793.fit.gz,,,49.0,49.0,188.3,6.0,,28.0,,-2.0,13.4,12.5,2.7,,,95.0,83.0,,,,,,,,,,,,,,,,,,,,,0.0,,,,,,,,,,,,,,,,,,,,,,,,,,,,,,,,,,,,,,,,,,,,,,,,,,,,""
1208069173,"Sep 30, 2017, 5:17:41 AM",Alanya Triathlon  Swim,Swim,"",734,852,,,false,,,activities/1314033775.fit.gz,80.0,,734.0,734.0,852.1,1.9,,0.0,,-26.8,-26.8,0.0,0.0,,,33.0,29.0,,,,,,,,,,,,,,,,,,,,,0.0,,,,,,,,,,,,,,,,,,,,,,,,,,,,,,,,,,,,,,,,,,,,,,,,,,,,""
1208068672,"Sep 26, 2017, 2:35:07 PM",Afternoon Run,Run,,4234,8.76,,,false,,,activities/1314033241.fit.gz,80.0,,4234.0,2599.0,8766.2,5.5,,12.0,,42.6,45.6,9.8,0.0,,,91.0,80.0,,,,,,,,,,,,,,,,,,,,,0.0,,,,,,,,,,,,,,,,,,,,,,,,,,,,,,,,,,,,,,,,,,,,,,,,,,,,""
1208068323,"Sep 26, 2017, 4:49:48 AM",Morning Ride,Ride,,2509,19.18,,,false,,,activities/1314032892.fit.gz,80.0,,2509.0,2509.0,19188.4,10.6,,72.0,,27.4,82.6,5.4,0.0,,,,,,,,126.0,,,,,,,,,,,,,,,,,0.0,,,,,,,,,,,,,,,,,,,,,,,,,,,,,,,,,,,,,,,,,,,,,,,,,,,,""
1201123722,"Sep 25, 2017, 2:29:45 PM",Easy ride with some tt efforts,Ride,"",3252,26.05,,,false,,,activities/1307014433.fit.gz,80.0,,3252.0,3252.0,26052.5,15.2,,160.0,,55.0,147.0,7.0,0.0,,,,,,,,176.0,639.0,,,,,,,,,,,,,,,,0.0,,,,,,,,,,,,,,,,,,,,,,,,,,,,,,,,,,,,,,,,,,,,,,,,,,,,media/342d1a87-b24f-4588-a57c-742e40ee832c.jpg
1196896601,"Sep 23, 2017, 3:55:12 AM",Morning Ride,Ride,,6798,51.94,,,false,,,activities/1302713338.fit.gz,80.0,,6798.0,6039.0,51947.9,14.7,,245.0,,19.6,115.2,8.6,0.0,,,,,,,,181.0,1217.0,,,,,,,,,,,,,,,,0.0,,,,,,,,,,,,,,,,,,,,,,,,,,,,,,,,,,,,,,,,,,,,,,,,,,,,""
1196392803,"Sep 22, 2017, 3:26:13 PM",Evening Swim,Swim,,4976,"2,700",,,false,,,activities/1302199437.fit.gz,,,4976.0,2678.0,2700.0,2.8,,0.0,,,,0.0,0.0,,,32.0,22.0,,,,,,,,,,,,,,,,,,,,,0.0,,,,,,,,,,,,,,,,,,,,,,,,,,,,,,,,,,,,,,,,,,,,,,,,,,,,""
1196391652,"Sep 21, 2017, 4:21:24 AM",Morning Ride,Ride,,4862,37.93,,,false,,,activities/1302198259.fit.gz,80.0,,4862.0,4862.0,37938.0,12.5,,269.0,,88.6,188.4,8.9,0.0,,,,,,,,147.0,,,,,,,,,,,,,,,,,0.0,,,,,,,,,,,,,,,,,,,,,,,,,,,,,,,,,,,,,,,,,,,,,,,,,,,,""
1193197998,"Sep 20, 2017, 3:01:17 PM",WU-8x 150m-CD,Run,"",3234,4.60,,,false,,,activities/1298961237.fit.gz,80.0,,3234.0,1578.0,4608.2,7.5,,2.0,,36.0,38.6,7.2,0.0,,,120.0,78.0,,,,,,,,,,,,,,,,,,,,,0.0,,,,,,,,,,,,,,,,,,,,,,,,,,,,,,,,,,,,,,,,,,,,,,,,,,,,""
1191601365,"Sep 19, 2017, 2:43:45 PM",WU-2X[4X2 mins with 1 min jog)]-CD,Run,"",4401,10.11,,,false,,,activities/1297335313.fit.gz,80.0,,4401.0,3191.0,10116.8,5.9,,5.0,,42.8,46.8,3.6,0.0,,,92.0,79.0,,,,,994.0,,,,,,,,,,,,,,,,0.0,,,,,,,,,,,,,,,,,,,,,,,,,,,,,,,,,,,,,,,,,,,,,,,,,,,,""
1191057522,"Sep 19, 2017, 4:11:08 AM",Morning Swim,Swim,,1106,762,,,false,,,activities/1296786132.fit.gz,,,1106.0,833.0,762.4,1.6,,19.6,,10.5,31.0,0.0,-0.1,,,29.0,24.0,,,,,,,,,,,,,,,,,,,,,0.0,,,,,,,,,,,,,,,,,,,,,,,,,,,,,,,,,,,,,,,,,,,,,,,,,,,,""
1191057424,"Sep 18, 2017, 1:58:59 PM",Had a crash:/,Ride,"",5864,38.32,,,false,,,activities/1296786000.fit.gz,80.0,,5864.0,5148.0,38319.5,9.3,,136.0,,9.0,89.0,10.5,-0.1,,,,,,,,129.0,,,,,,,,,,,,,,,,,0.0,,,,,,,,,,,,,,,,,,,,,,,,,,,,,,,,,,,,,,,,,,,,,,,,,,,,""
1187604787,"Sep 17, 2017, 6:53:13 AM",Morning Run,Run,,1167,4.00,,,false,,,activities/1293280417.fit.gz,80.0,,1167.0,1130.0,4004.7,4.7,,41.0,,-8.0,16.6,7.7,0.0,,,87.0,80.0,,,,,,,,,,,,,,,,,,,,,0.0,,,,,,,,,,,,,,,,,,,,,,,,,,,,,,,,,,,,,,,,,,,,,,,,,,,,""
1187604609,"Sep 17, 2017, 5:38:22 AM",Morning Ride,Ride,,4253,39.50,,,false,,,activities/1293280221.fit.gz,80.0,,4253.0,4063.0,39505.3,13.1,,136.0,,-8.8,44.2,5.2,0.0,,,,,,,,236.0,,,,,,,,,,,,,,,,,0.0,,,,,,,,,,,,,,,,,,,,,,,,,,,,,,,,,,,,,,,,,,,,,,,,,,,,""
1187604043,"Sep 17, 2017, 5:10:21 AM",Morning Swim,Swim,,996,967,,,false,,,activities/1293279678.fit.gz,,,996.0,963.0,966.7,1.7,,23.5,,1.0,21.1,0.0,-0.5,,,32.0,26.0,,,,,,,,,,,,,,,,,,,,,0.0,,,,,,,,,,,,,,,,,,,,,,,,,,,,,,,,,,,,,,,,,,,,,,,,,,,,""
1187603891,"Sep 15, 2017, 3:39:12 PM",Evening Swim,Swim,,5018,"2,025",,,false,,,activities/1293279531.fit.gz,,,5018.0,1904.0,2025.0,2.8,,0.0,,,,0.0,0.0,,,30.0,23.0,,,,,,,,,,,,,,,,,,,,,0.0,,,,,,,,,,,,,,,,,,,,,,,,,,,,,,,,,,,,,,,,,,,,,,,,,,,,""
1184621483,"Sep 15, 2017, 3:32:16 AM",Morning Ride,Ride,,10211,71.82,,,false,,,activities/1290248327.fit.gz,80.0,,10211.0,9751.0,71822.0,16.9,,760.0,,-3.6,179.4,12.0,0.0,,,,,,,,161.0,,,,,,,,,,,,,,,,,0.0,,,,,,,,,,,,,,,,,,,,,,,,,,,,,,,,,,,,,,,,,,,,,,,,,,,,""
1183831322,"Sep 14, 2017, 3:04:16 PM",Warm up -6x400 with 200 jog-cool down,Run,"",3134,7.67,,,false,,,activities/1289448330.fit.gz,80.0,,3134.0,2415.0,7673.4,5.9,,9.0,,43.6,46.4,3.6,0.0,,,95.0,80.0,,,,,,,,,,,,,,,,,,,,,0.0,,,,,,,,,,,,,,,,,,,,,,,,,,,,,,,,,,,,,,,,,,,,,,,,,,,,""
1183830664,"Sep 14, 2017, 4:10:39 AM",Morning Swim,Swim,,1861,"1,820",,,false,,,activities/1289447630.fit.gz,,,1861.0,1820.0,1820.3,2.1,,51.2,,-21.8,22.3,0.0,0.1,,,33.0,27.0,,,,,,,,,,,,,,,,,,,,,0.0,,,,,,,,,,,,,,,,,,,,,,,,,,,,,,,,,,,,,,,,,,,,,,,,,,,,""
1181564853,"Sep 13, 2017, 3:34:20 AM",Morning Ride,Ride,,5344,45.92,,,false,,,activities/1287157267.fit.gz,80.0,,5344.0,5344.0,45920.1,13.9,,240.0,,26.6,132.4,13.6,0.0,,,,,,,,183.0,1091.0,,,,,,,,,,,,,,,,0.0,,,,,,,,,,,,,,,,,,,,,,,,,,,,,,,,,,,,,,,,,,,,,,,,,,,,""
1181564451,"Sep 12, 2017, 3:01:11 PM",Easy Run with some sprints,Run,"",3117,5.09,,,false,,,activities/1287156840.fit.gz,80.0,,3117.0,1906.0,5098.6,7.2,,1.0,,41.8,44.0,2.4,0.0,,,96.0,78.0,,,,,,,,,,,,,,,,,,,,,0.0,,,,,,,,,,,,,,,,,,,,,,,,,,,,,,,,,,,,,,,,,,,,,,,,,,,,""
1178516280,"Sep 10, 2017, 6:16:31 AM",Egirdir Triathlon Run,Run,"",1183,4.99,,,false,,,activities/1284076383.fit.gz,80.0,,1183.0,1183.0,4991.7,5.2,,10.0,,918.4,924.6,31.1,0.1,,,89.0,83.0,,,,,492.0,,,,,,,,,,,,,,,,0.0,,,,,,,,,,,,,,,,,,,,,,,,,,,,,,,,,,,,,,,,,,,,,,,,,,,,""
1178516275,"Sep 10, 2017, 5:55:23 AM",Egirdir Triathlon T2,Workout,"",21,0.02,,,false,,,activities/1284076381.fit.gz,80.0,,21.0,21.0,26.5,3.5,,0.0,,918.4,923.8,-4.4,-20.4,,,121.0,121.0,,,,,,,,,,,,,,,,,,,,,0.0,,,,,,,,,,,,,,,,,,,,,,,,,,,,,,,,,,,,,,,,,,,,,,,,,,,,""
1178516279,"Sep 10, 2017, 5:54:58 AM",Egirdir Triathlon Bike Leg,Ride,"",1987,20.21,,,false,,,activities/1284076380.fit.gz,80.0,,1987.0,1987.0,20211.7,13.3,,90.0,,914.2,935.0,9.7,0.0,,,,,,,,248.0,549.0,,,,,,,,,,,,,,,,0.0,,,,,,,,,,,,,,,,,,,,,,,,,,,,,,,,,,,,,,,,,,,,,,,,,,,,""
1178516276,"Sep 10, 2017, 5:21:48 AM",Egirdir Triathlon T1,Workout,"",44,0.18,,,false,,,activities/1284076379.fit.gz,80.0,,44.0,44.0,186.3,6.7,,3.0,,915.0,920.6,7.4,-0.9,,,121.0,80.0,,,,,,,,,,,,,,,,,,,,,0.0,,,,,,,,,,,,,,,,,,,,,,,,,,,,,,,,,,,,,,,,,,,,,,,,,,,,""
1178516278,"Sep 10, 2017, 5:21:03 AM",Egirdir Triathlon Swim,Swim,Race,726,771,,,false,,,activities/1284076378.fit.gz,80.0,,726.0,726.0,770.7,1.4,,0.0,,919.6,919.6,0.0,0.0,,,38.0,29.0,,,,,,,,,,,,,,,,,,,,,0.0,,,,,,,,,,,,,,,,,,,,,,,,,,,,,,,,,,,,,,,,,,,,,,,,,,,,""
1175093221,"Sep 9, 2017, 7:53:50 AM",Trying to swim in the lake for the first time😎,Swim,"",452,386,,,false,,,activities/1280587052.fit.gz,80.0,,452.0,367.0,386.4,2.3,,10.6,,909.4,917.8,0.0,0.0,,,32.0,27.0,,,,,,,,,,,,,,,,,,,,,0.0,,,,,,,,,,,,,,,,,,,,,,,,,,,,,,,,,,,,,,,,,,,,,,,,,,,,""
1175092941,"Sep 7, 2017, 4:19:30 AM",Morning Swim,Swim,,1003,"1,006",,,false,,,activities/1280586920.fit.gz,,,1003.0,1003.0,1006.4,4.4,,21.3,,10.1,29.0,0.0,0.1,,,34.0,26.0,,,,,,,,,,,,,,,,,,,,,0.0,,,,,,,,,,,,,,,,,,,,,,,,,,,,,,,,,,,,,,,,,,,,,,,,,,,,""
1175092720,"Sep 6, 2017, 3:39:20 AM",Morning Ride,Ride,,4797,34.10,,,false,,,activities/1280586671.fit.gz,80.0,,4797.0,4797.0,34105.6,9.4,,116.0,,38.0,93.2,6.3,0.0,,,,,,,,110.0,589.0,,,,,,,,,,,,,,,,0.0,,,,,,,,,,,,,,,,,,,,,,,,,,,,,,,,,,,,,,,,,,,,,,,,,,,,""
1175091826,"Sep 5, 2017, 4:10:26 AM",Morning Swim,Swim,,1074,990,,,false,,,activities/1280585754.fit.gz,,,1074.0,1074.0,989.7,1.6,,21.8,,10.7,30.8,0.0,0.0,,,29.0,24.0,,,,,,,,,,,,,,,,,,,,,0.0,,,,,,,,,,,,,,,,,,,,,,,,,,,,,,,,,,,,,,,,,,,,,,,,,,,,""
1175091613,"Sep 4, 2017, 3:46:15 PM",400m pb 1:05,Run,"",2062,3.00,,,false,,,activities/1280585527.fit.gz,80.0,,2062.0,881.0,3007.4,7.3,,1.0,,47.4,49.6,2.7,0.0,,,99.0,81.0,,,,,,,,,,,,,,,,,,,,,0.0,,,,,,,,,,,,,,,,,,,,,,,,,,,,,,,,,,,,,,,,,,,,,,,,,,,,""
1165479269,"Sep 3, 2017, 6:17:10 AM",Morning Swim,Swim,,919,815,,,false,,,activities/1270849120.fit.gz,,,919.0,919.0,815.1,1.7,,20.1,,18.4,36.3,0.0,-0.5,,,27.0,25.0,,,,,,,,,,,,,,,,,,,,,0.0,,,,,,,,,,,,,,,,,,,,,,,,,,,,,,,,,,,,,,,,,,,,,,,,,,,,""
1165479195,"Sep 3, 2017, 4:56:01 AM",Morning Ride,Ride,,4214,39.50,,,false,,,activities/1270849043.fit.gz,80.0,,4214.0,4176.0,39507.0,13.0,,127.0,,-0.2,54.6,8.3,0.0,,,,,,,,217.0,1008.0,,,,,,,,,,,,,,,,0.0,,,,,,,,,,,,,,,,,,,,,,,,,,,,,,,,,,,,,,,,,,,,,,,,,,,,""
1165478827,"Sep 2, 2017, 4:05:38 PM",Evening Run,Run,,981,3.98,,,false,,,activities/1270848649.fit.gz,80.0,,981.0,981.0,3984.6,4.5,,8.0,,5.0,10.6,3.5,-0.1,,,88.0,81.0,,,,,,,,,,,,,,,,,,,,,0.0,,,,,,,,,,,,,,,,,,,,,,,,,,,,,,,,,,,,,,,,,,,,,,,,,,,,""
1165478822,"Sep 2, 2017, 3:48:39 PM",Evening Activity,Workout,,317,0.11,,,false,,,activities/1270848642.fit.gz,,,317.0,137.0,114.1,2.0,,0.0,,10.2,13.8,11.7,-1.9,,,80.0,53.0,,,,,,,,,,,,,,,,,,,,,0.0,,,,,,,,,,,,,,,,,,,,,,,,,,,,,,,,,,,,,,,,,,,,,,,,,,,,""
1165478824,"Sep 2, 2017, 3:43:19 PM",Evening Ride,Ride,,2308,22.06,,,false,,,activities/1270848639.fit.gz,80.0,,2308.0,2308.0,22061.3,12.9,,80.0,,8.4,64.6,11.4,-0.1,,,,,,,,232.0,598.0,,,,,,,,,,,,,,,,0.0,,,,,,,,,,,,,,,,,,,,,,,,,,,,,,,,,,,,,,,,,,,,,,,,,,,,""
1162533781,"Sep 1, 2017, 4:06:26 AM",Recovery Swim,Swim,"",1153,"1,140",,,false,,,activities/1267859654.fit.gz,80.0,,1153.0,1145.0,1140.3,2.1,,22.3,,9.2,31.7,0.0,0.1,,,35.0,26.0,,,,,,,,,,,,,,,,,,,,,0.0,,,,,,,,,,,,,,,,,,,,,,,,,,,,,,,,,,,,,,,,,,,,,,,,,,,,""
1161593258,"Aug 31, 2017, 3:00:16 PM",4x1000-felt great!! Pb on 1000*- 3:13,Run,"",4569,8.08,,,false,,,activities/1266913208.fit.gz,80.0,,4569.0,2569.0,8084.1,6.8,,3.0,,45.8,49.4,10.7,0.0,,,95.0,80.0,,,,,795.0,,,,,,,,,,,,,,,,0.0,,,8083.6,,,,,,,,,,,,,,,,,,,,,,,,,,,,,,,,,,,,,,,,,,,,,,,,,""
1160008820,"Aug 30, 2017, 4:08:35 PM",Evening Run,Run,"",722,2.98,,,false,,,activities/1265323614.fit.gz,80.0,,722.0,722.0,2988.8,4.7,,5.0,,7.6,13.8,2.8,-0.1,,,86.0,82.0,,,,,293.0,,,,,,,,,,,,,,,,0.0,,,,,,,,,,,,,,,,,,,,,,,,,,,,,,,,,,,,,,,,,,,,,,,,,,,,""
1160008815,"Aug 30, 2017, 3:56:19 PM",Evening Activity,Workout,"",1786,1.86,,,false,,,activities/1265323610.fit.gz,80.0,,1786.0,270.0,1863.1,9.1,,15.0,,13.0,40.0,8.7,-1.4,,,82.0,62.0,,,,,,,,,,,,,,,,,,,,,0.0,,,,,,,,,,,,,,,,,,,,,,,,,,,,,,,,,,,,,,,,,,,,,,,,,,,,""
1160008822,"Aug 30, 2017, 3:26:32 PM",Evening Ride,Ride,,1848,18.33,,,false,,,activities/1265323606.fit.gz,80.0,,1848.0,1749.0,18336.5,13.4,,63.0,,34.6,66.0,6.6,0.0,,,,,,,,281.0,,,,,,,,,,,,,,,,,0.0,,,,,,,,,,,,,,,,,,,,,,,,,,,,,,,,,,,,,,,,,,,,,,,,,,,,""
1160007880,"Aug 30, 2017, 5:13:59 AM",Morning Swim,Swim,"",2469,"1,308",,,false,,,activities/1265322698.fit.gz,80.0,,2469.0,1278.0,1307.5,1.8,,28.2,,-5.9,22.0,0.0,-0.4,,,38.0,28.0,,,,,,,,,,,,,,,,,,,,,0.0,,,,,,,,,,,,,,,,,,,,,,,,,,,,,,,,,,,,,,,,,,,,,,,,,,,,""
1158281873,"Aug 29, 2017, 3:09:01 PM",TrackTuesday with 16 x100 reps💣,Run,"",3367,6.22,,,false,,,activities/1263581542.fit.gz,80.0,,3367.0,1979.0,6227.9,7.2,,6.0,,44.8,49.2,4.7,0.0,,,104.0,81.0,,,,,612.0,,,,,,,,,,,,,,,,0.0,,,6228.3,,,,,,,,,,,,,,,,,,,,,,,,,,,,,,,,,,,,,,,,,,,,,,,,,""
1158281336,"Aug 28, 2017, 3:12:43 PM",Evening Swim,Swim,,4689,"2,200",,,false,,,activities/1263581074.fit.gz,,,4689.0,2324.0,2200.0,1.9,,0.0,,,,0.0,0.0,,,27.0,21.0,,,,,,,,,,,,,,,,,,,,,0.0,,,,,,,,,,,,,,,,,,,,,,,,,,,,,,,,,,,,,,,,,,,,,,,,,,,,""
1158284790,"Aug 27, 2017, 3:57:45 PM",Evening Run,Run,,760,2.41,,,false,,,activities/1263580075.fit.gz,80.0,,760.0,760.0,2410.2,4.0,,8.0,,6.2,14.0,5.6,0.0,,,85.0,78.0,,,,,238.0,,,,,,,,,,,,,,,,0.0,,,,,,,,,,,,,,,,,,,,,,,,,,,,,,,,,,,,,,,,,,,,,,,,,,,,""
1158284786,"Aug 27, 2017, 3:44:52 PM",Evening Activity,Workout,"",1126,5.57,,,false,,,activities/1263580068.fit.gz,80.0,,1126.0,792.0,5571.8,14.9,,39.6,,11.8,41.4,6.5,-0.4,,,78.0,61.0,,,,,,,,,,,,,,,,,,,,,0.0,,,,,,,,,,,,,,,,,,,,,,,,,,,,,,,,,,,,,,,,,,,,,,,,,,,,""
1158284788,"Aug 27, 2017, 3:26:05 PM",Evening Ride,Ride,,1782,18.36,,,false,,,activities/1263580065.fit.gz,80.0,,1782.0,1782.0,18364.3,13.8,,57.0,,29.8,63.0,9.7,0.0,,,,,,,,268.0,,,,,,,,,,,,,,,,,0.0,,,,,,,,,,,,,,,,,,,,,,,,,,,,,,,,,,,,,,,,,,,,,,,,,,,,""
1153365166,"Aug 26, 2017, 2:26:07 PM",Afternoon Swim,Swim,"",4940,"3,666",,,false,,,activities/1258601027.fit.gz,80.0,,4940.0,4325.0,3665.7,1.5,,75.9,,-1.3,20.3,0.0,-0.1,,,34.0,25.0,,,,,,,,,,,,,,,,,,,,,0.0,,,,,,,,,,,,,,,,,,,,,,,,,,,,,,,,,,,,,,,,,,,,,,,,,,,,""
1152336490,"Aug 26, 2017, 3:31:42 AM",Morning Ride,Ride,"",13274,79.04,,,false,,,activities/1257556057.fit.gz,80.0,,13274.0,9355.0,79046.4,15.3,,608.5,,15.8,287.4,8.5,0.0,,,113.0,86.0,,,,182.0,,,,,,,,,,,,,,,,,0.0,,,,,,,,,,,,,,,,,,,,,,,,,,,,,,,,,,,,,,,,,,,,,,,,,,,,""
1152335172,"Aug 25, 2017, 4:12:29 AM",Morning Swim,Swim,,1056,"1,064",,,false,,,activities/1257554750.fit.gz,,,1056.0,1056.0,1064.2,2.5,,21.1,,0.6,21.9,0.0,0.1,,,33.0,27.0,,,,,,,,,,,,,,,,,,,,,0.0,,,,,,,,,,,,,,,,,,,,,,,,,,,,,,,,,,,,,,,,,,,,,,,,,,,,""
1152335052,"Aug 24, 2017, 4:07:30 AM",Morning Swim,Swim,,1885,"1,804",,,false,,,activities/1257554600.fit.gz,,,1885.0,1775.0,1804.3,1.7,,45.6,,0.4,21.7,0.0,0.0,,,30.0,27.0,,,,,,,,,,,,,,,,,,,,,0.0,,,,,,,,,,,,,,,,,,,,,,,,,,,,,,,,,,,,,,,,,,,,,,,,,,,,""
1148193448,"Aug 23, 2017, 2:17:51 PM",Back to hills💥💥,Ride,"",7150,57.30,,,false,,,activities/1253366689.fit.gz,80.0,,7150.0,7132.0,57299.6,16.8,,567.0,,34.6,220.6,13.8,0.0,,,111.0,81.0,,,,187.0,1489.0,,,,,,,,,,,,,,,,0.0,,,,,,,,,,,,,,,,,,,,,,,,,,,,,,,,,,,,,,,,,,,,,,,,,,,,""
1148191544,"Aug 22, 2017, 3:22:34 PM",8x100 reps with 100 jog,Run,"",2944,6.55,,,false,,,activities/1253364818.fit.gz,80.0,,2944.0,2273.0,6555.5,6.9,,10.0,,48.2,54.2,5.7,0.0,,,101.0,79.0,,,,,645.0,,,,,,,,,,,,,,,,0.0,,,6560.5,,,,,,,,,,,,,,,,,,,,,,,,,,,,,,,,,,,,,,,,,,,,,,,,,""
1145645722,"Aug 22, 2017, 3:26:59 AM",Recovery Ride,Ride,"",4293,31.03,,,false,,,activities/1250774215.fit.gz,80.0,,4293.0,4293.0,31036.0,9.7,,113.0,,48.0,106.6,3.5,0.0,,,98.0,83.0,,,,110.0,,,,,,,,,,,,,,,,,0.0,,,,,,,,,,,,,,,,,,,,,,,,,,,,,,,,,,,,,,,,,,,,,,,,,,,,""
1145645381,"Aug 21, 2017, 3:25:20 PM",Recovery run,Run,"",1915,5.14,,,false,,,activities/1250773845.fit.gz,80.0,,1915.0,1900.0,5140.6,4.0,,11.0,,14.8,18.6,6.6,0.0,,,83.0,78.0,,,,,,,,,,,,,,,,,,,,,0.0,,,,,,,,,,,,,,,,,,,,,,,,,,,,,,,,,,,,,,,,,,,,,,,,,,,,""
1142322887,"Aug 20, 2017, 6:13:47 AM",Suffered on the Run,Run,"",1359,4.88,188.0,80,false,,,activities/1247389064.fit.gz,80.0,,1359.0,1359.0,4883.4,4.7,,61.0,,14.0,37.6,9.4,0.0,,,96.0,81.0,188.0,183.0,,,485.0,,,80.0,,,,,,,,,,,,,0.0,,,4937.7,,,,,,,,,,,,,,,,,,,,,,,,,,,,,,,,,,,,,,,,,,,,,,,,,""
1142322878,"Aug 20, 2017, 5:50:40 AM",T2,Workout,"",14,0.00,178.0,0,false,,,activities/1247389060.fit.gz,80.0,,14.0,14.0,5.7,1.2,,0.0,,14.2,14.8,30.0,0.0,,,104.0,104.0,178.0,176.0,,,,,,0.0,,,,,,,,,,,,,0.0,,,,,,,,,,,,,,,,,,,,,,,,,,,,,,,,,,,,,,,,,,,,,,,,,,,,""
1142322884,"Aug 20, 2017, 5:50:23 AM",Felt great on the bike!,Ride,"",1971,19.91,189.0,92,false,,,activities/1247389059.fit.gz,80.0,,1971.0,1971.0,19912.6,12.3,,82.0,,11.2,35.8,17.0,0.0,,,,,189.0,178.0,,266.0,585.0,,,92.0,,,,,,,,,,,,,0.0,,,,,,,,,,,,,,,,,,,,,,,,,,,,,,,,,,,,,,,,,,,,,,,,,,,,""
1142322881,"Aug 20, 2017, 5:17:31 AM",T1,Workout,"",65,0.16,183.0,3,false,,,activities/1247389058.fit.gz,80.0,,65.0,65.0,161.0,6.9,,120.0,,-239.4,16.2,12.6,72.2,,,102.0,87.0,183.0,178.0,,,,,,3.0,,,,,,,,,,,,,0.0,,,,,,,,,,,,,,,,,,,,,,,,,,,,,,,,,,,,,,,,,,,,,,,,,,,,""
1142322869,"Aug 20, 2017, 5:16:25 AM",Swim,Swim,Race,684,808,,,false,,,activities/1247389055.fit.gz,80.0,,684.0,684.0,808.2,1.8,,0.0,,-166.6,-166.6,0.0,0.0,,,36.0,30.0,,,,,,,,,,,,,,,,,,,,,0.0,,,,,,,,,,,,,,,,,,,,,,,,,,,,,,,,,,,,,,,,,,,,,,,,,,,,""
1142321958,"Aug 17, 2017, 3:41:54 PM",Evening Run,Run,,1844,4.37,,,false,,,activities/1247388098.fit.gz,80.0,,1844.0,1256.0,4374.6,7.1,,3.0,,61.6,63.8,1.9,0.0,,,98.0,80.0,,,,,,,,,,,,,,,,,,,,,0.0,,,,,,,,,,,,,,,,,,,,,,,,,,,,,,,,,,,,,,,,,,,,,,,,,,,,""
1142321737,"Aug 17, 2017, 3:28:14 AM",Morning Ride,Ride,,3183,24.11,,,false,,,activities/1247387861.fit.gz,80.0,,3183.0,3183.0,24110.0,11.2,,85.0,,36.8,93.0,5.3,0.0,,,,,,,,126.0,,,,,,,,,,,,,,,,,0.0,,,,,,,,,,,,,,,,,,,,,,,,,,,,,,,,,,,,,,,,,,,,,,,,,,,,""
1142321401,"Aug 16, 2017, 3:28:24 PM",Evening Ride,Ride,,3350,26.56,,,false,,,activities/1247387495.fit.gz,80.0,,3350.0,3350.0,26560.2,11.6,,90.0,,45.4,100.8,7.0,0.0,,,,,,,,144.0,,,,,,,,,,,,,,,,,0.0,,,,,,,,,,,,,,,,,,,,,,,,,,,,,,,,,,,,,,,,,,,,,,,,,,,,""
1142321024,"Aug 15, 2017, 3:40:33 AM",Morning Swim,Swim,,967,948,,,false,,,activities/1247387128.fit.gz,,,967.0,967.0,948.0,1.9,,19.7,,11.0,31.1,0.0,0.0,,,32.0,26.0,,,,,,,,,,,,,,,,,,,,,0.0,,,,,,,,,,,,,,,,,,,,,,,,,,,,,,,,,,,,,,,,,,,,,,,,,,,,""
1142320922,"Aug 14, 2017, 3:20:47 PM",Evening Run,Run,,3920,7.02,,,false,,,activities/1247387011.fit.gz,80.0,,3920.0,2086.0,7026.5,7.6,,4.0,,49.2,51.8,3.4,0.0,,,103.0,80.0,,,,,,,,,,,,,,,,,,,,,0.0,,,,,,,,,,,,,,,,,,,,,,,,,,,,,,,,,,,,,,,,,,,,,,,,,,,,""
1130786080,"Aug 13, 2017, 5:20:33 AM",Morning Run,Run,,1182,4.83,,,false,,,activities/1235661469.fit.gz,80.0,,1182.0,1182.0,4834.1,5.7,,61.0,,-12.4,11.6,10.6,0.0,,,85.0,81.0,,,,,480.0,,,,,,,,,,,,,,,,0.0,,,,,,,,,,,,,,,,,,,,,,,,,,,,,,,,,,,,,,,,,,,,,,,,,,,,""
1130785959,"Aug 13, 2017, 4:46:03 AM",Morning Ride,Ride,,2026,20.39,,,false,,,activities/1235661340.fit.gz,80.0,,2026.0,2026.0,20396.5,14.1,,89.0,,-1.0,31.2,30.3,0.0,,,,,,,,254.0,,,,,,,,,,,,,,,,,0.0,,,,,,,,,,,,,,,,,,,,,,,,,,,,,,,,,,,,,,,,,,,,,,,,,,,,""
1130785724,"Aug 13, 2017, 4:22:25 AM",Morning Swim,Swim,,660,737,,,false,,,activities/1235661113.fit.gz,,,660.0,660.0,736.9,1.5,,18.7,,1.0,20.6,0.0,0.0,,,36.0,31.0,,,,,,,,,,,,,,,,,,,,,0.0,,,,,,,,,,,,,,,,,,,,,,,,,,,,,,,,,,,,,,,,,,,,,,,,,,,,""
1130785682,"Aug 12, 2017, 2:05:33 PM",Afternoon Ride,Ride,,5140,40.73,,,false,,,activities/1235661054.fit.gz,80.0,,5140.0,4946.0,40735.9,11.1,,157.0,,1.6,88.2,9.3,0.0,,,,,,,,165.0,,,,,,,,,,,,,,,,,0.0,,,,,,,,,,,,,,,,,,,,,,,,,,,,,,,,,,,,,,,,,,,,,,,,,,,,""
1130785316,"Aug 11, 2017, 4:16:32 AM",Morning Swim,Swim,,1078,"1,042",,,false,,,activities/1235660698.fit.gz,,,1078.0,1078.0,1041.9,1.6,,29.3,,-6.5,22.8,0.0,0.7,,,31.0,26.0,,,,,,,,,,,,,,,,,,,,,0.0,,,,,,,,,,,,,,,,,,,,,,,,,,,,,,,,,,,,,,,,,,,,,,,,,,,,""
1130785259,"Aug 10, 2017, 4:04:36 PM",Evening Run,Run,,1800,4.06,,,false,,,activities/1235660639.fit.gz,80.0,,1800.0,1800.0,4060.8,3.2,,5.0,,45.4,49.0,19.7,0.1,,,81.0,77.0,,,,,,,,,,,,,,,,,,,,,0.0,,,,,,,,,,,,,,,,,,,,,,,,,,,,,,,,,,,,,,,,,,,,,,,,,,,,""
1126130620,"Aug 9, 2017, 2:30:05 PM",Afternoon Ride,Ride,,8102,67.69,,,false,,,activities/1230901924.fit.gz,80.0,,8102.0,7868.0,67695.9,16.9,,502.0,,46.0,262.0,8.3,0.0,,,,,,,,198.0,1734.0,,,,,,,,,,,,,,,,0.0,,,,,,,,,,,,,,,,,,,,,,,,,,,,,,,,,,,,,,,,,,,,,,,,,,,,""
1126129963,"Aug 8, 2017, 3:25:13 PM",Pyramid run,Run,"",3774,8.64,,,false,,,activities/1230901267.fit.gz,80.0,,3774.0,2687.0,8645.0,6.8,,3.0,,46.0,48.6,2.6,0.0,,,98.0,81.0,,,,,,,,,,,,,,,,,,,,,0.0,,,,,,,,,,,,,,,,,,,,,,,,,,,,,,,,,,,,,,,,,,,,,,,,,,,,""
1122158902,"Aug 7, 2017, 3:24:36 PM",20x100 as (75 steady-25 fast/50 steady-50 fast/25 steady-75 fast/100 fast),Swim,"",4955,"3,050",,,false,,,activities/1226871856.fit.gz,80.0,,4955.0,2732.0,3050.0,3.1,,0.0,,,,0.0,0.0,,,28.0,23.0,,,,,,,,,,,,,,,,,,,,,0.0,,,,,,,,,,,,,,,,,,,,,,,,,,,,,,,,,,,,,,,,,,,,,,,,,,,,""
1119446433,"Aug 6, 2017, 3:16:58 AM",Morning Ride,Ride,"",11767,65.24,,,false,,,activities/1224099901.fit.gz,80.0,,11767.0,10713.0,65242.7,18.2,,1362.0,,1.0,511.0,11.8,0.0,,,,,,,,163.0,,,,,,,,,,,,,,,,,0.0,,,,,,,,,,,,,,,,,,,,,,,,,,,,,,,,,,,,,,,,,,,,,,,,,,,,media/d06e1af2-7648-4dc1-b82d-6aebef98f6a2.jpg|media/0394aa02-4100-456e-a15f-b9609fed120b.jpg|media/cd6cc969-92e2-4783-b329-20c400ac35f0.jpg|media/8fcee129-45b4-471e-9a23-8ad740955687.jpg|media/ea79291b-b8b7-4568-9b91-da7971334a89.jpg|media/876fe132-d233-49a9-b173-1ff6f49f20bc.jpg|media/af029956-b686-42ed-b527-36d90acd0ce7.jpg|media/5ad37853-d6d3-44e4-97a8-3948fe52d39b.jpg|media/9b4685af-2971-4227-b423-690c6673809c.jpg|media/882652c7-894d-47ad-8d03-df085ebb03a4.jpg
1119445170,"Aug 5, 2017, 7:30:56 AM",Morning Swim,Swim,,1871,"1,896",,,false,,,activities/1224098631.fit.gz,,,1871.0,1871.0,1895.7,3.1,,24.6,,1.9,20.2,0.0,-0.2,,,35.0,27.0,,,,,,,,,,,,,,,,,,,,,0.0,,,,,,,,,,,,,,,,,,,,,,,,,,,,,,,,,,,,,,,,,,,,,,,,,,,,""
1119445064,"Aug 5, 2017, 2:55:25 AM",Morning Ride,Ride,,5012,35.00,,,false,,,activities/1224098509.fit.gz,80.0,,5012.0,5012.0,35001.0,9.4,,123.0,,9.2,94.8,6.4,0.0,,,,,,,,102.0,,,,,,,,,,,,,,,,,0.0,,,,,,,,,,,,,,,,,,,,,,,,,,,,,,,,,,,,,,,,,,,,,,,,,,,,""
1115567679,"Aug 3, 2017, 2:43:32 PM",Afternoon Run,Run,,4939,15.00,171.0,80,false,,,activities/1220153109.fit.gz,80.0,,4939.0,4939.0,15006.9,3.9,,27.0,,39.2,43.6,7.5,0.0,,,87.0,79.0,171.0,153.0,,,,,,111.0,,,,,,,,,,,,,0.0,,,,,,,,,,,,,,,,,,,,,,,,,,,,,,,,,,,,,,,,,,,,,,,,,,,,""
1113290030,"Aug 2, 2017, 4:09:04 AM",Morning Swim,Swim,,3892,"3,104",,,false,,,activities/1217845680.fit.gz,,,3892.0,3695.0,3103.8,2.7,,91.2,,9.3,34.2,0.0,0.0,,,29.0,24.0,,,,,,,,,,,,,,,,,,,,,0.0,,,,,,,,,,,,,,,,,,,,,,,,,,,,,,,,,,,,,,,,,,,,,,,,,,,,""
1113289807,"Aug 1, 2017, 3:41:33 PM",6x400-4x150,Run,"",4293,5.43,184.0,15,false,,,activities/1217845454.fit.gz,80.0,,4293.0,1501.0,5432.1,7.5,,2.0,,38.4,43.8,9.1,-0.1,,,109.0,81.0,184.0,145.0,,,,,,15.0,,,,,,,,,,,,,0.0,,,,,,,,,,,,,,,,,,,,,,,,,,,,,,,,,,,,,,,,,,,,,,,,,,,,""
1111553217,"Aug 1, 2017, 2:48:54 AM",Morning Ride,Ride,"",10624,71.48,181.0,74,false,,,activities/1216082594.fit.gz,80.0,,10624.0,10309.0,71487.2,18.2,,702.0,,0.2,181.0,12.9,0.0,,,,,181.0,128.0,,142.0,,,,74.0,,,,,,,,,,,,,0.0,,,,,,,,,,,,,,,,,,,,,,,,,,,,,,,,,,,,,,,,,,,,,,,,,,,,media/f390878b-3bdb-4fd4-b8c7-36143eb17ef8.jpg
1108097579,"Jul 30, 2017, 5:41:58 AM",Morning Run,Run,"",1258,4.00,,,false,,,activities/1212569869.fit.gz,80.0,,1258.0,1258.0,4005.6,4.9,,41.0,,-3.6,20.4,7.6,0.0,,,87.0,80.0,,,,,,,,,,,,,,,,,,,,,0.0,,,,,,,,,,,,,,,,,,,,,,,,,,,,,,,,,,,,,,,,,,,,,,,,,,,,""
1108097467,"Jul 30, 2017, 4:36:21 AM",Morning Ride,Ride,,3472,25.55,,,false,,,activities/1212569762.fit.gz,80.0,,3472.0,3472.0,25558.0,20.3,,561.0,,-7.4,175.8,14.8,0.0,,,,,,,,228.0,883.0,,,,,,,,,,,,,,,,0.0,,,,,,,,,,,,,,,,,,,,,,,,,,,,,,,,,,,,,,,,,,,,,,,,,,,,""
1108096997,"Jul 30, 2017, 4:12:20 AM",Morning Swim,Swim,"",689,768,,,false,,,activities/1212569275.fit.gz,80.0,,689.0,689.0,768.4,4.0,,6.3,,3.0,22.0,0.0,-2.0,,,28.0,25.0,,,,,,,,,,,,,,,,,,,,,0.0,,,,,,,,,,,,,,,,,,,,,,,,,,,,,,,,,,,,,,,,,,,,,,,,,,,,""
1106420536,"Jul 29, 2017, 2:33:44 AM",Morning Ride,Ride,,13261,92.84,184.0,125,false,,,activities/1210859553.fit.gz,80.0,,13261.0,11376.0,92847.0,18.1,,809.0,,-1.8,180.0,14.5,0.0,,,,,184.0,138.0,,185.0,2343.0,,,125.0,,,,,,,,,,,,,0.0,,,,,,,,,,,,,,,,,,,,,,,,,,,,,,,,,,,,,,,,,,,,,,,,,,,,""
1102655818,"Jul 26, 2017, 2:34:13 PM",Afternoon Ride,Ride,"",7973,63.89,175.0,40,false,,,activities/1207046756.fit.gz,80.0,,7973.0,7905.0,63893.5,15.5,,303.0,,35.6,186.0,9.5,0.0,,,,,175.0,124.0,,146.0,,,,40.0,,,,,,,,,,,,,0.0,,,,,,,,,,,,,,,,,,,,,,,,,,,,,,,,,,,,,,,,,,,,,,,,,,,,""
1101080074,"Jul 25, 2017, 3:06:49 PM",8x1200,Run,"",6473,13.17,184.0,76,false,,,activities/1205455361.fit.gz,80.0,,6473.0,3788.0,13170.3,5.9,,13.0,,35.6,40.8,5.9,0.0,,,94.0,80.0,184.0,156.0,,,,,,76.0,,,,,,,,,,,,,0.0,,,,,,,,,,,,,,,,,,,,,,,,,,,,,,,,,,,,,,,,,,,,,,,,,,,,""
1101078404,"Jul 24, 2017, 3:14:00 PM",Evening Swim,Swim,"",3463,"2,200",,,false,,,activities/1205453504.fit.gz,80.0,,3463.0,2172.0,2200.0,3.1,,0.0,,,,0.0,0.0,,,28.0,22.0,,,,,,,,,,,,,,,,,,,,,0.0,,,,,,,,,,,,,,,,,,,,,,,,,,,,,,,,,,,,,,,,,,,,,,,,,,,,""
1098719831,"Jul 24, 2017, 2:56:38 AM",Morning Ride,Ride,"",5627,49.65,169.0,45,false,,,activities/1203074323.fit.gz,80.0,,5627.0,5627.0,49656.5,12.3,,219.0,,25.2,129.2,9.0,0.0,,,,,169.0,136.0,,172.0,,,,45.0,,,,,,,,,,,,,0.0,,,,,,,,,,,,,,,,,,,,,,,,,,,,,,,,,,,,,,,,,,,,,,,,,,,,""
1098719446,"Jul 22, 2017, 4:04:38 AM",Morning Ride,Ride,"",4395,25.42,163.0,32,false,,,activities/1203073933.fit.gz,80.0,,4395.0,4395.0,25419.3,17.2,,575.0,,6.8,190.0,12.2,0.0,,,,,163.0,128.0,,162.0,,,,32.0,,,,,,,,,,,,,0.0,,,,,,,,,,,,,,,,,,,,,,,,,,,,,,,,,,,,,,,,,,,,,,,,,,,,""
1098719036,"Jul 22, 2017, 3:10:56 AM",Morning Swim,Swim,"",2367,"1,911",,,false,,,activities/1203073524.fit.gz,80.0,,2367.0,2327.0,1911.4,1.7,,39.6,,0.4,22.5,0.0,0.0,,,28.0,23.0,,,,,,,,,,,,,,,,,,,,,0.0,,,,,,,,,,,,,,,,,,,,,,,,,,,,,,,,,,,,,,,,,,,,,,,,,,,,""
1094670746,"Jul 21, 2017, 3:24:30 PM",Evening Run,Run,"",4289,13.50,172.0,102,false,,,activities/1198951162.fit.gz,80.0,,4289.0,4289.0,13499.5,3.8,,6.0,,39.2,42.4,5.8,0.0,,,88.0,79.0,172.0,159.0,,,,,,102.0,,,,,,,,,,,,,0.0,,,,,,,,,,,,,,,,,,,,,,,,,,,,,,,,,,,,,,,,,,,,,,,,,,,,""
1092379057,"Jul 20, 2017, 3:03:00 AM",Morning Ride,Ride,,10844,80.19,177.0,138,false,,,activities/1196627056.fit.gz,80.0,,10844.0,10632.0,80193.8,16.8,,1037.0,,3.6,383.4,15.0,0.0,,,,,177.0,143.0,,182.0,,,,138.0,,,,,,,,,,,,,0.0,,,,,,,,,,,,,,,,,,,,,,,,,,,,,,,,,,,,,,,,,,,,,,,,,,,,""
1091251074,"Jul 19, 2017, 3:07:08 AM",Morning Ride,Ride,"",5032,40.00,168.0,31,false,,,activities/1195483302.fit.gz,80.0,,5032.0,5032.0,40006.9,11.2,,201.0,,19.8,137.2,7.0,0.0,,,,,168.0,125.0,,144.0,,,,31.0,,,,,,,,,,,,,0.0,,,,,,,,,,,,,,,,,,,,,,,,,,,,,,,,,,,,,,,,,,,,,,,,,,,,""
1091249959,"Jul 18, 2017, 3:37:41 PM",Evening Run-3000+2000,Run,"",3837,9.00,191.0,79,false,,,activities/1195482210.fit.gz,80.0,,3837.0,2567.0,9004.8,5.0,,15.0,,44.0,47.6,21.1,0.0,,,87.0,79.0,191.0,166.0,,,,,,79.0,,,,,,,,,,,,,0.0,,,,,,,,,,,,,,,,,,,,,,,,,,,,,,,,,,,,,,,,,,,,,,,,,,,,""
1091250341,"Jul 17, 2017, 3:09:28 AM",Morning Ride,Ride,"",5018,43.36,179.0,38,false,,,activities/1195481380.fit.gz,80.0,,5018.0,5018.0,43359.6,13.8,,229.0,,18.8,117.0,9.4,0.0,,,,,179.0,130.0,,183.0,,,,38.0,,,,,,,,,,,,,0.0,,,,,,,,,,,,,,,,,,,,,,,,,,,,,,,,,,,,,,,,,,,,,,,,,,,,""
1085531712,"Jul 16, 2017, 5:08:53 AM",Morning Swim,Swim,"",4445,"3,444",,,false,,,activities/1189662624.fit.gz,80.0,,4445.0,4240.0,3443.5,6.1,,109.0,,0.1,22.2,0.0,-0.1,,,29.0,24.0,,,,,,,,,,,,,,,,,,,,,0.0,,,,,,,,,,,,,,,,,,,,,,,,,,,,,,,,,,,,,,,,,,,,,,,,,,,,""
1085531542,"Jul 14, 2017, 3:17:50 PM",Evening Swim,Swim,"",1764,"1,409",,,false,,,activities/1189662441.fit.gz,80.0,,1764.0,1686.0,1409.2,1.5,,21.3,,-6.0,11.8,0.0,0.0,,,28.0,24.0,,,,,,,,,,,,,,,,,,,,,0.0,,,,,,,,,,,,,,,,,,,,,,,,,,,,,,,,,,,,,,,,,,,,,,,,,,,,""
1082875691,"Jul 14, 2017, 3:01:57 AM",Morning Ride,Ride,"",6278,48.26,183.0,64,false,,,activities/1186947171.fit.gz,80.0,,6278.0,5870.0,48264.4,13.4,,328.0,,6.2,163.0,13.1,0.0,,,,,183.0,141.0,,176.0,,,,64.0,,,,,,,,,,,,,0.0,,,,,,,,,,,,,,,,,,,,,,,,,,,,,,,,,,,,,,,,,,,,,,,,,,,,""
1082874573,"Jul 13, 2017, 4:07:32 PM",Evening Run,Run,"",1658,4.48,169.0,17,false,,,activities/1186946071.fit.gz,80.0,,1658.0,1550.0,4479.5,4.4,,1.0,,49.8,51.6,16.7,0.0,,,89.0,79.0,169.0,144.0,,,,,,17.0,,,,,,,,,,,,,0.0,,,,,,,,,,,,,,,,,,,,,,,,,,,,,,,,,,,,,,,,,,,,,,,,,,,,""
1080926283,"Jul 13, 2017, 3:36:42 AM",Morning Ride,Ride,"",5487,48.62,178.0,84,false,,,activities/1184981854.fit.gz,80.0,,5487.0,5487.0,48620.3,16.8,,413.0,,36.8,266.8,10.6,0.1,,,,,178.0,147.0,,228.0,1392.0,,,70.0,,,,,,,,,,,,,0.0,,,,,,,,,,,,,,,,,,,,,,,,,,,,,,,,,,,,,,,,,,,,,,,,,,,,""
1080925614,"Jul 12, 2017, 5:11:08 AM",Morning Swim,Swim,"",3105,"2,925",,,false,,,activities/1184981221.fit.gz,80.0,,3105.0,3049.0,2924.9,1.7,,29.4,,-2.8,9.2,0.0,0.1,,,31.0,25.0,,,,,,,,,,,,,,,,,,,,,0.0,,,,,,,,,,,,,,,,,,,,,,,,,,,,,,,,,,,,,,,,,,,,,,,,,,,,""
1080925446,"Jul 11, 2017, 3:44:00 PM",Evening Run,Run,"",4322,6.44,186.0,29,false,,,activities/1184981037.fit.gz,80.0,,4322.0,1989.0,6448.8,5.7,,5.0,,32.8,37.0,5.8,0.0,,,94.0,81.0,186.0,152.0,,,,,,29.0,,,,,,,,,,,,,0.0,,,,,,,,,,,,,,,,,,,,,,,,,,,,,,,,,,,,,,,,,,,,,,,,,,,,""
1077750735,"Jul 11, 2017, 3:36:56 AM",Morning Ride,Ride,"",4337,40.02,182.0,57,false,,,activities/1181746158.fit.gz,80.0,,4337.0,4153.0,40024.0,13.3,,177.0,,51.6,190.2,15.1,-0.2,,,,,182.0,146.0,,212.0,,,,57.0,,,,,,,,,,,,,0.0,,,,,,,,,,,,,,,,,,,,,,,,,,,,,,,,,,,,,,,,,,,,,,,,,,,,""
1077750361,"Jul 10, 2017, 6:55:00 AM",Morning Swim,Swim,"",2214,"2,115",,,false,,,activities/1181745741.fit.gz,80.0,,2214.0,2141.0,2115.1,2.4,,53.2,,-0.1,21.1,0.0,-0.3,,,28.0,24.0,,,,,,,,,,,,,,,,,,,,,0.0,,,,,,,,,,,,,,,,,,,,,,,,,,,,,,,,,,,,,,,,,,,,,,,,,,,,""
1077750263,"Jul 9, 2017, 4:13:24 PM",Evening Run,Run,"",1800,4.28,157.0,11,false,,,activities/1181745618.fit.gz,80.0,,1800.0,1800.0,4288.9,2.8,,2.0,,38.8,40.6,4.7,0.0,,,82.0,77.0,157.0,143.0,,,,,,11.0,,,,,,,,,,,,,0.0,,,,,,,,,,,,,,,,,,,,,,,,,,,,,,,,,,,,,,,,,,,,,,,,,,,,""
1071628543,"Jul 7, 2017, 3:44:23 AM",Morning Run,Run,,1801,4.54,,,false,,,activities/1175520086.fit.gz,80.0,,1801.0,1801.0,4540.7,2.9,,0.0,,40.6,42.4,1.5,0.0,,,82.0,77.0,,,,,,,,,,,,,,,,,,,,,0.0,,,,,,,,,,,,,,,,,,,,,,,,,,,,,,,,,,,,,,,,,,,,,,,,,,,,""
1070751370,"Jul 6, 2017, 3:06:25 AM",Morning Ride,Ride,,4698,35.04,,,false,,,activities/1174636415.fit.gz,80.0,,4698.0,4698.0,35045.8,10.9,,167.0,,23.0,112.2,7.4,0.0,,,,,,,,123.0,646.0,,,,,,,,,,,,,,,,0.0,,,,,,,,,,,,,,,,,,,,,,,,,,,,,,,,,,,,,,,,,,,,,,,,,,,,""
1068976249,"Jul 5, 2017, 3:18:35 PM",Evening Ride,Ride,,3415,27.38,163.0,25,false,,,activities/1172840018.fit.gz,80.0,,3415.0,3389.0,27388.2,11.1,,142.0,,47.8,136.0,11.7,0.0,,,,,163.0,137.0,,165.0,,,,25.0,,,,,,,,,,,,,0.0,,,,,,,,,,,,,,,,,,,,,,,,,,,,,,,,,,,,,,,,,,,,,,,,,,,,""
1061704155,"Jul 1, 2017, 3:16:22 AM",10 min warm up-Pyramid-(250 to 1000)+cool down 5 min,Run,"",3792,7.39,,,false,,,activities/1165460259.fit.gz,80.0,,3792.0,2110.0,7389.0,5.6,,3.0,,-8.2,-5.8,3.4,0.0,,,90.0,80.0,,,,,726.0,,,,,,,,,,,,,,,,0.0,,,,,,,,,,,,,,,,,,,,,,,,,,,,,,,,,,,,,,,,,,,,,,,,,,,,""
1059327165,"Jun 29, 2017, 3:09:13 AM",Morning Ride,Ride,,6814,59.15,,,false,,,activities/1163056609.fit.gz,80.0,,6814.0,6814.0,59158.8,13.1,,328.0,,39.4,202.8,5.0,0.0,,,,,,,,174.0,1325.0,,,,,,,,,,,,,,,,0.0,,,,,,,,,,,,,,,,,,,,,,,,,,,,,,,,,,,,,,,,,,,,,,,,,,,,""
1058413107,"Jun 28, 2017, 3:43:24 PM",10 min warm up bike + 3x(15 min bike + 1200m)+ cool down run,Run,"",3681,4.74,,,false,,,activities/1162134419.fit.gz,80.0,,3681.0,1150.0,4745.5,5.3,,0.0,,43.4,45.4,2.3,0.0,,,121.0,80.0,,,,,,,,,,,,,,,,,,,,,0.0,,,,,,,,,,,,,,,,,,,,,,,,,,,,,,,,,,,,,,,,,,,,,,,,,,,,""
1058415362,"Jun 23, 2017, 1:44:30 PM",Afternoon Run,Run,,4659,8.57,186.0,74,false,,,activities/1162133934.fit.gz,80.0,,4659.0,2431.0,8571.5,6.9,,14.0,,41.8,46.4,7.7,0.0,,,105.0,81.0,186.0,157.0,,,,,,74.0,,,,,,,,,,,,,0.0,,,,,,,,,,,,,,,,,,,,,,,,,,,,,,,,,,,,,,,,,,,,,,,,,,,,""
1048396154,"Jun 22, 2017, 3:15:41 AM",Morning Ride,Ride,,8756,60.55,,,false,,,activities/1151876819.fit.gz,80.0,,8756.0,8202.0,60552.4,14.2,,544.0,,-4.2,86.8,10.6,0.0,,,118.0,83.0,,,,154.0,,,,,,,,,,,,,,,,,0.0,,,,,,,,,,,,,,,,,,,,,,,,,,,,,,,,,,,,,,,,,,,,,,,,,,,,""
1047064514,"Jun 20, 2017, 2:57:17 PM",🤘🤘,Run,"",441,2.10,,,false,,,activities/1150517675.fit.gz,80.0,,441.0,441.0,2103.1,5.8,,5.0,,37.8,41.2,4.9,0.0,,,89.0,84.0,,,,,,,,,,,,,,,,,,,,,0.0,,,,,,,,,,,,,,,,,,,,,,,,,,,,,,,,,,,,,,,,,,,,,,,,,,,,""
1047064512,"Jun 20, 2017, 2:54:43 PM",Afternoon Activity,Workout,,153,0.03,,,false,,,activities/1150517672.fit.gz,,,153.0,51.0,31.4,1.3,,0.0,,39.4,40.6,5.6,-1.9,,,63.0,62.0,,,,,,,,,,,,,,,,,,,,,0.0,,,,,,,,,,,,,,,,,,,,,,,,,,,,,,,,,,,,,,,,,,,,,,,,,,,,""
1047064516,"Jun 20, 2017, 2:28:17 PM",Afternoon Ride,Ride,,1585,15.20,,,false,,,activities/1150517668.fit.gz,80.0,,1585.0,1585.0,15202.1,11.9,,79.0,,33.6,111.8,11.9,0.0,,,,,,,,248.0,,,,,,,,,,,,,,,,,0.0,,,,,,,,,,,,,,,,,,,,,,,,,,,,,,,,,,,,,,,,,,,,,,,,,,,,""
1044279847,"Jun 19, 2017, 2:26:50 PM",Afternoon Ride,Ride,,4559,38.60,,,false,,,activities/1147672185.fit.gz,80.0,,4559.0,4539.0,38602.1,16.7,,219.0,,26.2,114.2,19.9,0.0,,,,,,,,209.0,,,,,,,,,,,,,,,,,0.0,,,,,,,,,,,,,,,,,,,,,,,,,,,,,,,,,,,,,,,,,,,,,,,,,,,,""
1044278920,"Jun 19, 2017, 3:50:33 AM",Morning Run,Run,,1710,3.89,149.0,26,false,,,activities/1147671246.fit.gz,80.0,,1710.0,1710.0,3896.9,2.7,,5.0,,46.6,49.8,6.6,0.0,,,80.0,76.0,149.0,131.0,,,384.0,,,26.0,,,,,,,,,,,,,0.0,,,,,,,,,,,,,,,,,,,,,,,,,,,,,,,,,,,,,,,,,,,,,,,,,,,,""
1041939195,"Jun 18, 2017, 6:01:53 AM",Morning Swim,Swim,"",2776,"2,895",,,false,,,activities/1145246512.fit.gz,80.0,,2776.0,2776.0,2895.2,1.8,,22.4,,-2.4,8.3,0.0,-0.2,,,33.0,27.0,,,,,,,,,,,,,,,,,,,,,0.0,,,,,,,,,,,,,,,,,,,,,,,,,,,,,,,,,,,,,,,,,,,,,,,,,,,,""
1041939056,"Jun 18, 2017, 4:21:11 AM",Morning Ride,Ride,,2725,24.76,,,false,,,activities/1145246364.fit.gz,80.0,,2725.0,2642.0,24762.0,14.9,,53.0,,9.0,95.6,4.8,-0.3,,,,,,,,198.0,584.0,,,,,,,,,,,,,,,,0.0,,,,,,,,,,,,,,,,,,,,,,,,,,,,,,,,,,,,,,,,,,,,,,,,,,,,""
1041938722,"Jun 17, 2017, 5:05:37 AM",Morning Ride,Ride,,2821,23.65,,,false,,,activities/1145246006.fit.gz,80.0,,2821.0,2821.0,23657.5,10.9,,88.0,,7.6,60.4,6.5,0.1,,,,,,,,164.0,515.0,,,,,,,,,,,,,,,,0.0,,,,,,,,,,,,,,,,,,,,,,,,,,,,,,,,,,,,,,,,,,,,,,,,,,,,""
1039525109,"Jun 16, 2017, 2:14:34 PM",Afternoon Run,Run,,5103,9.64,,,false,,,activities/1142745276.fit.gz,80.0,,5103.0,3129.0,9643.7,5.6,,6.0,,41.8,45.6,4.8,0.0,,,93.0,78.0,,,,,,,,,,,,,,,,,,,,,0.0,,,,,,,,,,,,,,,,,,,,,,,,,,,,,,,,,,,,,,,,,,,,,,,,,,,,""
1039524633,"Jun 16, 2017, 3:17:10 AM",Morning Run,Run,,2524,8.15,,,false,,,activities/1142744743.fit.gz,80.0,,2524.0,2524.0,8156.4,4.0,,15.0,,48.6,52.8,3.6,0.0,,,84.0,79.0,,,,,802.0,,,,,,,,,,,,,,,,0.0,,,,,,,,,,,,,,,,,,,,,,,,,,,,,,,,,,,,,,,,,,,,,,,,,,,,""
1036418333,"Jun 14, 2017, 2:45:20 PM",🤘,Swim,"",5189,"3,800",,,false,,,activities/1139559309.fit.gz,80.0,,5189.0,3735.0,3800.0,3.1,,0.0,,,,0.0,0.0,,,30.0,21.0,,,,,,,,,,,,,,,,,,,,,0.0,,,,,,,,,,,,,,,,,,,,,,,,,,,,,,,,,,,,,,,,,,,,,,,,,,,,""
1036416606,"Jun 14, 2017, 4:00:33 AM",Recovery Ride,Ride,"",3335,24.14,,,false,,,activities/1139557511.fit.gz,80.0,,3335.0,3335.0,24145.6,9.0,,76.0,,31.8,88.4,3.7,0.0,,,,,,,,103.0,,,,,,,,,,,,,,,,,0.0,,,,,,,,,,,,,,,,,,,,,,,,,,,,,,,,,,,,,,,,,,,,,,,,,,,,""
1034769037,"Jun 13, 2017, 3:52:23 PM",Evening Run,Run,,746,3.05,189.0,36,false,,,activities/1137871674.fit.gz,80.0,,746.0,746.0,3058.9,4.8,,5.0,,7.8,14.6,2.7,-0.1,,,88.0,83.0,189.0,178.0,,,,,,46.0,,,,,,,,,,,,,0.0,,,,,,,,,,,,,,,,,,,,,,,,,,,,,,,,,,,,,,,,,,,,,,,,,,,,""
1034769009,"Jun 13, 2017, 3:30:41 PM",Evening Activity,Workout,,1298,0.00,124.0,0,false,,,activities/1137871671.fit.gz,,,1298.0,0.0,1.3,0.0,,0.0,,14.4,18.0,0.0,-276.9,,,78.0,0.0,124.0,0.0,,,,,,0.0,,,,,,,,,,,,,0.0,,,,,,,,,,,,,,,,,,,,,,,,,,,,,,,,,,,,,,,,,,,,,,,,,,,,""
1034769048,"Jun 13, 2017, 2:46:09 PM",Afternoon Ride,Ride,,2671,24.59,190.0,62,false,,,activities/1137871664.fit.gz,80.0,,2671.0,2671.0,24593.0,12.2,,98.0,,12.4,66.2,11.3,0.0,,,,,190.0,159.0,,221.0,,,,40.0,,,,,,,,,,,,,0.0,,,,,,,,,,,,,,,,,,,,,,,,,,,,,,,,,,,,,,,,,,,,,,,,,,,,""
1034767812,"Jun 13, 2017, 5:12:52 AM",Morning Swim,Swim,,1505,"1,394",,,false,,,activities/1137870586.fit.gz,,,1505.0,1470.0,1393.9,1.8,,30.8,,0.7,22.4,0.0,-0.3,,,28.0,25.0,,,,,,,,,,,,,,,,,,,,,0.0,,,,,,,,,,,,,,,,,,,,,,,,,,,,,,,,,,,,,,,,,,,,,,,,,,,,""
1032714390,"Jun 12, 2017, 4:03:06 AM",Good to be back😎,Ride,"",8060,68.10,187.0,97,false,,,activities/1135774418.fit.gz,80.0,,8060.0,8060.0,68104.7,14.8,,512.0,,29.4,272.4,9.1,0.0,,,,,187.0,143.0,,190.0,1703.0,,,83.0,,,,,,,,,,,,,0.0,,,,,,,,,,,,,,,,,,,,,,,,,,,,,,,,,,,,,,,,,,,,,,,,,,,,""
1030824390,"Jun 11, 2017, 6:06:36 AM",3000m-f*cking gps signal didnt work!,Swim,"",2952,"2,008",,,false,,,activities/1133824941.fit.gz,80.0,,2952.0,2930.0,2008.3,2.2,,30.2,,-3.4,12.3,0.0,0.1,,,29.0,25.0,,,,,,,,,,,,,,,,,,,,,0.0,,,,,,,,,,,,,,,,,,,,,,,,,,,,,,,,,,,,,,,,,,,,,,,,,,,,""
997904687,"May 21, 2017, 3:19:52 AM",Morning Ride,Ride,,9372,63.48,,,false,,,activities/1100069401.fit.gz,80.0,,9372.0,7452.0,63484.2,16.6,,498.0,,34.2,274.0,9.1,0.0,,,118.0,86.0,,,,186.0,1542.0,,,,,,,,,,,,,,,,0.0,,,,,,,,,,,,,,,,,,,,,,,,,,,,,,,,,,,,,,,,,,,,,,,,,,,,""
995145337,"May 19, 2017, 5:39:51 AM",Recovery swim,Swim,"",891,756,,,false,,,activities/1097245486.fit.gz,80.0,,891.0,848.0,755.9,1.7,,15.9,,0.2,16.2,0.0,0.1,,,31.0,24.0,,,,,,,,,,,,,,,,,,,,,0.0,,,,,,,,,,,,,,,,,,,,,,,,,,,,,,,,,,,,,,,,,,,,,,,,,,,,""
995145261,"May 19, 2017, 4:37:12 AM",Muflon Run,Run,"",2721,7.91,,,false,,,activities/1097245392.fit.gz,80.0,,2721.0,2711.0,7918.9,5.6,,209.0,,14.4,235.0,30.8,-0.1,,,94.0,78.0,,,,,,,,,,,,,,,,,,,,,0.0,,,,,,,,,,,,,,,,,,,,,,,,,,,,,,,,,,,,,,,,,,,,,,,,,,,,""
993597820,"May 17, 2017, 2:40:39 PM",Aerobic 77,Run,"",2199,7.17,,,false,,,activities/1095675012.fit.gz,80.0,,2199.0,2103.0,7176.3,4.9,,18.0,,2.8,13.8,11.9,0.1,,,88.0,80.0,,,,,708.0,,,,,,,,,,,,,,,,0.0,,,,,,,,,,,,,,,,,,,,,,,,,,,,,,,,,,,,,,,,,,,,,,,,,,,,""
991368697,"May 17, 2017, 3:42:14 AM",Great start to a new day!!!,Ride,"",4772,40.33,,,false,,,activities/1093676111.fit.gz,80.0,,4772.0,4772.0,40331.8,13.0,,178.0,,17.6,113.8,9.0,0.0,,,118.0,87.0,,,,160.0,851.0,,,,,,,,,,,,,,,,0.0,,,,,,,,,,,,,,,,,,,,,,,,,,,,,,,,,,,,,,,,,,,,,,,,,,,,media/6af6299e-30f0-4d53-a637-da4febb1d505.jpg
991367809,"May 16, 2017, 2:57:48 PM",Afternoon Run,Run,,3602,8.99,192.0,53,false,,,activities/1093675524.fit.gz,80.0,,3602.0,2834.0,8993.5,6.2,,7.0,,43.6,46.4,6.0,0.0,,,102.0,80.0,192.0,155.0,,,,,,53.0,,,,,,,,,,,,,0.0,,,,,,,,,,,,,,,,,,,,,,,,,,,,,,,,,,,,,,,,,,,,,,,,,,,,""
986949713,"May 15, 2017, 4:38:00 AM",Morning Swim,Swim,,1206,"1,109",,,false,,,activities/1089949980.fit.gz,,,1206.0,1197.0,1109.1,1.8,,19.3,,-0.1,19.5,0.0,0.3,,,30.0,25.0,,,,,,,,,,,,,,,,,,,,,0.0,,,,,,,,,,,,,,,,,,,,,,,,,,,,,,,,,,,,,,,,,,,,,,,,,,,,""
985261409,"May 14, 2017, 6:37:26 AM",Morning Run,Run,"",1237,4.97,,,false,,,activities/1087948436.fit.gz,80.0,,1237.0,1237.0,4977.3,5.1,,62.0,,10.4,34.2,8.0,0.0,,,89.0,82.0,,,,,,,,,,,,,,,,,,,,,0.0,,,,,,,,,,,,,,,,,,,,,,,,,,,,,,,,,,,,,,,,,,,,,,,,,,,,""
985261405,"May 14, 2017, 6:33:30 AM",Morning Activity,Workout,"",231,0.00,,,false,,,activities/1087948432.fit.gz,80.0,,231.0,0.0,2.6,0.0,,0.0,,10.8,11.8,0.0,-38.5,,,,,,,,,,,,,,,,,,,,,,,,,0.0,,,,,,,,,,,,,,,,,,,,,,,,,,,,,,,,,,,,,,,,,,,,,,,,,,,,""
985261419,"May 14, 2017, 5:27:22 AM",Morning Ride,Ride,,3964,39.78,,,false,,,activities/1087948430.fit.gz,80.0,,3964.0,3964.0,39781.3,13.5,,147.0,,6.8,64.2,45.8,0.0,,,114.0,89.0,,,,243.0,1074.0,,,,,,,,,,,,,,,,0.0,,,,,,,,,,,,,,,,,,,,,,,,,,,,,,,,,,,,,,,,,,,,,,,,,,,,""
985261398,"May 14, 2017, 5:16:52 AM",Morning Activity,Workout,"",629,0.00,,,false,,,activities/1087948428.fit.gz,80.0,,629.0,1.0,4.9,0.0,,215.8,,-204.6,11.2,0.0,4404.1,,,,,,,,,,,,,,,,,,,,,,,,,0.0,,,,,,,,,,,,,,,,,,,,,,,,,,,,,,,,,,,,,,,,,,,,,,,,,,,,""
985261399,"May 14, 2017, 5:04:35 AM",Morning Swim,Swim,"",735,784,,,false,,,activities/1087948427.fit.gz,80.0,,735.0,735.0,783.6,1.8,,0.0,,-200.6,-200.6,0.0,0.0,,,32.0,28.0,,,,,,,,,,,,,,,,,,,,,0.0,,,,,,,,,,,,,,,,,,,,,,,,,,,,,,,,,,,,,,,,,,,,,,,,,,,,""
987440279,"May 7, 2017, 4:34:09 AM",Morning Ride,Ride,,8427,65.01,,,false,,,activities/1084425186.fit.gz,80.0,,8427.0,8133.0,65017.2,15.4,,525.0,,38.2,276.0,13.3,0.0,,,112.0,83.0,,,,166.0,,,,,,,,,,,,,,,,,0.0,,,,,,,,,,,,,,,,,,,,,,,,,,,,,,,,,,,,,,,,,,,,,,,,,,,,""
963921450,"Apr 29, 2017, 3:02:34 PM",Gezmecik,Run,"",3186,7.44,,,false,,,activities/1064908058.fit.gz,80.0,,3186.0,3001.0,7448.9,3.8,,67.0,,162.2,217.0,7.1,0.0,,,87.0,76.0,,,,,738.0,,,,,,,,,,,,,,,,0.0,,,,,,,,,,,,,,,,,,,,,,,,,,,,,,,,,,,,,,,,,,,,,,,,,,,,""
963920988,"Apr 28, 2017, 3:02:03 PM",Evening Run,Run,,2701,5.44,,,false,,,activities/1064907574.fit.gz,80.0,,2701.0,1212.0,5441.4,7.1,,2.0,,41.2,44.0,3.8,0.0,,,105.0,85.0,,,,,535.0,,,,,,,,,,,,,,,,0.0,,,,,,,,,,,,,,,,,,,,,,,,,,,,,,,,,,,,,,,,,,,,,,,,,,,,""
961198254,"Apr 27, 2017, 2:51:53 PM",Uzun bir aradan sonra....,Run,"",1758,7.05,,,false,,,activities/1062110883.fit.gz,80.0,,1758.0,1758.0,7053.2,4.7,,3.0,,44.0,45.8,1.8,0.0,,,89.0,83.0,,,,,,,,,,,,,,,,,,,,,0.0,,,,,,,,,,,,,,,,,,,,,,,,,,,,,,,,,,,,,,,,,,,,,,,,,,,,""
958986161,"Apr 18, 2017, 2:21:04 PM",Afternoon Run,Run,,4008,7.19,190.0,50,false,,,activities/1059857821.fit.gz,80.0,,4008.0,1665.0,7190.4,6.1,,15.0,,39.8,43.6,10.8,0.0,,,128.0,84.0,190.0,169.0,,,,,,50.0,,,,,,,,,,,,,0.0,,,,,,,,,,,,,,,,,,,,,,,,,,,,,,,,,,,,,,,,,,,,,,,,,,,,""
942729211,"Apr 15, 2017, 7:11:05 AM",Morning Swim,Swim,,1706,"1,359",,,false,,,activities/1043131469.fit.gz,,,1706.0,1406.0,1359.1,2.1,,80.3,,-0.4,35.5,0.0,0.4,,,34.0,26.0,,,,,,,,,,,,,,,,,,,,,0.0,,,,,,,,,,,,,,,,,,,,,,,,,,,,,,,,,,,,,,,,,,,,,,,,,,,,""
942729054,"Apr 15, 2017, 6:06:25 AM",Morning Run,Run,,2373,7.44,,,false,,,activities/1043131297.fit.gz,80.0,,2373.0,2368.0,7439.5,5.6,,187.0,,22.2,220.4,25.5,0.0,,,95.0,79.0,,,,,,,,,,,,,,,,,,,,,0.0,,,,,,,,,,,,,,,,,,,,,,,,,,,,,,,,,,,,,,,,,,,,,,,,,,,,""
958986118,"Apr 14, 2017, 3:12:58 PM",Evening Swim,Swim,,4580,"2,100",,,false,,,activities/1059857782.fit.gz,,,4580.0,2038.0,2100.0,2.5,,0.0,,,,0.0,0.0,,,26.0,22.0,,,,,,,,,,,,,,,,,,,,,0.0,,,,,,,,,,,,,,,,,,,,,,,,,,,,,,,,,,,,,,,,,,,,,,,,,,,,""
941762691,"Apr 14, 2017, 8:44:47 AM",Lunch Run,Run,,786,3.00,,,false,,,activities/1042128899.fit.gz,80.0,,786.0,781.0,3003.2,5.0,,7.0,,90.0,96.2,2.4,0.0,,,85.0,80.0,,,,,,,,,,,,,,,,,,,,,0.0,,,,,,,,,,,,,,,,,,,,,,,,,,,,,,,,,,,,,,,,,,,,,,,,,,,,""
941762437,"Apr 14, 2017, 7:29:12 AM",Morning Ride,Ride,,4026,29.89,,,false,,,activities/1042128594.fit.gz,80.0,,4026.0,3352.0,29892.4,14.9,,190.0,,86.2,144.8,13.0,0.0,,,104.0,87.0,,,,207.0,,,,,,,,,,,,,,,,,0.0,,,,,,,,,,,,,,,,,,,,,,,,,,,,,,,,,,,,,,,,,,,,,,,,,,,,""
937728554,"Apr 11, 2017, 2:14:07 PM",Warm Up+2x1200+3x1000,Run,"",3725,7.18,,,false,,,activities/1037986631.fit.gz,80.0,,3725.0,1655.0,7188.5,6.0,,17.0,,48.8,53.2,5.8,0.0,,,101.0,85.0,,,,,,,,,,,,,,,,,,,,,0.0,,,,,,,,,,,,,,,,,,,,,,,,,,,,,,,,,,,,,,,,,,,,,,,,,,,,""
935078492,"Apr 9, 2017, 2:40:46 PM",Afternoon Run,Run,,1317,5.00,,,false,,,activities/1035250168.fit.gz,80.0,,1317.0,1317.0,5007.8,4.6,,10.0,,95.0,104.4,1.7,0.0,,,87.0,81.0,,,,,493.0,,,,,,,,,,,,,,,,0.0,,,,,,,,,,,,,,,,,,,,,,,,,,,,,,,,,,,,,,,,,,,,,,,,,,,,""
934063631,"Apr 9, 2017, 5:05:38 AM",Morning Ride,Ride,"",9314,62.57,,,false,,,activities/1034199464.fit.gz,80.0,,9314.0,7569.0,62570.3,15.6,,511.0,,25.4,273.4,15.4,0.0,,,111.0,86.0,,,,184.0,,,,,,,,,,,,,,,,,0.0,,,,,,,,,,,,,,,,,,,,,,,,,,,,,,,,,,,,,,,,,,,,,,,,,,,,media/44649e93-d3e7-438f-ba64-ad8f7ad045a6.jpg
932578801,"Apr 8, 2017, 5:03:00 AM",Morning Run,Run,,2547,8.00,,,false,,,activities/1032663485.fit.gz,80.0,,2547.0,2547.0,8003.8,6.4,,220.0,,27.4,253.8,29.0,0.0,,,97.0,79.0,,,,,,,,,,,,,,,,,,,,,0.0,,,,,,,,,,,,,,,,,,,,,,,,,,,,,,,,,,,,,,,,,,,,,,,,,,,,""
958986056,"Apr 7, 2017, 3:14:58 PM",Evening Swim,Swim,,6031,"2,200",,,false,,,activities/1059857753.fit.gz,,,6031.0,2044.0,2200.0,2.5,,0.0,,,,0.0,0.0,,,28.0,22.0,,,,,,,,,,,,,,,,,,,,,0.0,,,,,,,,,,,,,,,,,,,,,,,,,,,,,,,,,,,,,,,,,,,,,,,,,,,,""
931453534,"Apr 7, 2017, 7:16:11 AM",Back to Home/20k+5k easy,Ride,"",2809,25.00,,,false,,,activities/1031510226.fit.gz,80.0,,2809.0,2672.0,25005.8,13.5,,138.0,,-1.4,92.8,10.6,0.1,,,110.0,92.0,,,,241.0,717.0,,,,,,,,,,,,,,,,0.0,,,,,,,,,,,,,,,,,,,,,,,,,,,,,,,,,,,,,,,,,,,,,,,,,,,,""
931453255,"Apr 7, 2017, 5:11:06 AM",Home-Aspava/20 k+5k easy,Ride,"",2724,26.25,,,false,,,activities/1031509936.fit.gz,80.0,,2724.0,2724.0,26255.3,12.8,,73.0,,0.8,98.8,15.1,-0.3,,,116.0,97.0,,,,207.0,628.0,,,,,,,,,,,,,,,,0.0,,,,,,,,,,,,,,,,,,,,,,,,,,,,,,,,,,,,,,,,,,,,,,,,,,,,""
927862019,"Apr 4, 2017, 2:45:12 PM",Pyramid+3x120,Run,"",2527,6.29,186.0,48,false,,,activities/1027831626.fit.gz,80.0,,2527.0,1768.0,6293.0,8.0,,14.0,,32.2,36.2,5.0,0.0,,,114.0,83.0,186.0,165.0,,,,,,48.0,,,,,,,,,,,,,0.0,,,,,,,,,,,,,,,,,,,,,,,,,,,,,,,,,,,,,,,,,,,,,,,,,,,,""
926408255,"Apr 3, 2017, 2:10:36 PM",Afternoon Run,Run,"",1560,5.15,170.0,34,false,,,activities/1026345267.fit.gz,80.0,,1560.0,1478.0,5153.9,4.0,,7.0,,81.6,91.0,6.7,0.0,,,128.0,80.0,170.0,157.0,,,,,,34.0,,,,,,,,,,,,,0.0,,,,,,,,,,,,,,,,,,,,,,,,,,,,,,,,,,,,,,,,,,,,,,,,,,,,""
924423781,"Apr 2, 2017, 4:54:20 AM",Morning Ride,Ride,,16349,107.67,,,false,,,activities/1024293220.fit.gz,80.0,,16349.0,14895.0,107669.0,17.7,,1351.0,,0.0,713.6,17.8,0.0,,,113.0,82.0,,,,171.0,2847.0,,,,,,,,,,,,,,,,0.0,,,,,,,,,,,,,,,,,,,,,,,,,,,,,,,,,,,,,,,,,,,,,,,,,,,,""
922772465,"Apr 1, 2017, 4:56:04 AM",Morning Run,Run,,2901,7.69,185.0,42,false,,,activities/1022589402.fit.gz,80.0,,2901.0,2661.0,7697.2,4.9,,216.0,,23.0,252.6,42.3,-0.1,,,100.0,78.0,185.0,153.0,,,802.0,,,42.0,,,,,,,,,,,,,0.0,,,,,,,,,,,,,,,,,,,,,,,,,,,,,,,,,,,,,,,,,,,,,,,,,,,,""
922772010,"Mar 31, 2017, 3:09:24 PM",Evening Swim,Swim,,4078,"2,050",,,false,,,activities/1022588938.fit.gz,,,4078.0,1919.0,2050.0,3.1,,0.0,,,,0.0,0.0,,,31.0,22.0,,,,,,,,,,,,,,,,,,,,,0.0,,,,,,,,,,,,,,,,,,,,,,,,,,,,,,,,,,,,,,,,,,,,,,,,,,,,""
917513349,"Mar 28, 2017, 4:52:46 AM",Morning Run,Run,,1499,5.19,,,false,,,activities/1017203674.fit.gz,80.0,,1499.0,1473.0,5198.6,4.6,,7.0,,105.6,113.6,2.5,0.0,,,85.0,80.0,,,,,511.0,,,,,,,,,,,,,,,,0.0,,,,,,,,,,,,,,,,,,,,,,,,,,,,,,,,,,,,,,,,,,,,,,,,,,,,""
917513206,"Mar 26, 2017, 7:31:21 AM",Morning Run,Run,"",1396,5.33,,,false,,,activities/1017203532.fit.gz,80.0,,1396.0,1396.0,5332.8,5.3,,11.0,,10.0,16.6,2.2,0.0,,,89.0,81.0,,,,,,,,,,,,,,,,,,,,,0.0,,,,,,,,,,,,,,,,,,,,,,,,,,,,,,,,,,,,,,,,,,,,,,,,,,,,""
917513196,"Mar 26, 2017, 7:31:06 AM",Morning Activity,Workout,"",10,0.05,,,false,,,activities/1017203530.fit.gz,80.0,,10.0,10.0,49.7,5.0,,0.0,,10.4,10.8,0.9,0.4,,,88.0,88.0,,,,,,,,,,,,,,,,,,,,,0.0,,,,,,,,,,,,,,,,,,,,,,,,,,,,,,,,,,,,,,,,,,,,,,,,,,,,""
917513207,"Mar 26, 2017, 6:49:37 AM",Morning Ride,Ride,"",2483,23.27,,,false,,,activities/1017203527.fit.gz,80.0,,2483.0,2483.0,23271.4,15.7,,196.0,,8.4,75.6,39.0,-0.1,,,,,,,,250.0,,,,,,,,,,,,,,,,,0.0,,,,,,,,,,,,,,,,,,,,,,,,,,,,,,,,,,,,,,,,,,,,,,,,,,,,""
917513199,"Mar 26, 2017, 6:46:50 AM",Morning Activity,Workout,"",165,0.53,,,false,,,activities/1017203524.fit.gz,80.0,,165.0,137.0,529.7,7.5,,31.0,,13.8,28.6,46.0,2.8,,,111.0,70.0,,,,,,,,,,,,,,,,,,,,,0.0,,,,,,,,,,,,,,,,,,,,,,,,,,,,,,,,,,,,,,,,,,,,,,,,,,,,""
917513191,"Mar 26, 2017, 6:35:50 AM",Morning Swim,Swim,"",657,796,,,false,,,activities/1017203523.fit.gz,80.0,,657.0,657.0,796.3,2.0,,15.0,,18.0,18.0,0.0,0.0,,,38.0,30.0,,,,,,,,,,,,,,,,,,,,,0.0,,,,,,,,,,,,,,,,,,,,,,,,,,,,,,,,,,,,,,,,,,,,,,,,,,,,""
910989307,"Mar 22, 2017, 6:28:14 AM",Morning Swim,Swim,,1010,"1,003",,,false,,,activities/1010462897.fit.gz,,,1010.0,970.0,1002.8,1.8,,21.6,,1.1,22.4,0.0,-0.5,,,33.0,28.0,,,,,,,,,,,,,,,,,,,,,0.0,,,,,,,,,,,,,,,,,,,,,,,,,,,,,,,,,,,,,,,,,,,,,,,,,,,,""
908917020,"Mar 21, 2017, 2:08:33 PM",Afternoon Run,Run,,4530,8.01,186.0,63,false,,,activities/1008319599.fit.gz,80.0,,4530.0,2455.0,8015.8,6.3,,10.0,,35.2,40.4,5.4,0.0,,,115.0,80.0,186.0,151.0,,,788.0,,,63.0,,,,,,,,,,,,,0.0,,,,,,,,,,,,,,,,,,,,,,,,,,,,,,,,,,,,,,,,,,,,,,,,,,,,""
907721935,"Mar 20, 2017, 2:07:22 PM",Jogging,Run,"",1864,5.00,,,false,,,activities/1007058539.fit.gz,80.0,,1864.0,1864.0,5004.9,3.0,,13.0,,34.2,39.4,4.9,0.0,,,79.0,76.0,,,,,493.0,,,,,,,,,,,,,,,,0.0,,,,,,,,,,,,,,,,,,,,,,,,,,,,,,,,,,,,,,,,,,,,,,,,,,,,""
905824359,"Mar 19, 2017, 8:03:59 AM",Morning Run,Run,"",1156,4.99,183.0,50,false,,,activities/1005046881.fit.gz,80.0,,1156.0,1156.0,4997.3,5.5,,69.0,,25.8,50.8,9.4,0.0,,,103.0,84.0,183.0,176.0,,,497.0,,,50.0,,,,,,,,,,,,,0.0,,,,,,,,,,,,,,,,,,,,,,,,,,,,,,,,,,,,,,,,,,,,,,,,,,,,""
905824334,"Mar 19, 2017, 7:59:36 AM",Morning Activity,Workout,"",261,0.09,140.0,0,false,,,activities/1005046874.fit.gz,80.0,,261.0,142.0,97.0,2.7,,0.0,,24.4,26.8,21.2,0.8,,,93.0,66.0,140.0,90.0,,,,,,0.0,,,,,,,,,,,,,0.0,,,,,,,,,,,,,,,,,,,,,,,,,,,,,,,,,,,,,,,,,,,,,,,,,,,,""
905824372,"Mar 19, 2017, 6:52:20 AM",Morning Ride,Ride,"",4031,39.56,,,false,,,activities/1005046868.fit.gz,80.0,,4031.0,4031.0,39561.9,13.6,,137.0,,18.8,74.4,14.0,0.0,,,,,,,,237.0,1067.0,,,,,,,,,,,,,,,,0.0,,,,,,,,,,,,,,,,,,,,,,,,,,,,,,,,,,,,,,,,,,,,,,,,,,,,""
905824331,"Mar 19, 2017, 6:38:14 AM",Morning Activity,Workout,"",845,0.33,,,false,,,activities/1005046866.fit.gz,80.0,,845.0,321.0,331.4,6.6,,277.8,,-412.4,29.6,50.0,79.8,,,63.0,58.0,,,,,,,,,,,,,,,,,,,,,0.0,,,,,,,,,,,,,,,,,,,,,,,,,,,,,,,,,,,,,,,,,,,,,,,,,,,,""
905824332,"Mar 19, 2017, 6:22:11 AM",Morning Swim,Swim,"",962,"1,014",,,false,,,activities/1005046865.fit.gz,80.0,,962.0,943.0,1013.6,2.2,,19.0,,-220.8,-220.8,0.0,0.0,,,34.0,28.0,,,,,,,,,,,,,,,,,,,,,0.0,,,,,,,,,,,,,,,,,,,,,,,,,,,,,,,,,,,,,,,,,,,,,,,,,,,,""
913200727,"Mar 17, 2017, 3:34:48 PM",Afternoon Swim,Swim,,3648,"1,775",,,false,,,activities/1012740690.fit.gz,,,3648.0,1507.0,1775.0,2.5,,0.0,,,,0.0,0.0,,,31.0,23.0,,,,,,,,,,,,,,,,,,,,,0.0,,,,,,,,,,,,,,,,,,,,,,,,,,,,,,,,,,,,,,,,,,,,,,,,,,,,""
913200724,"Mar 17, 2017, 8:36:06 AM",Morning Ride,Ride,"",6770,48.91,,,false,,,activities/1012740684.fit.gz,80.0,,6770.0,6046.0,48913.1,16.4,,478.0,,2.0,203.0,10.7,0.0,,,,,,,,190.0,,,,,,,,,,,,,,,,,0.0,,,,,,,,,,,,,,,,,,,,,,,,,,,,,,,,,,,,,,,,,,,,,,,,,,,,""
902510368,"Mar 16, 2017, 2:50:16 PM",Afternoon Run,Run,"",2132,8.17,,,false,,,activities/1001538926.fit.gz,80.0,,2132.0,2125.0,8173.2,4.6,,1.0,,32.6,37.2,2.0,0.0,,,89.0,81.0,,,,,,,,,,,,,,,,,,,,,0.0,,,,,,,,,,,,,,,,,,,,,,,,,,,,,,,,,,,,,,,,,,,,,,,,,,,,""
902060313,"Mar 14, 2017, 2:18:12 PM",Afternoon Run,Run,"",3941,6.72,184.0,34,false,,,activities/1001061250.fit.gz,80.0,,3941.0,1683.0,6727.5,7.8,,23.0,,26.2,32.2,7.9,0.0,,,107.0,82.0,184.0,158.0,,,,,,34.0,,,,,,,,,,,,,0.0,,,,,,,,,,,,,,,,,,,,,,,,,,,,,,,,,,,,,,,,,,,,,,,,,,,,""
913200723,"Mar 10, 2017, 11:04:17 AM",Afternoon Ride,Ride,,7019,52.66,,,false,,,activities/1012740674.fit.gz,80.0,,7019.0,6625.0,52664.0,15.6,,620.0,,33.6,274.2,12.8,0.2,,,,,,,,200.0,1474.0,,,,,,,,,,,,,,,,0.0,,,,,,,,,,,,,,,,,,,,,,,,,,,,,,,,,,,,,,,,,,,,,,,,,,,,""
892228351,"Mar 8, 2017, 2:18:32 PM",Recovery Ride,Ride,"",3224,26.57,,,false,,,activities/990572779.fit.gz,80.0,,3224.0,3224.0,26577.7,13.8,,159.0,,44.2,137.2,11.0,0.0,,,104.0,86.0,,,,186.0,,,,,,,,,,,,,,,,,0.0,,,,,,,,,,,,,,,,,,,,,,,,,,,,,,,,,,,,,,,,,,,,,,,,,,,,""
891862899,"Mar 8, 2017, 6:21:07 AM",Morning Swim,Swim,,1204,"1,025",,,false,,,activities/990175954.fit.gz,,,1204.0,1204.0,1024.7,1.7,,23.1,,1.0,21.4,0.0,-0.4,,,35.0,25.0,,,,,,,,,,,,,,,,,,,,,0.0,,,,,,,,,,,,,,,,,,,,,,,,,,,,,,,,,,,,,,,,,,,,,,,,,,,,""
891147178,"Mar 7, 2017, 2:34:45 PM",Afternoon Run,Run,"",2265,4.00,182.0,31,false,,,activities/989410347.fit.gz,80.0,,2265.0,1212.0,4007.1,7.5,,0.0,,42.8,45.2,4.8,0.0,,,104.0,80.0,182.0,146.0,,,,,,31.0,,,,,,,,,,,,,0.0,,,,,,,,,,,,,,,,,,,,,,,,,,,,,,,,,,,,,,,,,,,,,,,,,,,,""
891146594,"Mar 6, 2017, 3:14:16 PM",Afternoon Swim,Swim,,4101,"2,150",,,false,,,activities/989409730.fit.gz,,,4101.0,2103.0,2150.0,2.1,,0.0,,,,0.0,0.0,,,32.0,21.0,,,,,,,,,,,,,,,,,,,,,0.0,,,,,,,,,,,,,,,,,,,,,,,,,,,,,,,,,,,,,,,,,,,,,,,,,,,,""
888325796,"Mar 5, 2017, 8:43:43 AM",Morning Run,Run,"",1994,6.15,176.0,62,false,,,activities/985304911.fit.gz,80.0,,1994.0,1918.0,6156.6,4.3,,95.0,,159.0,227.4,28.8,-1.1,,,86.0,79.0,176.0,160.0,,,,,,62.0,,,,,,,,,,,,,0.0,,,,,,,,,,,,,,,,,,,,,,,,,,,,,,,,,,,,,,,,,,,,,,,,,,,,""
888325753,"Mar 5, 2017, 8:14:03 AM",Morning Activity,Workout,,1779,0.13,127.0,0,false,,,activities/985304905.fit.gz,,,1779.0,107.0,137.2,4.7,,1.0,,211.0,227.2,9.5,11.5,,,128.0,57.0,127.0,108.0,,,,,,0.0,,,,,,,,,,,,,0.0,,,,,,,,,,,,,,,,,,,,,,,,,,,,,,,,,,,,,,,,,,,,,,,,,,,,""
888325823,"Mar 5, 2017, 6:08:39 AM",Morning Ride,Ride,"",7523,63.50,182.0,78,false,,,activities/985304898.fit.gz,80.0,,7523.0,7009.0,63507.5,16.5,,483.0,,121.0,322.2,14.2,0.1,,,124.0,91.0,182.0,147.0,,216.0,1691.0,,,78.0,,,,,,,,,,,,,0.0,,,,,,,,,,,,,,,,,,,,,,,,,,,,,,,,,,,,,,,,,,,,,,,,,,,,""
886779942,"Mar 4, 2017, 6:48:38 AM",Morning Swim,Swim,,1009,981,,,false,,,activities/982845588.fit.gz,,,1009.0,994.0,980.6,2.0,,25.3,,1.0,21.3,0.0,-0.5,,,36.0,27.0,,,,,,,,,,,,,,,,,,,,,0.0,,,,,,,,,,,,,,,,,,,,,,,,,,,,,,,,,,,,,,,,,,,,,,,,,,,,""
886779869,"Mar 4, 2017, 5:39:43 AM",Morning Run,Run,,2252,6.25,,,false,,,activities/982845436.fit.gz,80.0,,2252.0,2252.0,6251.0,3.5,,13.0,,11.4,15.0,8.1,0.0,,,84.0,78.0,,,,,,,,,,,,,,,,,,,,,0.0,,,,,,,,,,,,,,,,,,,,,,,,,,,,,,,,,,,,,,,,,,,,,,,,,,,,""
883705543,"Mar 1, 2017, 2:08:09 PM",Afternoon Ride,Ride,"",4199,36.06,,,false,,,activities/977943216.fit.gz,80.0,,4199.0,4199.0,36062.4,15.4,,249.0,,40.8,190.6,9.2,0.0,,,124.0,89.0,,,,208.0,972.0,,,,,,,,,,,,,,,,0.0,,,,,,,,,,,,,,,,,,,,,,,,,,,,,,,,,,,,,,,,,,,,,,,,,,,,""
882797065,"Feb 28, 2017, 2:03:49 PM",Warm up-5x600-1x300-2x200-Cool down,Run,"",4152,7.33,183.0,27,false,,,activities/976824401.fit.gz,80.0,,4152.0,1914.0,7331.4,6.8,,14.0,,46.0,53.4,37.3,0.0,,,128.0,83.0,183.0,152.0,,,,,,27.0,,,,,,,,,,,,,0.0,,,,,,,,,,,,,,,,,,,,,,,,,,,,,,,,,,,,,,,,,,,,,,,,,,,,""
879954521,"Feb 26, 2017, 7:49:14 AM",Brick RUN-Warm up-4x300@highpace-cool down,Run,"",1473,2.81,177.0,8,false,,,activities/973537836.fit.gz,80.0,,1473.0,689.0,2810.6,7.3,,2.0,,45.4,47.4,4.3,0.0,,,124.0,82.0,177.0,149.0,,,,,,8.0,,,,,,,,,,,,,0.0,,,,,,,,,,,,,,,,,,,,,,,,,,,,,,,,,,,,,,,,,,,,,,,,,,,,""
879954517,"Feb 26, 2017, 7:37:54 AM",Morning Activity,Workout,,678,0.41,111.0,0,false,,,activities/973537833.fit.gz,,,678.0,88.0,411.0,6.9,,2.0,,38.8,45.6,26.1,1.1,,,128.0,100.0,111.0,102.0,,,,,,0.0,,,,,,,,,,,,,0.0,,,,,,,,,,,,,,,,,,,,,,,,,,,,,,,,,,,,,,,,,,,,,,,,,,,,""
879954527,"Feb 26, 2017, 5:56:09 AM",Easy ride ,Ride,"",6099,45.59,152.0,21,false,,,activities/973537828.fit.gz,80.0,,6099.0,6099.0,45590.6,10.4,,297.0,,39.8,192.2,16.8,0.0,,,102.0,84.0,152.0,119.0,,131.0,,,,21.0,,,,,,,,,,,,,0.0,,,,,,,,,,,,,,,,,,,,,,,,,,,,,,,,,,,,,,,,,,,,,,,,,,,,""
878675554,"Feb 25, 2017, 5:47:44 AM",Trail Run #pushyourlimits,Run,"",4311,13.00,,,false,,,activities/972114443.fit.gz,80.0,,4311.0,3929.0,13001.4,5.6,,169.0,,36.2,124.2,16.8,0.3,,,93.0,81.0,,,,,1311.0,,,,,,,,,,,,,,,,0.0,,,,,,,,,,,,,,,,,,,,,,,,,,,,,,,,,,,,,,,,,,,,,,,,,,,,media/dbdab14a-85a3-4e42-8ec2-84330fce773e.jpg|media/90f5d075-054b-4d90-935a-f1cb32c534da.jpg
878675112,"Feb 24, 2017, 3:29:29 PM",Easy Swim,Swim,"",2528,"1,625",,,false,,,activities/972113736.fit.gz,80.0,,2528.0,1752.0,1625.0,1.9,,0.0,,,,0.0,0.0,,,31.0,22.0,,,,,,,,,,,,,,,,,,,,,0.0,,,,,,,,,,,,,,,,,,,,,,,,,,,,,,,,,,,,,,,,,,,,,,,,,,,,""
876949173,"Feb 23, 2017, 2:36:40 PM",Warm up + 5000 m,Run,"",2524,7.46,188.0,46,false,,,activities/970184075.fit.gz,80.0,,2524.0,2014.0,7464.4,4.9,,6.0,,45.8,47.6,9.9,0.0,,,92.0,82.0,188.0,158.0,,,735.0,,,46.0,,,,,,,,,,,,,0.0,,,,,,,,,,,,,,,,,,,,,,,,,,,,,,,,,,,,,,,,,,,,,,,,,,,,""
875834770,"Feb 22, 2017, 2:14:32 PM",Windy afternoon ride (5-6 x 100-200 m attack),Ride,"",4326,38.43,,,false,,,activities/968978687.fit.gz,80.0,,4326.0,4326.0,38432.5,14.5,,255.0,,43.2,197.8,8.3,0.0,,,130.0,90.0,,,,190.0,916.0,,,,,,,,,,,,,,,,0.0,,,,,,,,,,,,,,,,,,,,,,,,,,,,,,,,,,,,,,,,,,,,,,,,,,,,""
874656666,"Feb 21, 2017, 2:00:53 PM",Warm up- 3x2000 /4 min break,Run,"",4741,10.91,189.0,117,false,,,activities/967711124.fit.gz,80.0,,4741.0,3067.0,10916.5,5.0,,5.0,,46.6,49.4,14.6,0.0,,,95.0,82.0,189.0,158.0,,,,,,117.0,,,,,,,,,,,,,0.0,,,,,,,,,,,,,,,,,,,,,,,,,,,,,,,,,,,,,,,,,,,,,,,,,,,,""
873596682,"Feb 20, 2017, 3:19:39 PM",Afternoon Swim,Swim,,4711,"2,550",,,false,,,activities/966568860.fit.gz,,,4711.0,2462.0,2550.0,2.5,,0.0,,,,0.0,0.0,,,29.0,22.0,,,,,,,,,,,,,,,,,,,,,0.0,,,,,,,,,,,,,,,,,,,,,,,,,,,,,,,,,,,,,,,,,,,,,,,,,,,,""
871633851,"Feb 19, 2017, 7:48:38 AM",6x400m+10 min steady tempo+10 min jog,Run,"",2483,5.43,184.0,41,false,,,activities/964491739.fit.gz,80.0,,2483.0,1507.0,5431.7,5.8,,8.0,,49.0,52.6,11.5,0.0,,,128.0,82.0,184.0,165.0,,,,,,41.0,,,,,,,,,,,,,0.0,,,,,,,,,,,,,,,,,,,,,,,,,,,,,,,,,,,,,,,,,,,,,,,,,,,,""
871633409,"Feb 19, 2017, 5:55:37 AM",Morning Ride,Ride,,5738,49.34,186.0,120,false,,,activities/964491147.fit.gz,80.0,,5738.0,5602.0,49345.8,14.6,,456.0,,34.8,278.8,9.4,0.0,,,128.0,92.0,186.0,157.0,,210.0,1310.0,,,120.0,,,,,,,,,,,,,0.0,,,,,,,,,,,,,,,,,,,,,,,,,,,,,,,,,,,,,,,,,,,,,,,,,,,,""
865175053,"Feb 13, 2017, 2:31:01 PM",Afternoon Swim,Swim,"",4825,"2,800",,,false,,,activities/957530928.fit.gz,80.0,,4825.0,2570.0,2800.0,2.5,,0.0,,,,0.0,0.0,,,29.0,22.0,,,,,,,,,,,,,,,,,,,,,0.0,,,,,,,,,,,,,,,,,,,,,,,,,,,,,,,,,,,,,,,,,,,,,,,,,,,,""
863439477,"Feb 12, 2017, 5:43:27 AM",Morning Ride,Ride,"",12902,85.90,,,false,,,activities/955690772.fit.gz,80.0,,12902.0,11540.0,85905.0,15.0,,670.0,,36.0,281.6,9.7,0.0,,,127.0,83.0,,,,145.0,1871.0,,,,,,,,,,,,,,,,0.0,,,,,,,,,,,,,,,,,,,,,,,,,,,,,,,,,,,,,,,,,,,,,,,,,,,,""
862169164,"Feb 11, 2017, 5:46:28 AM",Morning Run,Run,"",2726,10.25,188.0,118,false,,,activities/954304336.fit.gz,80.0,,2726.0,2718.0,10249.6,6.0,,0.0,,41.8,44.4,4.1,0.0,,,95.0,83.0,188.0,176.0,,,,,,118.0,,,,,,,,,,,,,0.0,,,,,,,,,,,,,,,,,,,,,,,,,,,,,,,,,,,,,,,,,,,,,,,,,,,,""
861325499,"Feb 10, 2017, 6:39:35 AM",Morning Ride,Ride,"",7887,49.00,180.0,108,false,,,activities/953394298.fit.gz,80.0,,7887.0,7656.0,49003.0,17.5,,865.0,,0.4,193.4,14.7,0.0,,,118.0,78.0,180.0,145.0,,161.0,,,,108.0,,,,,,,,,,,,,0.0,,,,,,,,,,,,,,,,,,,,,,,,,,,,,,,,,,,,,,,,,,,,,,,,,,,,""
861324645,"Feb 8, 2017, 2:38:10 PM",Afternoon Swim,Swim,,2416,"1,500",,,false,,,activities/953393262.fit.gz,,,2416.0,1598.0,1500.0,1.9,,0.0,,,,0.0,0.0,,,26.0,22.0,,,,,,,,,,,,,,,,,,,,,0.0,,,,,,,,,,,,,,,,,,,,,,,,,,,,,,,,,,,,,,,,,,,,,,,,,,,,""
859340248,"Feb 8, 2017, 5:51:24 AM",Morning Ride,Ride,,5955,46.31,,,false,,,activities/951249231.fit.gz,80.0,,5955.0,5955.0,46309.2,14.4,,225.0,,19.8,147.0,8.2,-0.1,,,114.0,85.0,,,,156.0,1034.0,,,,,,,,,,,,,,,,0.0,,,,,,,,,,,,,,,,,,,,,,,,,,,,,,,,,,,,,,,,,,,,,,,,,,,,""
857209817,"Feb 6, 2017, 12:20:01 PM",1000 warm up-20X50@36-100 cool down,Swim,"",4123,"2,100",,,false,,,activities/948964623.fit.gz,80.0,,4123.0,1941.0,2100.0,2.8,,0.0,,,,0.0,0.0,,,31.0,23.0,,,,,,,,,,,,,,,,,,,,,0.0,,,,,,,,,,,,,,,,,,,,,,,,,,,,,,,,,,,,,,,,,,,,,,,,,,,,""
856120008,"Feb 5, 2017, 7:55:36 AM",Morning Ride,Ride,,5841,42.25,,,false,,,activities/947785808.fit.gz,80.0,,5841.0,5816.0,42257.3,13.9,,302.0,,50.2,191.2,8.3,0.0,,,110.0,82.0,,,,134.0,869.0,,,,,,,,,,,,,,,,0.0,,,,,,,,,,,,,,,,,,,,,,,,,,,,,,,,,,,,,,,,,,,,,,,,,,,,""
854545776,"Feb 4, 2017, 6:21:38 AM",5k + 15 min jog,Run,"",1341,5.01,181.0,41,false,,,activities/946100005.fit.gz,80.0,,1341.0,1341.0,5009.8,4.7,,7.0,,177.8,180.0,1.7,0.0,,,105.0,81.0,181.0,166.0,,,493.0,,,41.0,,,,,,,,,,,,,0.0,,,,,,,,,,,,,,,,,,,,,,,,,,,,,,,,,,,,,,,,,,,,,,,,,,,,""
854545379,"Feb 3, 2017, 3:03:05 PM",Afternoon Swim,Swim,"",3174,"1,900",,,false,,,activities/946099636.fit.gz,80.0,,3174.0,1987.0,1900.0,2.3,,0.0,,,,0.0,0.0,,,26.0,22.0,,,,,,,,,,,,,,,,,,,,,0.0,,,,,,,,,,,,,,,,,,,,,,,,,,,,,,,,,,,,,,,,,,,,,,,,,,,,""
853508811,"Feb 3, 2017, 6:40:17 AM",Morning Ride-Season start to Hills,Ride,"",7908,49.80,,,false,,,activities/944954730.fit.gz,80.0,,7908.0,7653.0,49804.4,17.0,,752.0,,-3.4,186.0,13.3,0.0,,,114.0,73.0,,,,155.0,,,,,,,,,,,,,,,,,0.0,,,,,,,,,,,,,,,,,,,,,,,,,,,,,,,,,,,,,,,,,,,,,,,,,,,,""
852684794,"Feb 2, 2017, 12:05:32 PM",Afternoon Run,Run,"",2883,8.53,,,false,,,activities/944058088.fit.gz,80.0,,2883.0,2701.0,8538.2,5.3,,130.0,,48.2,137.4,40.0,0.0,,,86.0,79.0,,,,,,,,,,,,,,,,,,,,,0.0,,,,,,,,,,,,,,,,,,,,,,,,,,,,,,,,,,,,,,,,,,,,,,,,,,,,""
849543525,"Jan 30, 2017, 2:59:16 PM",Afternoon Swim,Swim,"",4456,"2,675",,,false,,,activities/940673343.fit.gz,80.0,,4456.0,2595.0,2675.0,2.8,,0.0,,,,0.0,0.0,,,29.0,22.0,,,,,,,,,,,,,,,,,,,,,0.0,,,,,,,,,,,,,,,,,,,,,,,,,,,,,,,,,,,,,,,,,,,,,,,,,,,,""
848053482,"Jan 29, 2017, 6:09:28 AM",Morning Ride,Ride,,9915,71.55,,,false,,,activities/939025167.fit.gz,80.0,,9915.0,9392.0,71550.8,16.4,,564.0,,33.4,282.0,9.6,0.0,,,124.0,83.0,,,,146.0,,,,,,,,,,,,,,,,,0.0,,,,,,,,,,,,,,,,,,,,,,,,,,,,,,,,,,,,,,,,,,,,,,,,,,,,""
847298864,"Jan 28, 2017, 12:43:41 PM",Afternoon Run,Run,,3634,10.29,191.0,88,false,,,activities/938210052.fit.gz,80.0,,3634.0,3099.0,10289.1,5.9,,6.0,,40.6,45.2,5.3,0.0,,,101.0,79.0,191.0,163.0,,,1011.0,,,88.0,,,,,,,,,,,,,0.0,,,,,,,,,,,,,,,,,,,,,,,,,,,,,,,,,,,,,,,,,,,,,,,,,,,,""
847298269,"Jan 27, 2017, 3:05:30 PM",Afternoon Swim,Swim,,5382,"2,900",,,false,,,activities/938209385.fit.gz,,,5382.0,2617.0,2900.0,2.5,,0.0,,,,0.0,0.0,,,31.0,23.0,,,,,,,,,,,,,,,,,,,,,0.0,,,,,,,,,,,,,,,,,,,,,,,,,,,,,,,,,,,,,,,,,,,,,,,,,,,,""
843825282,"Jan 25, 2017, 12:24:00 PM",Afternoon Ride,Ride,"",7103,52.19,184.0,150,false,,,activities/934456489.fit.gz,80.0,,7103.0,6927.0,52190.7,15.8,,503.0,,24.6,274.4,15.6,0.0,,,112.0,79.0,184.0,157.0,,192.0,,,,150.0,,,,,,,,,,,,,0.0,,,,,,,,,,,,,,,,,,,,,,,,,,,,,,,,,,,,,,,,,,,,,,,,,,,,""
843601095,"Jan 25, 2017, 6:00:03 AM",Jogging,Run,"",2044,6.00,,,false,,,activities/934231158.fit.gz,80.0,,2044.0,2036.0,6007.2,4.3,,8.0,,96.4,101.0,6.7,0.0,,,84.0,77.0,,,,,591.0,,,,,,,,,,,,,,,,0.0,,,,,,,,,,,,,,,,,,,,,,,,,,,,,,,,,,,,,,,,,,,,,,,,,,,,""
840085343,"Jan 22, 2017, 6:35:27 AM",Aspava training 2,Ride,"",7778,56.99,,,false,,,activities/930428006.fit.gz,80.0,,7778.0,7496.0,56996.7,16.4,,488.0,,34.0,280.0,9.5,0.0,,,120.0,80.0,,,,152.0,1269.0,,,,,,,,,,,,,,,,0.0,,,,,,,,,,,,,,,,,,,,,,,,,,,,,,,,,,,,,,,,,,,,,,,,,,,,media/7d9d32c3-bc55-49e6-bbe4-2623a008e8cc.jpg
838985923,"Jan 21, 2017, 9:05:37 AM",Lunch Run,Run,"",5106,14.75,195.0,197,false,,,activities/929240354.fit.gz,80.0,,5106.0,4586.0,14750.7,4.6,,228.0,,65.0,143.6,42.9,0.1,,,98.0,80.0,195.0,175.0,,,,,,197.0,,,,,,,,,,,,,0.0,,,,,,,,,,,,,,,,,,,,,,,,,,,,,,,,,,,,,,,,,,,,,,,,,,,,""
838984696,"Jan 20, 2017, 3:04:54 PM",Afternoon Swim,Swim,,4704,"2,450",,,false,,,activities/929239114.fit.gz,,,4704.0,2287.0,2450.0,2.5,,0.0,,,,0.0,0.0,,,32.0,22.0,,,,,,,,,,,,,,,,,,,,,0.0,,,,,,,,,,,,,,,,,,,,,,,,,,,,,,,,,,,,,,,,,,,,,,,,,,,,""
837176933,"Jan 19, 2017, 1:42:15 PM",Afternoon Run,Run,"",3142,10.01,190.0,127,false,,,activities/927259963.fit.gz,80.0,,3142.0,2947.0,10014.0,4.4,,18.0,,84.2,102.0,4.1,0.0,,,93.0,80.0,190.0,176.0,,,,,,127.0,,,,,,,,,,,,,0.0,,,,,,,,,,,,,,,,,,,,,,,,,,,,,,,,,,,,,,,,,,,,,,,,,,,,""
836329641,"Jan 18, 2017, 2:55:54 PM",Afternoon Swim,Swim,,4868,"2,500",,,false,,,activities/926070872.fit.gz,,,4868.0,2571.0,2500.0,1.8,,0.0,,,,0.0,0.0,,,29.0,23.0,,,,,,,,,,,,,,,,,,,,,0.0,,,,,,,,,,,,,,,,,,,,,,,,,,,,,,,,,,,,,,,,,,,,,,,,,,,,""
835020087,"Jan 17, 2017, 2:06:35 PM",Afternoon Run,Run,"",3824,9.16,194.0,111,false,,,activities/924655556.fit.gz,80.0,,3824.0,2845.0,9159.5,5.9,,212.0,,146.2,217.2,33.9,0.0,,,124.0,80.0,194.0,172.0,,,,,,111.0,,,,,,,,,,,,,0.0,,,,,,,,,,,,,,,,,,,,,,,,,,,,,,,,,,,,,,,,,,,,,,,,,,,,""
833743528,"Jan 15, 2017, 6:09:55 AM",Morning Ride,Ride,"",6808,50.55,185.0,96,false,,,activities/923280792.fit.gz,80.0,,6808.0,6769.0,50549.5,11.6,,334.0,,46.6,194.8,12.8,0.0,,,113.0,78.0,185.0,146.0,,133.0,1002.0,,,96.0,,,,,,,,,,,,,0.0,,,,,,,,,,,,,,,,,,,,,,,,,,,,,,,,,,,,,,,,,,,,,,,,,,,,""
816390734,"Dec 31, 2016, 6:15:00 AM",Morning Run,Run,"",2813,10.01,194.0,93,false,,,activities/904484870.fit.gz,80.0,,2813.0,2813.0,10015.9,5.9,,22.0,,-2.4,12.6,4.6,0.0,,,128.0,82.0,194.0,169.0,,,,,,93.0,,,,,,,,,,,,,0.0,,,,,,,,,,,,,,,,,,,,,,,,,,,,,,,,,,,,,,,,,,,,,,,,,,,,""
816390450,"Dec 30, 2016, 2:48:21 PM",Afternoon Swim,Swim,,5767,"3,200",,,false,,,activities/904484430.fit.gz,,,5767.0,3106.0,3200.0,2.8,,0.0,,,,0.0,0.0,,,33.0,20.0,,,,,,,,,,,,,,,,,,,,,0.0,,,,,,,,,,,,,,,,,,,,,,,,,,,,,,,,,,,,,,,,,,,,,,,,,,,,""
816389999,"Dec 29, 2016, 7:29:06 AM",Morning Run,Run,"",4337,10.81,166.0,44,false,,,activities/904483611.fit.gz,80.0,,4337.0,3605.0,10810.1,3.6,,0.0,,146.8,150.4,2.1,0.0,,,85.0,79.0,166.0,143.0,,,,,,44.0,,,,,,,,,,,,,0.0,,,,,,,,,,,,,,,,,,,,,,,,,,,,,,,,,,,,,,,,,,,,,,,,,,,,""
811912762,"Dec 26, 2016, 1:52:22 PM",Afternoon Run,Run,"",2271,8.12,191.0,85,false,,,activities/899517924.fit.gz,80.0,,2271.0,2255.0,8122.0,5.5,,12.0,,46.8,51.0,7.1,0.0,,,94.0,80.0,191.0,172.0,,,,,,85.0,,,,,,,,,,,,,0.0,,,,,,,,,,,,,,,,,,,,,,,,,,,,,,,,,,,,,,,,,,,,,,,,,,,,""
809926593,"Dec 24, 2016, 6:08:32 AM",Morning Run,Run,"",2794,10.00,190.0,161,false,,,activities/897273646.fit.gz,80.0,,2794.0,2794.0,10002.1,4.7,,29.0,,0.6,15.0,20.5,0.0,,,94.0,82.0,190.0,171.0,,,,,,161.0,,,,,,,,,,,,,0.0,,,,,,,,,,,,,,,,,,,,,,,,,,,,,,,,,,,,,,,,,,,,,,,,,,,,""
809926416,"Dec 23, 2016, 3:02:55 PM",Afternoon Swim,Swim,"",5186,"3,200",,,false,,,activities/897273407.fit.gz,80.0,,5186.0,3013.0,3200.0,2.3,,0.0,,,,0.0,0.0,,,33.0,22.0,,,,,,,,,,,,,,,,,,,,,0.0,,,,,,,,,,,,,,,,,,,,,,,,,,,,,,,,,,,,,,,,,,,,,,,,,,,,""
809926127,"Dec 21, 2016, 2:16:45 PM",Afternoon Run,Run,"",2647,8.01,191.0,109,false,,,activities/897272903.fit.gz,80.0,,2647.0,2537.0,8016.3,5.1,,0.0,,190.0,193.2,3.7,0.0,,,96.0,80.0,191.0,174.0,,,,,,109.0,,,,,,,,,,,,,0.0,,,,,,,,,,,,,,,,,,,,,,,,,,,,,,,,,,,,,,,,,,,,,,,,,,,,""
807197566,"Dec 20, 2016, 4:38:31 PM",Evening Run,Run,"",2606,7.16,,,false,,,activities/894189270.fit.gz,80.0,,2606.0,2194.0,7161.2,5.5,,11.0,,50.4,52.8,2.3,0.0,,,89.0,78.0,,,,,,,,,,,,,,,,,,,,,0.0,,,,,,,,,,,,,,,,,,,,,,,,,,,,,,,,,,,,,,,,,,,,,,,,,,,,""
807197335,"Dec 19, 2016, 2:51:32 PM",Afternoon Swim,Swim,,4922,"3,000",,,false,,,activities/894189014.fit.gz,,,4922.0,2791.0,3000.0,2.5,,0.0,,,,0.0,0.0,,,36.0,22.0,,,,,,,,,,,,,,,,,,,,,0.0,,,,,,,,,,,,,,,,,,,,,,,,,,,,,,,,,,,,,,,,,,,,,,,,,,,,""
802732661,"Dec 15, 2016, 6:04:04 AM",Metallica Ride-Mountainbiking,Ride,"",2352,16.19,,,false,,,activities/889136225.fit.gz,80.0,,2352.0,2352.0,16197.9,12.9,,83.0,,88.8,142.2,15.8,0.0,,,,,,,,134.0,,,,,,,,,,,,,,,,,0.0,,,,,,,,,,,,,,,,,,,,,,,,,,,,,,,,,,,,,,,,,,,,,,,,,,,,""
800218056,"Dec 12, 2016, 5:15:22 AM",Morning Run at Gaziveren seaside,Run,"",2721,9.05,,,false,,,activities/886301334.fit.gz,80.0,,2721.0,2695.0,9054.4,4.2,,23.0,,5.0,17.4,3.7,0.0,,,84.0,78.0,,,,,893.0,,,,,,,,,,,,,,,,0.0,,,,,,,,,,,,,,,,,,,,,,,,,,,,,,,,,,,,,,,,,,,,,,,,,,,,""
799220288,"Dec 11, 2016, 7:00:42 AM",Aspava swimming marathon 2nd place,Swim,"",2540,"2,804",,,false,,,activities/885210900.fit.gz,80.0,,2540.0,2540.0,2803.8,2.0,,0.0,,0.0,6.0,0.0,0.0,,,34.0,29.0,,,,,,,,,,,,,,,,,,,,,0.0,,,,,,,,,,,,,,,,,,,,,,,,,,,,,,,,,,,,,,,,,,,,,,,,,,,,""
799220130,"Dec 9, 2016, 2:43:48 PM",Afternoon Swim,Swim,,4639,"2,400",,,false,,,activities/885210718.fit.gz,,,4639.0,2307.0,2400.0,2.8,,0.0,,,,0.0,0.0,,,33.0,23.0,,,,,,,,,,,,,,,,,,,,,0.0,,,,,,,,,,,,,,,,,,,,,,,,,,,,,,,,,,,,,,,,,,,,,,,,,,,,""
799219385,"Dec 8, 2016, 6:50:13 AM",Morning Run,Run,,2319,6.46,,,false,,,activities/885209926.fit.gz,80.0,,2319.0,2289.0,6463.1,4.3,,2.0,,119.2,122.2,3.1,0.0,,,90.0,76.0,,,,,635.0,,,,,,,,,,,,,,,,0.0,,,,,,,,,,,,,,,,,,,,,,,,,,,,,,,,,,,,,,,,,,,,,,,,,,,,""
796559897,"Dec 4, 2016, 7:14:42 AM",Morning Swim,Swim,,2634,"2,794",,,false,,,activities/882188283.fit.gz,,,2634.0,2634.0,2794.4,2.0,,0.0,,0.0,5.0,0.0,0.0,,,33.0,28.0,,,,,,,,,,,,,,,,,,,,,0.0,,,,,,,,,,,,,,,,,,,,,,,,,,,,,,,,,,,,,,,,,,,,,,,,,,,,""
796559891,"Dec 2, 2016, 2:41:05 PM",Afternoon Swim,Swim,,5276,"2,600",,,false,,,activities/882188279.fit.gz,,,5276.0,2368.0,2600.0,3.1,,0.0,,,,0.0,0.0,,,31.0,24.0,,,,,,,,,,,,,,,,,,,,,0.0,,,,,,,,,,,,,,,,,,,,,,,,,,,,,,,,,,,,,,,,,,,,,,,,,,,,""
788134645,"Nov 28, 2016, 2:45:11 PM",Afternoon Swim,Swim,,5892,"3,500",,,false,,,activities/872701056.fit.gz,,,5892.0,3456.0,3500.0,2.8,,0.0,,,,0.0,0.0,,,31.0,23.0,,,,,,,,,,,,,,,,,,,,,0.0,,,,,,,,,,,,,,,,,,,,,,,,,,,,,,,,,,,,,,,,,,,,,,,,,,,,""
786694339,"Nov 27, 2016, 5:49:13 AM",Morning Ride,Ride,"",8677,58.45,180.0,86,false,,,activities/871092826.fit.gz,80.0,,8677.0,7944.0,58455.0,17.4,,502.0,,44.4,284.0,8.8,0.0,,,131.0,78.0,180.0,142.0,,147.0,,,,86.0,,,,,,,,,,,,,0.0,,,,,,,,,,,,,,,,,,,,,,,,,,,,,,,,,,,,,,,,,,,,,,,,,,,,""
785670455,"Nov 26, 2016, 5:11:28 AM",Morning Run,Run,,2415,8.00,188.0,95,false,,,activities/869921525.fit.gz,80.0,,2415.0,2409.0,8007.8,5.9,,214.0,,18.8,243.2,41.7,0.0,,,105.0,79.0,188.0,173.0,,,830.0,,,95.0,,,,,,,,,,,,,0.0,,,,,,,,,,,,,,,,,,,,,,,,,,,,,,,,,,,,,,,,,,,,,,,,,,,,""
785670221,"Nov 25, 2016, 2:46:54 PM",Afternoon Swim,Swim,,4232,"2,300",,,false,,,activities/869921217.fit.gz,,,4232.0,2263.0,2300.0,2.3,,0.0,,,,0.0,0.0,,,29.0,22.0,,,,,,,,,,,,,,,,,,,,,0.0,,,,,,,,,,,,,,,,,,,,,,,,,,,,,,,,,,,,,,,,,,,,,,,,,,,,""
782218969,"Nov 22, 2016, 5:50:14 AM",20 min fat burning ride ,Ride,"",1201,8.34,,,false,,,activities/866011627.fit.gz,80.0,,1201.0,1201.0,8342.4,11.8,,0.0,,96.0,97.0,0.6,0.0,,,129.0,74.0,,,,99.0,,,,,,,,,,,,,,,,,0.0,,,,,,,,,,,,,,,,,,,,,,,,,,,,,,,,,,,,,,,,,,,,,,,,,,,,""
781816001,"Nov 21, 2016, 3:09:37 PM",Afternoon Swim,Swim,"",5461,"3,025",,,false,,,activities/865549439.fit.gz,80.0,,5461.0,2900.0,3025.0,2.8,,0.0,,,,0.0,0.0,,,29.0,23.0,,,,,,,,,,,,,,,,,,,,,0.0,,,,,,,,,,,,,,,,,,,,,,,,,,,,,,,,,,,,,,,,,,,,,,,,,,,,""
779385492,"Nov 19, 2016, 5:23:45 AM",Morning Run,Run,,2919,8.13,193.0,72,false,,,activities/862656992.fit.gz,80.0,,2919.0,2894.0,8137.0,6.0,,213.0,,20.4,243.4,28.6,0.0,,,128.0,78.0,193.0,161.0,,,844.0,,,72.0,,,,,,,,,,,,,0.0,,,,,,,,,,,,,,,,,,,,,,,,,,,,,,,,,,,,,,,,,,,,,,,,,,,,""
779220059,"Nov 18, 2016, 3:05:09 PM",Afternoon Swim,Swim,,5356,"3,600",,,false,,,activities/862454698.fit.gz,,,5356.0,3742.0,3600.0,2.1,,0.0,,,,0.0,0.0,,,26.0,21.0,,,,,,,,,,,,,,,,,,,,,0.0,,,,,,,,,,,,,,,,,,,,,,,,,,,,,,,,,,,,,,,,,,,,,,,,,,,,""
777838497,"Nov 17, 2016, 6:11:08 AM",Gym training,Workout,"",5890,0,162.0,24,false,,,activities/860794822.fit.gz,80.0,,5890.0,5890.0,0.0,0.0,,0.0,,71.8,81.4,0.0,0.0,,,,,162.0,128.0,,,,,,37.0,,,,,,,,,,,,,0.0,,,,,,,,,,,,,,,,,,,,,,,,,,,,,,,,,,,,,,,,,,,,,,,,,,,,""
777134280,"Nov 16, 2016, 1:37:38 PM",Long run- aerobic (windy),Run,"",4884,15.02,176.0,121,false,,,activities/859993268.fit.gz,80.0,,4884.0,4884.0,15026.5,3.8,,73.0,,79.0,132.0,10.1,0.0,,,85.0,78.0,176.0,160.0,,,1480.0,,,121.0,,,,,,,,,,,,,0.0,,,,,,,,,,,,,,,,,,,,,,,,,,,,,,,,,,,,,,,,,,,,,,,,,,,,""
775918873,"Nov 15, 2016, 5:21:49 AM",Dadinda Morning Ride,Ride,"",11461,73.60,176.0,67,false,,,activities/858569125.fit.gz,80.0,,11461.0,10169.0,73606.5,16.6,,608.0,,41.2,277.0,9.8,0.0,,,115.0,73.0,176.0,131.0,,146.0,,,,73.0,,,,,,,,,,,,,0.0,,,,,,,,,,,,,,,,,,,,,,,,,,,,,,,,,,,,,,,,,,,,,,,,,,,,media/96ec942e-79b6-4933-aeaa-3da3ecbaf1a4.jpg
775437545,"Nov 14, 2016, 3:07:42 PM",Im backkk!! ;),Swim,"",4380,"2,550",,,false,,,activities/858015725.fit.gz,80.0,,4380.0,2375.0,2550.0,2.8,,0.0,,,,0.0,0.0,,,27.0,23.0,,,,,,,,,,,,,,,,,,,,,0.0,,,,,,,,,,,,,,,,,,,,,,,,,,,,,,,,,,,,,,,,,,,,,,,,,,,,""
772823562,"Nov 12, 2016, 5:09:05 AM",Morning Run,Run,"",2569,7.41,193.0,62,false,,,activities/854976489.fit.gz,80.0,,2569.0,2560.0,7417.4,5.5,,192.0,,23.4,229.4,27.8,0.0,,,100.0,74.0,193.0,161.0,,,,,,62.0,,,,,,,,,,,,,0.0,,,,,,,,,,,,,,,,,,,,,,,,,,,,,,,,,,,,,,,,,,,,,,,,,,,,""
771235423,"Nov 10, 2016, 7:44:54 AM",Gym training,Weight Training,"",6540,0,155.0,23,false,,,activities/853125850.fit.gz,80.0,,6540.0,6540.0,0.0,0.0,,0.0,,128.6,134.4,0.0,0.0,,,,,155.0,121.0,,,,,,23.0,,,,,,,,,,,,,0.0,,,,,,,,,,,,,,,,,,,,,,,,,,,,,,,,,,,,,,,,,,,,,,,,,,,,""
771234694,"Nov 10, 2016, 4:33:58 AM",Easy Morning Ride,Ride,"",6401,46.21,177.0,32,false,,,activities/853124889.fit.gz,80.0,,6401.0,6229.0,46211.2,11.7,,216.0,,19.2,118.8,9.0,0.0,,,103.0,77.0,177.0,127.0,,132.0,,,,32.0,,,,,,,,,,,,,0.0,,,,,,,,,,,,,,,,,,,,,,,,,,,,,,,,,,,,,,,,,,,,,,,,,,,,""
773352077,"Nov 9, 2016, 2:12:40 PM",Afternoon Run,Run,,3180,10.23,190.0,113,false,,,activities/855599542.fit.gz,80.0,,3180.0,3180.0,10236.8,4.6,,42.0,,46.4,53.6,7.1,0.0,,,128.0,79.0,190.0,170.0,,,,,,113.0,,,,,,,,,,,,,0.0,,,,,,,,,,,,,,,,,,,,,,,,,,,,,,,,,,,,,,,,,,,,,,,,,,,,""
773352048,"Nov 7, 2016, 3:11:20 PM",Afternoon Swim,Swim,,4069,"1,800",,,false,,,activities/855599511.fit.gz,,,4069.0,1889.0,1800.0,2.1,,0.0,,,,0.0,0.0,,,28.0,21.0,,,,,,,,,,,,,,,,,,,,,0.0,,,,,,,,,,,,,,,,,,,,,,,,,,,,,,,,,,,,,,,,,,,,,,,,,,,,""
767755617,"Nov 6, 2016, 12:31:06 PM",Off season ride(Windyy-Yilmazkoy to Guzelyurt-way back to home),Ride,"",5876,49.23,179.0,72,false,,,activities/849081484.fit.gz,80.0,,5876.0,5876.0,49235.8,13.3,,308.0,,41.2,189.6,15.9,0.0,,,95.0,78.0,179.0,154.0,,187.0,,,,72.0,,,,,,,,,,,,,0.0,,,,,,,,,,,,,,,,,,,,,,,,,,,,,,,,,,,,,,,,,,,,,,,,,,,,""
766656956,"Nov 5, 2016, 2:25:51 PM",Afternoon Run,Run,,2707,8.00,,,false,,,activities/847807359.fit.gz,80.0,,2707.0,2627.0,8003.9,4.4,,213.0,,20.2,240.6,28.8,0.0,,,88.0,78.0,,,,,828.0,,,,,,,,,,,,,,,,0.0,,,,,,,,,,,,,,,,,,,,,,,,,,,,,,,,,,,,,,,,,,,,,,,,,,,,""
766656309,"Nov 5, 2016, 1:37:14 PM",Afternoon Swim,Swim,,588,476,,,false,,,activities/847806631.fit.gz,,,588.0,588.0,475.7,1.6,,0.0,,0.0,5.9,0.0,0.1,,,30.0,24.0,,,,,,,,,,,,,,,,,,,,,0.0,,,,,,,,,,,,,,,,,,,,,,,,,,,,,,,,,,,,,,,,,,,,,,,,,,,,""
765565408,"Nov 4, 2016, 6:57:19 AM",Easy ride,Ride,"",7561,51.16,176.0,40,false,,,activities/846566969.fit.gz,80.0,,7561.0,7561.0,51164.2,16.3,,476.0,,45.0,281.8,10.3,0.0,,,112.0,68.0,176.0,128.0,,128.0,1077.0,,,40.0,,,,,,,,,,,,,0.0,,,,,,,,,,,,,,,,,,,,,,,,,,,,,,,,,,,,,,,,,,,,,,,,,,,,""
764687916,"Nov 3, 2016, 10:50:59 AM",Gym training 1,Weight Training,"",3702,0,,,false,,,activities/845554104.fit.gz,80.0,,3702.0,3702.0,0.0,0.0,,0.0,,86.4,94.8,0.0,0.0,,,,,,,,,,,,,,,,,,,,,,,,,0.0,,,,,,,,,,,,,,,,,,,,,,,,,,,,,,,,,,,,,,,,,,,,,,,,,,,,""
764687843,"Oct 28, 2016, 2:24:37 PM",Afternoon Run,Run,,1439,4.20,,,false,,,activities/845553908.fit.gz,80.0,,1439.0,1353.0,4208.2,4.0,,4.0,,36.8,40.8,3.4,0.0,,,82.0,78.0,,,,,,,,,,,,,,,,,,,,,0.0,,,,,,,,,,,,,,,,,,,,,,,,,,,,,,,,,,,,,,,,,,,,,,,,,,,,""
753689314,"Oct 23, 2016, 6:57:52 AM",Off season race-3rd place,Run,"",2105,7.99,,,false,,,activities/832772818.fit.gz,80.0,,2105.0,2105.0,7994.6,5.5,,14.0,,137.6,156.4,2.6,0.0,,,88.0,79.0,,,,,,,,,,,,,,,,,,,,,0.0,,,,,,,,,,,,,,,,,,,,,,,,,,,,,,,,,,,,,,,,,,,,,,,,,,,,""
746615969,"Oct 16, 2016, 4:47:11 AM",Alanya etu tri run leg,Run,"",1267,4.94,192.0,92,false,,,activities/824372073.fit.gz,80.0,,1267.0,1267.0,4940.0,5.2,,18.0,,-5.6,7.6,11.2,0.0,,,88.0,81.0,192.0,185.0,,,486.0,,,92.0,,,,,,,,,,,,,0.0,,,,,,,,,,,,,,,,,,,,,,,,,,,,,,,,,,,,,,,,,,,,,,,,,,,,media/eeb12335-a72f-4f06-a494-482595bfb0d2.jpg
746615953,"Oct 16, 2016, 4:46:45 AM",Alanya etu tri t2,Workout,"",22,0.03,181.0,0,false,,,activities/824372064.fit.gz,80.0,,22.0,22.0,36.5,3.0,,0.0,,-2.0,-1.6,2.3,0.0,,,95.0,92.0,181.0,180.0,,,,,,0.0,,,,,,,,,,,,,0.0,,,,,,,,,,,,,,,,,,,,,,,,,,,,,,,,,,,,,,,,,,,,,,,,,,,,""
746615962,"Oct 16, 2016, 4:16:16 AM",Alanya etu tri bike leg,Ride,"",1823,18.69,191.0,51,false,,,activities/824372048.fit.gz,80.0,,1823.0,1823.0,18695.8,12.0,,35.0,,-3.6,16.8,13.0,-0.1,,,111.0,89.0,191.0,180.0,,263.0,535.0,,,51.0,,,,,,,,,,,,,0.0,,,,,,,,,,,,,,,,,,,,,,,,,,,,,,,,,,,,,,,,,,,,,,,,,,,,""
746615947,"Oct 16, 2016, 4:15:21 AM",Alanya etu tri t1,Workout,"",54,0.16,192.0,1,false,,,activities/824372038.fit.gz,80.0,,54.0,54.0,159.1,4.1,,12.6,,2.0,14.6,23.4,7.3,,,97.0,81.0,192.0,190.0,,,,,,1.0,,,,,,,,,,,,,0.0,,,,,,,,,,,,,,,,,,,,,,,,,,,,,,,,,,,,,,,,,,,,,,,,,,,,""
746615946,"Oct 16, 2016, 4:03:30 AM",Alanya Etu tri Swim,Swim,Race,709,858,188.0,16,false,,,activities/824372031.fit.gz,80.0,,709.0,709.0,857.8,1.9,,0.0,,4.2,4.2,0.0,0.0,,,36.0,29.0,188.0,145.0,,,,,,16.0,,,,,,,,,,,,,0.0,,,,,,,,,,,,,,,,,,,,,,,,,,,,,,,,,,,,,,,,,,,,,,,,,,,,""
737297543,"Oct 7, 2016, 3:27:04 PM",Interval Turbo Session ,Ride,"",3266,24.80,,,false,,,activities/813229869.fit.gz,80.0,,3266.0,3266.0,24799.9,13.9,,0.0,,66.8,68.6,0.6,0.0,,,121.0,69.0,,,,143.0,,,,,,,,,,,,,,,,,0.0,,,,,,,,,,,,,,,,,,,,,,,,,,,,,,,,,,,,,,,,,,,,,,,,,,,,""
737208902,"Oct 6, 2016, 2:30:36 PM",Afternoon Run,Run,,1834,5.03,168.0,37,false,,,activities/813122102.fit.gz,80.0,,1834.0,1834.0,5033.1,3.8,,57.0,,-5.8,27.0,17.9,0.0,,,128.0,77.0,168.0,149.0,,,,,,37.0,,,,,,,,,,,,,0.0,,,,,,,,,,,,,,,,,,,,,,,,,,,,,,,,,,,,,,,,,,,,,,,,,,,,""
735888234,"Oct 6, 2016, 4:31:49 AM",Morning Ride,Ride,,3086,26.13,179.0,26,false,,,activities/811519112.fit.gz,80.0,,3086.0,3086.0,26132.6,12.8,,120.0,,45.2,109.0,4.9,0.0,,,101.0,79.0,179.0,137.0,,171.0,,,,26.0,,,,,,,,,,,,,0.0,,,,,,,,,,,,,,,,,,,,,,,,,,,,,,,,,,,,,,,,,,,,,,,,,,,,""
735015095,"Oct 5, 2016, 4:42:08 AM",%65 pace effort for team,Swim,"",756,809,,,false,,,activities/810476933.fit.gz,80.0,,756.0,756.0,808.5,1.9,,0.0,,0.0,5.9,0.0,0.3,,,31.0,26.0,,,,,,,,,,,,,,,,,,,,,0.0,,,,,,,,,,,,,,,,,,,,,,,,,,,,,,,,,,,,,,,,,,,,,,,,,,,,""
735015097,"Oct 4, 2016, 2:36:59 PM",A little bit hard work on a windy day,Ride,"",2744,27.03,,,false,,,activities/810476910.fit.gz,80.0,,2744.0,2744.0,27035.3,13.4,,105.0,,6.4,78.6,6.8,0.0,,,113.0,86.0,,,,235.0,,,,,,,,,,,,,,,,,0.0,,,,,,,,,,,,,,,,,,,,,,,,,,,,,,,,,,,,,,,,,,,,,,,,,,,,""
735015032,"Oct 2, 2016, 1:32:00 PM",Swimming for getting rid of the sickness,Swim,"",1076,906,,,false,,,activities/810476876.fit.gz,80.0,,1076.0,1076.0,906.1,1.5,,0.0,,0.0,5.0,0.0,0.2,,,28.0,24.0,,,,,,,,,,,,,,,,,,,,,0.0,,,,,,,,,,,,,,,,,,,,,,,,,,,,,,,,,,,,,,,,,,,,,,,,,,,,""
730676024,"Oct 1, 2016, 4:00:09 AM",Morning Ride,Ride,"",10857,64.84,186.0,145,false,,,activities/805555825.fit.gz,80.0,,10857.0,8308.0,64846.3,17.6,,458.0,,-6.6,234.8,42.4,0.0,,,108.0,77.0,186.0,152.0,,172.0,,,,145.0,,,,,,,,,,,,,0.0,,,,,,,,,,,,,,,,,,,,,,,,,,,,,,,,,,,,,,,,,,,,,,,,,,,,""
730675948,"Sep 30, 2016, 2:53:44 PM",Afternoon Swim,Swim,,3839,"2,550",,,false,,,activities/805555787.fit.gz,,,3839.0,2494.0,2550.0,2.3,,0.0,,,,0.0,0.0,,,24.0,19.0,,,,,,,,,,,,,,,,,,,,,0.0,,,,,,,,,,,,,,,,,,,,,,,,,,,,,,,,,,,,,,,,,,,,,,,,,,,,""
728511095,"Sep 29, 2016, 4:04:04 AM",Recovery Ride 2,Ride,"",3503,27.58,,,false,,,activities/803074985.fit.gz,80.0,,3503.0,3455.0,27585.9,14.1,,130.0,,38.2,110.4,5.2,0.0,,,105.0,80.0,,,,147.0,565.0,,,,,,,,,,,,,,,,0.0,,,,,,,,,,,,,,,,,,,,,,,,,,,,,,,,,,,,,,,,,,,,,,,,,,,,""
728511089,"Sep 28, 2016, 2:17:13 PM",Recovery Ride 1,Ride,"",2677,18.46,133.0,7,false,,,activities/803074977.fit.gz,80.0,,2677.0,2677.0,18459.0,11.9,,93.0,,52.4,98.8,14.9,0.0,,,92.0,75.0,133.0,112.0,,124.0,,,,7.0,,,,,,,,,,,,,0.0,,,,,,,,,,,,,,,,,,,,,,,,,,,,,,,,,,,,,,,,,,,,,,,,,,,,""
727435860,"Sep 27, 2016, 2:42:46 PM",Afternoon Run,Run,,2288,6.90,164.0,43,false,,,activities/801838948.fit.gz,80.0,,2288.0,2271.0,6900.0,3.8,,22.0,,-0.4,13.0,8.5,0.0,,,85.0,80.0,164.0,151.0,,,680.0,,,43.0,,,,,,,,,,,,,0.0,,,,,,,,,,,,,,,,,,,,,,,,,,,,,,,,,,,,,,,,,,,,,,,,,,,,""
727435666,"Sep 25, 2016, 7:50:36 AM",Kusadasi Triathlon Run ,Run,"",2664,9.82,198.0,196,false,,,activities/801838667.fit.gz,80.0,,2664.0,2646.0,9822.5,4.7,,55.0,,14.6,33.8,12.0,0.0,,,90.0,81.0,198.0,185.0,,,,,,196.0,,,,,,,,,,,,,0.0,,,,,,,,,,,,,,,,,,,,,,,,,,,,,,,,,,,,,,,,,,,,,,,,,,,,""
727435658,"Sep 25, 2016, 7:50:05 AM",Transition 2,Workout,"",29,0.04,169.0,0,false,,,activities/801838665.fit.gz,80.0,,29.0,29.0,45.0,3.3,,0.0,,17.2,18.0,9.8,-0.4,,,85.0,84.0,169.0,168.0,,,,,,0.0,,,,,,,,,,,,,0.0,,,,,,,,,,,,,,,,,,,,,,,,,,,,,,,,,,,,,,,,,,,,,,,,,,,,""
727435665,"Sep 25, 2016, 6:41:56 AM",Kusadasi Triathlon Bike,Ride,"",4083,37.10,193.0,108,false,,,activities/801838662.fit.gz,80.0,,4083.0,4083.0,37101.5,15.3,,283.0,,10.0,55.4,13.6,0.0,,,,,193.0,177.0,,238.0,1081.0,,,108.0,,,,,,,,,,,,,0.0,,,,,,,,,,,,,,,,,,,,,,,,,,,,,,,,,,,,,,,,,,,,,,,,,,,,""
727435650,"Sep 25, 2016, 6:40:34 AM",Transition 1,Workout,"",80,0.25,190.0,5,false,,,activities/801838661.fit.gz,80.0,,80.0,80.0,253.1,7.4,,34.2,,6.2,31.6,42.3,10.0,,,101.0,87.0,190.0,189.0,,,,,,5.0,,,,,,,,,,,,,0.0,,,,,,,,,,,,,,,,,,,,,,,,,,,,,,,,,,,,,,,,,,,,,,,,,,,,""
727435649,"Sep 25, 2016, 6:19:40 AM","Kusadas, Triathlon Swim",Swim,"",1252,"1,466",107.0,3,false,,,activities/801838656.fit.gz,80.0,,1252.0,1252.0,1465.6,1.9,,0.0,,-28.0,-28.0,0.0,0.0,,,34.0,29.0,107.0,106.0,,,,,,3.0,,,,,,,,,,,,,0.0,,,,,,,,,,,,,,,,,,,,,,,,,,,,,,,,,,,,,,,,,,,,,,,,,,,,""
727434858,"Sep 23, 2016, 7:41:08 AM",Morning Ride,Ride,,3655,17.51,,,false,,,activities/801837684.fit.gz,80.0,,3655.0,3189.0,17513.0,15.4,,187.0,,-2.2,60.8,15.3,0.1,,,,,,,,106.0,,,,,,,,,,,,,,,,,0.0,,,,,,,,,,,,,,,,,,,,,,,,,,,,,,,,,,,,,,,,,,,,,,,,,,,,""
719664637,"Sep 20, 2016, 2:24:38 PM",Afternoon Run,Run,,2104,5.63,157.0,13,false,,,activities/792929481.fit.gz,80.0,,2104.0,2104.0,5634.2,3.4,,4.0,,41.2,47.2,10.2,0.1,,,85.0,78.0,157.0,142.0,,,,,,34.0,,,,,,,,,,,,,0.0,,,,,,,,,,,,,,,,,,,,,,,,,,,,,,,,,,,,,,,,,,,,,,,,,,,,""
719664629,"Sep 20, 2016, 5:05:00 AM",Morning Ride,Ride,,6149,46.00,156.0,24,false,,,activities/792929473.fit.gz,80.0,,6149.0,6149.0,46001.8,13.9,,278.0,,51.4,190.2,8.7,0.0,,,,,156.0,125.0,,140.0,,,,38.0,,,,,,,,,,,,,0.0,,,,,,,,,,,,,,,,,,,,,,,,,,,,,,,,,,,,,,,,,,,,,,,,,,,,""
719664612,"Sep 19, 2016, 3:12:07 AM",Morning Run,Run,,3951,10.80,188.0,63,false,,,activities/792929458.fit.gz,80.0,,3951.0,3410.0,10806.9,6.3,,95.0,,92.8,103.4,21.3,0.0,,,107.0,80.0,188.0,156.0,,,1087.0,,,114.0,,,,,,,,,,,,,0.0,,,,,,,,,,,,,,,,,,,,,,,,,,,,,,,,,,,,,,,,,,,,,,,,,,,,""
716658234,"Sep 18, 2016, 6:42:33 AM",Morning Ride,Ride,,4909,36.47,156.0,17,false,,,activities/789532152.fit.gz,80.0,,4909.0,4909.0,36475.2,10.1,,182.0,,0.8,124.8,12.1,0.2,,,,,156.0,122.0,,137.0,752.0,,,29.0,,,,,,,,,,,,,0.0,,,,,,,,,,,,,,,,,,,,,,,,,,,,,,,,,,,,,,,,,,,,,,,,,,,,""
716656925,"Sep 18, 2016, 5:20:57 AM",Morning Swim,Swim,,1594,"1,614",,,false,,,activities/789530779.fit.gz,,,1594.0,1570.0,1613.8,2.0,,0.0,,0.0,5.9,0.0,0.1,,,30.0,26.0,,,,,,,,,,,,,,,,,,,,,0.0,,,,,,,,,,,,,,,,,,,,,,,,,,,,,,,,,,,,,,,,,,,,,,,,,,,,""
716656685,"Sep 18, 2016, 4:15:43 AM",Morning Ride,Ride,,2981,23.23,154.0,7,false,,,activities/789530462.fit.gz,80.0,,2981.0,2981.0,23236.9,10.6,,39.0,,4.8,92.2,4.9,-0.4,,,,,154.0,101.0,,106.0,353.0,,,12.0,,,,,,,,,,,,,0.0,,,,,,,,,,,,,,,,,,,,,,,,,,,,,,,,,,,,,,,,,,,,,,,,,,,,""
714997386,"Sep 17, 2016, 6:40:55 AM",Morning Run,Run,,1790,5.30,192.0,84,false,,,activities/787688109.fit.gz,81.0,,1790.0,1587.0,5302.6,5.5,,45.0,,93.8,103.8,9.1,0.0,,,88.0,78.0,192.0,170.0,,,,,,84.0,,,,,,,,,,,,,0.0,,,,,,,,,,,,,,,,,,,,,,,,,,,,,,,,,,,,,,,,,,,,,,,,,,,,""
714997361,"Sep 17, 2016, 6:30:21 AM",Morning Activity,Workout,,632,1.15,151.0,2,false,,,activities/787688106.fit.gz,,,632.0,340.0,1158.7,7.2,,3.0,,95.0,119.6,48.9,-1.1,,,91.0,61.0,151.0,111.0,,,,,,1.0,,,,,,,,,,,,,0.0,,,,,,,,,,,,,,,,,,,,,,,,,,,,,,,,,,,,,,,,,,,,,,,,,,,,""
714997364,"Sep 17, 2016, 5:42:41 AM",Morning Ride,Ride,,2855,25.04,186.0,49,false,,,activities/787688098.fit.gz,81.0,,2855.0,2855.0,25042.8,16.3,,174.0,,83.4,123.6,6.9,0.0,,,,,186.0,152.0,,229.0,728.0,,,39.0,,,,,,,,,,,,,0.0,,,,,,,,,,,,,,,,,,,,,,,,,,,,,,,,,,,,,,,,,,,,,,,,,,,,""
714996301,"Sep 16, 2016, 5:06:58 AM",Morning Ride,Ride,,9912,65.74,157.0,56,false,,,activities/787686917.fit.gz,81.0,,9912.0,9406.0,65740.3,17.8,,513.0,,22.8,256.6,10.3,0.0,,,,,157.0,122.0,,123.0,,,,56.0,,,,,,,,,,,,,0.0,,,,,,,,,,,,,,,,,,,,,,,,,,,,,,,,,,,,,,,,,,,,,,,,,,,,""
711606323,"Sep 13, 2016, 4:45:42 PM",Channel swimming #3,Swim,"",3635,"4,260",,,false,,,activities/783899904.fit.gz,81.0,,3635.0,3635.0,4259.8,2.1,,0.0,,0.0,0.0,0.0,0.0,,,35.0,28.0,,,,,,,,,,,,,,,,,,,,,0.0,,,,,,,,,,,,,,,,,,,,,,,,,,,,,,,,,,,,,,,,,,,,,,,,,,,,media/7541df10-4640-4a3c-b035-39aba35e3c5d.jpg
711605944,"Sep 13, 2016, 11:47:33 AM",Channel swimming #2,Swim,"",3603,"2,210",,,false,,,activities/783899450.fit.gz,81.0,,3603.0,3603.0,2210.4,7.4,,0.0,,0.0,0.0,0.0,0.0,,,34.0,27.0,,,,,,,,,,,,,,,,,,,,,0.0,,,,,,,,,,,,,,,,,,,,,,,,,,,,,,,,,,,,,,,,,,,,,,,,,,,,media/f2a39ac3-8f47-45e6-a995-1b24a0f9f6fe.jpg
711605782,"Sep 13, 2016, 6:53:17 AM",Channel swimming #1-the start,Swim,"",3232,"3,330",,,false,,,activities/783899285.fit.gz,81.0,,3232.0,3232.0,3329.7,1.9,,0.0,,0.0,0.0,0.0,0.0,,,34.0,30.0,,,,,,,,,,,,,,,,,,,,,0.0,,,,,,,,,,,,,,,,,,,,,,,,,,,,,,,,,,,,,,,,,,,,,,,,,,,,media/77702d41-49d3-4a2d-bf80-a38ecbdfb2ca.jpg
709378240,"Sep 11, 2016, 11:25:04 AM",Lunch Swim in Dover #10,Swim,"",3023,"2,308",,,false,,,activities/781425394.fit.gz,81.0,,3023.0,2417.0,2307.9,2.7,,0.0,,0.0,6.1,0.0,0.0,,,35.0,26.0,,,,,,,,,,,,,,,,,,,,,0.0,,,,,,,,,,,,,,,,,,,,,,,,,,,,,,,,,,,,,,,,,,,,,,,,,,,,""
709378133,"Sep 10, 2016, 12:18:18 PM",Afternoon Swim in Dover #9,Swim,"",2178,"2,036",,,false,,,activities/781425280.fit.gz,81.0,,2178.0,2178.0,2036.2,2.1,,0.0,,0.0,6.0,0.0,0.3,,,32.0,26.0,,,,,,,,,,,,,,,,,,,,,0.0,,,,,,,,,,,,,,,,,,,,,,,,,,,,,,,,,,,,,,,,,,,,,,,,,,,,""
705907583,"Sep 9, 2016, 11:06:03 AM",Lunch Run in Dover(warm up-aerobic),Run,"",966,3.00,,,false,,,activities/777602682.fit.gz,81.0,,966.0,951.0,3003.8,4.8,,16.0,,111.4,118.8,6.2,0.1,,,84.0,78.0,,,,,301.0,,,,,,,,,,,,,,,,0.0,,,,,,,,,,,,,,,,,,,,,,,,,,,,,,,,,,,,,,,,,,,,,,,,,,,,media/44be9622-5bb9-4a5b-96c1-ad94b08bc1a4.jpg
705129496,"Sep 8, 2016, 11:33:29 AM",Lunch Swim-Fast session 2 #8,Swim,"",73,126,,,false,,,activities/776742091.fit.gz,81.0,,73.0,73.0,125.5,3.4,,0.0,,0.0,0.0,0.0,0.0,,,34.0,32.0,,,,,,,,,,,,,,,,,,,,,0.0,,,,,,,,,,,,,,,,,,,,,,,,,,,,,,,,,,,,,,,,,,,,,,,,,,,,""
705129346,"Sep 8, 2016, 11:29:53 AM",Lunch Swim-Fast session 1 #8,Swim,"",160,208,,,false,,,activities/776741908.fit.gz,81.0,,160.0,160.0,208.3,2.0,,0.0,,0.0,0.0,0.0,0.0,,,33.0,30.0,,,,,,,,,,,,,,,,,,,,,0.0,,,,,,,,,,,,,,,,,,,,,,,,,,,,,,,,,,,,,,,,,,,,,,,,,,,,""
705129230,"Sep 8, 2016, 10:42:36 AM",Lunch Swim in Dover #8,Swim,"",2321,"2,201",,,false,,,activities/776741793.fit.gz,81.0,,2321.0,2311.0,2201.0,2.2,,0.0,,0.0,0.0,0.0,0.0,,,33.0,26.0,,,,,,,,,,,,,,,,,,,,,0.0,,,,,,,,,,,,,,,,,,,,,,,,,,,,,,,,,,,,,,,,,,,,,,,,,,,,""
703380499,"Sep 6, 2016, 11:02:39 AM",Lunch Swim in Dover #7,Swim,"",2820,"2,225",,,false,,,activities/774857372.fit.gz,81.0,,2820.0,2803.0,2224.6,2.2,,0.0,,0.0,0.0,0.0,0.0,,,32.0,25.0,,,,,,,,,,,,,,,,,,,,,0.0,,,,,,,,,,,,,,,,,,,,,,,,,,,,,,,,,,,,,,,,,,,,,,,,,,,,media/980e0cc8-f830-40d5-b57b-ff14516d0278.jpg
701580257,"Sep 5, 2016, 11:23:32 AM","Lunch Swim in Dover #6 (rainy,cold)",Swim,"",3005,"2,226",,,false,,,activities/772928822.fit.gz,81.0,,3005.0,3005.0,2225.9,15.1,,0.0,,0.0,0.0,0.0,0.0,,,35.0,25.0,,,,,,,,,,,,,,,,,,,,,0.0,,,,,,,,,,,,,,,,,,,,,,,,,,,,,,,,,,,,,,,,,,,,,,,,,,,,media/5052b54b-7d50-49ff-a654-6b9a3ef67368.jpg|media/01882abd-5963-4eb3-97fd-dddb97f40715.jpg
700616103,"Sep 4, 2016, 2:15:31 PM",Afternoon Swim in Dover #5,Swim,"",3730,"3,213",,,false,,,activities/771886536.fit.gz,81.0,,3730.0,3730.0,3213.3,3.9,,0.0,,0.0,0.0,0.0,0.0,,,40.0,26.0,,,,,,,,,,,,,,,,,,,,,0.0,,,,,,,,,,,,,,,,,,,,,,,,,,,,,,,,,,,,,,,,,,,,,,,,,,,,media/2e525bb1-9a78-4ed7-9b02-e6b97870057c.jpg
700615897,"Sep 4, 2016, 10:08:51 AM",Lunch Swim in Dover #4,Swim,"",3613,"2,615",,,false,,,activities/771886336.fit.gz,81.0,,3613.0,3601.0,2614.7,2.2,,0.0,,0.0,0.0,0.0,0.0,,,40.0,25.0,,,,,,,,,,,,,,,,,,,,,0.0,,,,,,,,,,,,,,,,,,,,,,,,,,,,,,,,,,,,,,,,,,,,,,,,,,,,media/8c61f07d-049b-4f39-b7a6-751d8f9cadc0.jpg
700615652,"Sep 4, 2016, 10:08:36 AM",Lunch Swim,Swim,,0,0,,,false,,,activities/771886066.fit.gz,,,0.0,0.0,0.0,0.0,,0.0,,0.0,0.0,0.0,0.0,,,,,,,,,,,,,,,,,,,,,,,,,0.0,,,,,,,,,,,,,,,,,,,,,,,,,,,,,,,,,,,,,,,,,,,,,,,,,,,,""
698826412,"Sep 3, 2016, 9:09:55 AM",Morning Swim in Dover #3,Swim,"",3669,"2,591",,,false,,,activities/769978533.fit.gz,81.0,,3669.0,3614.0,2591.0,3.5,,0.0,,0.0,5.2,0.0,0.0,,,38.0,26.0,,,,,,,,,,,,,,,,,,,,,0.0,,,,,,,,,,,,,,,,,,,,,,,,,,,,,,,,,,,,,,,,,,,,,,,,,,,,media/b18dcfe5-ebed-4357-924a-289b8f49c1c5.jpg
698048671,"Sep 2, 2016, 4:46:52 PM",Evening Run + strength workout,Run,"",925,3.00,,,false,,,activities/769148247.fit.gz,81.0,,925.0,925.0,3007.3,4.4,,11.0,,123.0,138.8,4.0,0.1,,,88.0,81.0,,,,,,,,,,,,,,,,,,,,,0.0,,,,,,,,,,,,,,,,,,,,,,,,,,,,,,,,,,,,,,,,,,,,,,,,,,,,""
698048543,"Sep 2, 2016, 10:06:07 AM",Lunch Swim in Dover #2,Swim,"",3658,"2,986",,,false,,,activities/769148102.fit.gz,81.0,,3658.0,3607.0,2986.0,2.6,,0.0,,0.0,0.0,0.0,0.0,,,37.0,25.0,,,,,,,,,,,,,,,,,,,,,0.0,,,,,,,,,,,,,,,,,,,,,,,,,,,,,,,,,,,,,,,,,,,,,,,,,,,,media/7277b66d-f310-478e-b065-253efe4286f7.jpg
697603565,"Sep 1, 2016, 4:23:14 PM",Afternoon Swim in Dover #1,Swim,"",2104,"1,486",,,false,,,activities/768670288.fit.gz,81.0,,2104.0,2006.0,1485.5,3.8,,0.0,,0.0,0.0,0.0,0.0,,,37.0,27.0,,,,,,,,,,,,,,,,,,,,,0.0,,,,,,,,,,,,,,,,,,,,,,,,,,,,,,,,,,,,,,,,,,,,,,,,,,,,media/4c061d7c-b871-429a-ad60-2fe59656830a.jpg
696671530,"Aug 31, 2016, 3:01:12 PM",Last Ride before going to England,Ride,"",2959,25.45,183.0,28,false,,,activities/767670546.fit.gz,81.0,,2959.0,2959.0,25454.5,14.2,,148.0,,39.8,141.6,6.9,0.0,,,,,183.0,138.0,,188.0,621.0,,,28.0,,,,,,,,,,,,,0.0,,,,,,,,,,,,,,,,,,,,,,,,,,,,,,,,,,,,,,,,,,,,,,,,,,,,""
695172054,"Aug 31, 2016, 3:41:37 AM",6. Geleneksel Muflon Kosusu(rahat nabiz yokus ve inis),Run,"",2757,7.00,171.0,18,false,,,activities/765986797.fit.gz,81.0,,2757.0,2748.0,7003.2,3.9,,167.0,,22.6,199.6,29.6,0.0,,,87.0,74.0,171.0,137.0,,,,,,18.0,,,,,,,,,,,,,0.0,,,,,,,,,,,,,,,,,,,,,,,,,,,,,,,,,,,,,,,,,,,,,,,,,,,,""
694590686,"Aug 30, 2016, 4:17:25 PM",Brick Run,Run,"",1082,3.65,180.0,27,false,,,activities/765333824.fit.gz,81.0,,1082.0,1050.0,3657.0,4.3,,9.0,,5.2,9.6,7.7,0.0,,,90.0,80.0,180.0,162.0,,,,,,27.0,,,,,,,,,,,,,0.0,,,,,,,,,,,,,,,,,,,,,,,,,,,,,,,,,,,,,,,,,,,,,,,,,,,,""
694590681,"Aug 30, 2016, 4:03:27 PM",Brick Transition,Workout,"",833,2.26,143.0,3,false,,,activities/765333822.fit.gz,81.0,,833.0,720.0,2262.7,7.0,,14.0,,9.0,22.6,33.3,-0.5,,,82.0,59.0,143.0,114.0,,,,,,3.0,,,,,,,,,,,,,0.0,,,,,,,,,,,,,,,,,,,,,,,,,,,,,,,,,,,,,,,,,,,,,,,,,,,,""
694590701,"Aug 30, 2016, 3:03:15 PM",Brick Ride,Ride,"",3609,31.94,185.0,43,false,,,activities/765333808.fit.gz,81.0,,3609.0,3593.0,31942.8,13.8,,129.0,,11.4,110.8,30.8,0.0,,,,,185.0,142.0,,193.0,771.0,,,43.0,,,,,,,,,,,,,0.0,,,,,,,,,,,,,,,,,,,,,,,,,,,,,,,,,,,,,,,,,,,,,,,,,,,,""
694067073,"Aug 30, 2016, 6:35:38 AM",Yesilirmak-Aspava(distance is wrong because the gps signal didnt work very well and i lost it while swimming)distance is about 6500-7000 meters,Swim,"",7817,"5,548",,,false,,,activities/764765189.fit.gz,81.0,,7817.0,7594.0,5547.6,5.8,,0.0,,0.0,7.9,0.0,0.1,,,28.0,25.0,,,,,,,,,,,,,,,,,,,,,0.0,,,,,,,,,,,,,,,,,,,,,,,,,,,,,,,,,,,,,,,,,,,,,,,,,,,,""
694066823,"Aug 29, 2016, 2:57:49 PM",Afternoon Ride,Ride,,3908,33.11,,,false,,,activities/764764875.fit.gz,81.0,,3908.0,3908.0,33109.1,11.8,,183.0,,49.8,141.6,8.6,0.0,,,,,,,,183.0,,,,,,,,,,,,,,,,,0.0,,,,,,,,,,,,,,,,,,,,,,,,,,,,,,,,,,,,,,,,,,,,,,,,,,,,""
691548868,"Aug 28, 2016, 5:37:03 AM",Aquatlon Run 2,Run,"",661,2.51,189.0,41,false,,,activities/762048479.fit.gz,81.0,,661.0,661.0,2515.5,4.4,,26.0,,22.6,36.8,7.3,0.1,,,89.0,81.0,189.0,185.0,,,253.0,,,41.0,,,,,,,,,,,,,0.0,,,,,,,,,,,,,,,,,,,,,,,,,,,,,,,,,,,,,,,,,,,,,,,,,,,,""
691548857,"Aug 28, 2016, 5:36:38 AM",Aquatlon transition 2,Workout,"",24,0.02,183.0,0,false,,,activities/762048475.fit.gz,81.0,,24.0,24.0,21.7,1.6,,21.0,,-2.2,21.4,34.0,105.1,,,76.0,74.0,183.0,181.0,,,,,,0.0,,,,,,,,,,,,,0.0,,,,,,,,,,,,,,,,,,,,,,,,,,,,,,,,,,,,,,,,,,,,,,,,,,,,""
691548854,"Aug 28, 2016, 5:21:21 AM",Aquatlon Swim,Swim,Race,921,"1,031",,,false,,,activities/762048468.fit.gz,81.0,,921.0,921.0,1030.9,1.8,,0.0,,-34.6,-34.6,0.0,0.0,,,30.0,28.0,,,,,,,,,,,,,,,,,,,,,0.0,,,,,,,,,,,,,,,,,,,,,,,,,,,,,,,,,,,,,,,,,,,,,,,,,,,,""
691548851,"Aug 28, 2016, 5:21:03 AM",Aquatlon transition 1,Workout,"",12,0.01,182.0,0,false,,,activities/762048466.fit.gz,81.0,,12.0,12.0,16.6,1.7,,0.0,,1.8,3.2,-3.6,-8.4,,,76.0,76.0,182.0,181.0,,,,,,0.0,,,,,,,,,,,,,0.0,,,,,,,,,,,,,,,,,,,,,,,,,,,,,,,,,,,,,,,,,,,,,,,,,,,,""
691548853,"Aug 28, 2016, 5:11:18 AM",Aquatlon Run 1,Run,"",579,2.47,187.0,30,false,,,activities/762048462.fit.gz,81.0,,579.0,576.0,2475.1,4.8,,18.0,,3.6,14.6,6.8,0.0,,,91.0,83.0,187.0,181.0,,,,,,30.0,,,,,,,,,,,,,0.0,,,,,,,,,,,,,,,,,,,,,,,,,,,,,,,,,,,,,,,,,,,,,,,,,,,,""
690301528,"Aug 27, 2016, 6:05:53 AM",Easy pre race swim,Swim,"",1452,"1,173",,,false,,,activities/760709821.fit.gz,81.0,,1452.0,1361.0,1172.7,1.8,,0.0,,0.0,5.4,0.0,-0.1,,,29.0,24.0,,,,,,,,,,,,,,,,,,,,,0.0,,,,,,,,,,,,,,,,,,,,,,,,,,,,,,,,,,,,,,,,,,,,,,,,,,,,""
688656830,"Aug 25, 2016, 2:20:22 PM",Research Swim for fishing around rocks,Swim,"",653,568,,,false,,,activities/758936358.fit.gz,81.0,,653.0,634.0,568.4,4.7,,0.0,,4.0,12.8,0.0,1.3,,,29.0,24.0,,,,,,,,,,,,,,,,,,,,,0.0,,,,,,,,,,,,,,,,,,,,,,,,,,,,,,,,,,,,,,,,,,,,,,,,,,,,""
688118452,"Aug 25, 2016, 3:31:44 AM",Easy run for recovery-April Joke Route,Run,"",2604,7.00,161.0,16,false,,,activities/758355023.fit.gz,81.0,,2604.0,2573.0,7000.3,3.2,,63.0,,0.6,28.6,10.1,0.0,,,84.0,78.0,161.0,140.0,,,703.0,,,16.0,,,,,,,,,,,,,0.0,,,,,,,,,,,,,,,,,,,,,,,,,,,,,,,,,,,,,,,,,,,,,,,,,,,,""
687514622,"Aug 24, 2016, 4:15:26 PM",Recovery Swim after ride,Swim,"",600,537,,,false,,,activities/757716370.fit.gz,81.0,,600.0,553.0,536.8,1.8,,0.0,,0.0,7.0,0.0,-0.3,,,30.0,25.0,,,,,,,,,,,,,,,,,,,,,0.0,,,,,,,,,,,,,,,,,,,,,,,,,,,,,,,,,,,,,,,,,,,,,,,,,,,,""
687406925,"Aug 24, 2016, 2:22:45 PM",Kaplica-Buyukkonuk(Windy -Hilly ride),Ride,"",3441,24.78,183.0,67,false,,,activities/757602692.fit.gz,81.0,,3441.0,3441.0,24784.4,17.9,,470.0,,4.2,275.8,14.4,0.0,,,,,183.0,153.0,,206.0,789.0,,,67.0,,,,,,,,,,,,,0.0,,,,,,,,,,,,,,,,,,,,,,,,,,,,,,,,,,,,,,,,,,,,,,,,,,,,""
686205240,"Aug 23, 2016, 2:34:21 PM",Run-warm up/4x800/-warm down,Run,"",3172,5.99,192.0,35,false,,,activities/756325002.fit.gz,81.0,,3172.0,1811.0,5998.5,6.2,,8.0,,42.8,46.8,9.3,0.0,,,95.0,79.0,192.0,157.0,,,598.0,,,35.0,,,,,,,,,,,,,0.0,,,,,,,,,,,,,,,,,,,,,,,,,,,,,,,,,,,,,,,,,,,,,,,,,,,,""
683284609,"Aug 21, 2016, 3:33:26 AM",Morning Road Run-%90 Aerobic 1-%10 Aerobic 2,Run,"",3194,10.34,177.0,72,false,,,activities/753182626.fit.gz,81.0,,3194.0,3155.0,10348.2,3.9,,37.0,,62.6,102.4,11.5,0.0,,,97.0,80.0,177.0,160.0,,,,,,72.0,,,,,,,,,,,,,0.0,,,,,,,,,,,,,,,,,,,,,,,,,,,,,,,,,,,,,,,,,,,,,,,,,,,,""
682164981,"Aug 20, 2016, 3:02:32 AM",Morning Ride-(Windy conditions),Ride,"",4653,40.73,169.0,45,false,,,activities/751976524.fit.gz,81.0,,4653.0,4653.0,40730.0,14.4,,271.0,,45.8,181.6,6.7,0.0,,,95.0,77.0,169.0,145.0,,189.0,979.0,,,45.0,,,,,,,,,,,,,0.0,,,,,,,,,,,,,,,,,,,,,,,,,,,,,,,,,,,,,,,,,,,,,,,,,,,,""
680091537,"Aug 18, 2016, 3:32:07 AM",5. Geleneksel Muflon Kosusu,Run,"",2948,8.20,183.0,86,false,,,activities/749723855.fit.gz,81.0,,2948.0,2683.0,8201.5,4.9,,208.0,,30.0,246.8,30.8,0.0,,,128.0,80.0,183.0,155.0,,,,,,86.0,,,,,,,,,,,,,0.0,,,,,,,,,,,,,,,,,,,,,,,,,,,,,,,,,,,,,,,,,,,,,,,,,,,,""
679506657,"Aug 17, 2016, 2:39:19 PM",Swim-warm up+10x50/12x25/2x100,Swim,"",4012,"2,025",,,false,,,activities/749099078.fit.gz,81.0,,4012.0,1799.0,2025.0,3.1,,0.0,,,,0.0,0.0,,,31.0,23.0,,,,,,,,,,,,,,,,,,,,,0.0,,,,,,,,,,,,,,,,,,,,,,,,,,,,,,,,,,,,,,,,,,,,,,,,,,,,""
678272980,"Aug 16, 2016, 3:54:31 PM",2nd brick run-4x400 + cool down-not so fast-new vo2max,Run,"",539,1.75,182.0,11,false,,,activities/747764273.fit.gz,81.0,,539.0,499.0,1756.1,5.4,,3.0,,33.4,36.0,12.2,0.0,,,109.0,81.0,182.0,157.0,,,175.0,,,11.0,,,,,,,,,,,,,0.0,,,,,,,,,,,,,,,,,,,,,,,,,,,,,,,,,,,,,,,,,,,,,,,,,,,,""
678272971,"Aug 16, 2016, 3:45:29 PM",2nd brick transition,Workout,"",541,0.93,149.0,1,false,,,activities/747764268.fit.gz,81.0,,541.0,322.0,932.0,8.0,,12.6,,27.4,35.6,13.8,0.3,,,72.0,56.0,149.0,121.0,,,,,,1.0,,,,,,,,,,,,,0.0,,,,,,,,,,,,,,,,,,,,,,,,,,,,,,,,,,,,,,,,,,,,,,,,,,,,""
678273083,"Aug 16, 2016, 3:18:12 PM",2nd Brick ride-windy-not so fast,Ride,"",1635,14.56,176.0,22,false,,,activities/747764259.fit.gz,81.0,,1635.0,1635.0,14562.3,11.5,,78.0,,28.2,103.4,19.8,0.0,,,90.0,77.0,176.0,145.0,,209.0,,,,22.0,,,,,,,,,,,,,0.0,,,,,,,,,,,,,,,,,,,,,,,,,,,,,,,,,,,,,,,,,,,,,,,,,,,,""
677062079,"Aug 15, 2016, 3:56:00 PM",Brick Run-4x400 +cool down,Run,"",600,1.86,186.0,13,false,,,activities/746451317.fit.gz,81.0,,600.0,558.0,1862.1,5.1,,3.0,,39.6,42.2,25.0,0.0,,,89.0,76.0,186.0,159.0,,,,,,13.0,,,,,,,,,,,,,0.0,,,,,,,,,,,,,,,,,,,,,,,,,,,,,,,,,,,,,,,,,,,,,,,,,,,,""
677062070,"Aug 15, 2016, 3:44:50 PM",Brick transition,Workout,"",668,0.99,174.0,2,false,,,activities/746451315.fit.gz,81.0,,668.0,385.0,989.8,7.5,,14.8,,34.4,44.2,40.0,0.0,,,84.0,56.0,174.0,127.0,,,,,,2.0,,,,,,,,,,,,,0.0,,,,,,,,,,,,,,,,,,,,,,,,,,,,,,,,,,,,,,,,,,,,,,,,,,,,""
677062074,"Aug 15, 2016, 3:12:43 PM",Brick Ride,Ride,"",1926,18.86,184.0,62,false,,,activities/746451310.fit.gz,81.0,,1926.0,1926.0,18864.0,14.1,,93.0,,37.4,111.4,9.1,0.0,,,111.0,80.0,184.0,168.0,,255.0,547.0,,,62.0,,,,,,,,,,,,,0.0,,,,,,,,,,,,,,,,,,,,,,,,,,,,,,,,,,,,,,,,,,,,,,,,,,,,""
674067499,"Aug 13, 2016, 6:59:05 AM",Maramonte yaris,Swim,Race,1749,"1,941",,,false,,,activities/743199654.fit.gz,81.0,,1749.0,1749.0,1940.7,2.0,,0.0,,0.0,12.7,0.0,0.0,,,33.0,28.0,,,,,,,,,,,,,,,,,,,,,0.0,,,,,,,,,,,,,,,,,,,,,,,,,,,,,,,,,,,,,,,,,,,,,,,,,,,,""
673013527,"Aug 12, 2016, 3:12:08 AM",Easy ride before swimming race,Ride,"",4617,36.62,,,false,,,activities/742040789.fit.gz,81.0,,4617.0,4562.0,36622.6,12.0,,188.0,,48.0,148.2,5.9,0.0,,,98.0,76.0,,,,147.0,,,,,,,,,,,,,,,,,0.0,,,,,,,,,,,,,,,,,,,,,,,,,,,,,,,,,,,,,,,,,,,,,,,,,,,,""
671925036,"Aug 11, 2016, 3:35:38 AM",4. Geleneksel Muflon kosusu,Run,"",2604,7.46,189.0,68,false,,,activities/740856751.fit.gz,81.0,,2604.0,2448.0,7461.1,5.5,,190.0,,33.6,237.8,23.8,-0.1,,,119.0,78.0,189.0,164.0,,,779.0,,,68.0,,,,,,,,,,,,,0.0,,,,,,,,,,,,,,,,,,,,,,,,,,,,,,,,,,,,,,,,,,,,,,,,,,,,""
671924839,"Aug 10, 2016, 3:13:58 PM",Sets: 2x1000(paddles),Swim,"",4368,"3,025",,,false,,,activities/740856530.fit.gz,81.0,,4368.0,3226.0,3025.0,2.8,,0.0,,,,0.0,0.0,,,28.0,20.0,,,,,,,,,,,,,,,,,,,,,0.0,,,,,,,,,,,,,,,,,,,,,,,,,,,,,,,,,,,,,,,,,,,,,,,,,,,,""
670814346,"Aug 10, 2016, 3:09:56 AM",Morning Ride,Ride,,4567,38.29,175.0,34,false,,,activities/739652655.fit.gz,81.0,,4567.0,4567.0,38295.9,14.5,,204.0,,37.6,146.6,18.6,0.0,,,96.0,77.0,175.0,127.0,,167.0,,,,34.0,,,,,,,,,,,,,0.0,,,,,,,,,,,,,,,,,,,,,,,,,,,,,,,,,,,,,,,,,,,,,,,,,,,,""
670192083,"Aug 9, 2016, 3:14:41 PM",Intervals-4x100/2x1000,Run,"",3894,6.18,185.0,64,false,,,activities/738985435.fit.gz,81.0,,3894.0,2830.0,6187.4,6.2,,3.0,,39.2,42.8,9.2,0.0,,,128.0,74.0,185.0,148.0,,,616.0,,,64.0,,,,,,,,,,,,,0.0,,,,,,,,,,,,,,,,,,,,,,,,,,,,,,,,,,,,,,,,,,,,,,,,,,,,""
669076089,"Aug 8, 2016, 3:13:10 PM",3125 m-#10x50/100-200-300(x2)/10x50#,Swim,"",5393,"3,125",,,false,,,activities/737771891.fit.gz,81.0,,5393.0,2780.0,3125.0,10.5,,0.0,,,,0.0,0.0,,,27.0,23.0,,,,,,,,,,,,,,,,,,,,,0.0,,,,,,,,,,,,,,,,,,,,,,,,,,,,,,,,,,,,,,,,,,,,,,,,,,,,""
667204216,"Aug 7, 2016, 3:18:54 AM",Kucuk erenkoy-kaplica-kucuk erenkoy,Ride,"",6004,46.64,178.0,66,false,,,activities/735739238.fit.gz,81.0,,6004.0,5304.0,46639.3,15.9,,447.0,,7.8,64.6,12.7,0.0,,,106.0,78.0,178.0,152.0,,200.0,1180.0,,,66.0,,,,,,,,,,,,,0.0,,,,,,,,,,,,,,,,,,,,,,,,,,,,,,,,,,,,,,,,,,,,,,,,,,,,media/ef357fd9-1fee-4ff9-af67-179e0497cb3d.jpg
667203853,"Aug 6, 2016, 3:39:08 AM",Morning Run,Run,,2214,6.00,183.0,51,false,,,activities/735738868.fit.gz,81.0,,2214.0,2205.0,6003.1,4.6,,54.0,,26.0,63.2,11.4,0.0,,,84.0,73.0,183.0,144.0,,,,,,51.0,,,,,,,,,,,,,0.0,,,,,,,,,,,,,,,,,,,,,,,,,,,,,,,,,,,,,,,,,,,,,,,,,,,,""
667203669,"Aug 5, 2016, 3:00:22 PM",Evening Swim,Swim,,539,418,,,false,,,activities/735738679.fit.gz,,,539.0,468.0,418.0,2.7,,0.0,,,,0.0,0.0,,,22.0,20.0,,,,,,,,,,,,,,,,,,,,,0.0,,,,,,,,,,,,,,,,,,,,,,,,,,,,,,,,,,,,,,,,,,,,,,,,,,,,""
665016138,"Aug 5, 2016, 3:06:37 AM",Morning Ride,Ride,"",7243,58.37,184.0,75,false,,,activities/733350279.fit.gz,81.0,,7243.0,7243.0,58374.4,20.2,,495.0,,33.4,275.2,13.1,0.0,,,126.0,74.0,184.0,138.0,,176.0,1423.0,,,75.0,,,,,,,,,,,,,0.0,,,,,,,,,,,,,,,,,,,,,,,,,,,,,,,,,,,,,,,,,,,,,,,,,,,,media/041547eb-8bc4-4944-a2b8-8fe260f6f926.jpg
664403140,"Aug 4, 2016, 4:01:03 PM",Easy on flat-going hard on hill,Run,"


",1840,4.87,190.0,28,false,,,activities/732688938.fit.gz,81.0,,1840.0,1821.0,4873.7,3.8,,95.0,,67.8,140.0,16.6,0.0,,,96.0,76.0,190.0,151.0,,,499.0,,,28.0,,,,,,,,,,,,,0.0,,,,,,,,,,,,,,,,,,,,,,,,,,,,,,,,,,,,,,,,,,,,,,,,,,,,""
662711728,"Aug 3, 2016, 2:50:43 AM",Morning Ride,Ride,,4691,35.10,175.0,30,false,,,activities/730860874.fit.gz,81.0,,4691.0,4607.0,35103.0,14.8,,145.0,,18.4,106.8,8.1,0.0,,,101.0,74.0,175.0,120.0,,149.0,767.0,,,30.0,,,,,,,,,,,,,0.0,,,,,,,,,,,,,,,,,,,,,,,,,,,,,,,,,,,,,,,,,,,,,,,,,,,,""
662711522,"Aug 2, 2016, 3:17:52 PM",Evening Run,Run,,3385,9.58,189.0,91,false,,,activities/730860623.fit.gz,81.0,,3385.0,3313.0,9579.8,5.1,,32.0,,2.4,17.4,16.0,0.1,,,113.0,76.0,189.0,164.0,,,,,,91.0,,,,,,,,,,,,,0.0,,,,,,,,,,,,,,,,,,,,,,,,,,,,,,,,,,,,,,,,,,,,,,,,,,,,""
660617981,"Aug 1, 2016, 3:37:49 AM",Morning Ride,Ride,"",16402,101.13,181.0,132,false,,,activities/728615297.fit.gz,81.0,,16402.0,14589.0,101136.4,18.2,,1107.0,,15.2,393.2,15.6,0.0,,,111.0,69.0,181.0,135.0,,152.0,,,,132.0,,,,,,,,,,,,,0.0,,,,,,,,,,,,,,,,,,,,,,,,,,,,,,,,,,,,,,,,,,,,,,,,,,,,media/3499e41a-2901-4c55-bc14-4eaa801e1a21.jpg
660250079,"Jul 31, 2016, 4:32:00 PM",Evening Run,Run,,852,2.54,188.0,22,false,,,activities/727728840.fit.gz,81.0,,852.0,791.0,2544.8,5.3,,2.0,,53.4,56.0,6.5,0.0,,,89.0,74.0,188.0,164.0,,,,,,22.0,,,,,,,,,,,,,0.0,,,,,,,,,,,,,,,,,,,,,,,,,,,,,,,,,,,,,,,,,,,,,,,,,,,,""
660250092,"Jul 31, 2016, 4:30:19 PM",Evening Activity,Workout,,100,0.04,145.0,0,false,,,activities/727728837.fit.gz,,,100.0,21.0,39.8,4.0,,0.0,,53.4,54.8,4.8,1.5,,,76.0,52.0,145.0,129.0,,,,,,0.0,,,,,,,,,,,,,0.0,,,,,,,,,,,,,,,,,,,,,,,,,,,,,,,,,,,,,,,,,,,,,,,,,,,,""
660250085,"Jul 31, 2016, 3:33:49 PM",Evening Ride,Ride,,3385,28.11,172.0,26,false,,,activities/727728833.fit.gz,81.0,,3385.0,3385.0,28111.7,14.0,,159.0,,46.2,139.8,6.4,-0.1,,,102.0,78.0,172.0,136.0,,164.0,620.0,,,26.0,,,,,,,,,,,,,0.0,,,,,,,,,,,,,,,,,,,,,,,,,,,,,,,,,,,,,,,,,,,,,,,,,,,,""
658026210,"Jul 30, 2016, 3:31:47 AM",2. Geleneksel Muflon Kosusu,Run,"",2780,7.72,184.0,55,false,,,activities/725361084.fit.gz,81.0,,2780.0,2673.0,7719.7,4.9,,191.0,,30.8,233.4,24.6,0.0,,,128.0,77.0,184.0,157.0,,,807.0,,,55.0,,,,,,,,,,,,,0.0,,,,,,,,,,,,,,,,,,,,,,,,,,,,,,,,,,,,,,,,,,,,,,,,,,,,media/fe9286c8-f2b4-4eb9-945b-5bea590774ed.jpg
657084228,"Jul 29, 2016, 3:03:57 AM",Easy test ride for the tarmac,Ride,"",5691,46.06,,,false,,,activities/724349789.fit.gz,81.0,,5691.0,5241.0,46062.8,11.8,,183.0,,1.4,87.6,12.1,0.0,,,98.0,76.0,,,,178.0,1042.0,,,,,,,,,,,,,,,,0.0,,,,,,,,,,,,,,,,,,,,,,,,,,,,,,,,,,,,,,,,,,,,,,,,,,,,""
657083944,"Jul 28, 2016, 6:22:28 AM",Morning Swim,Swim,,1047,961,,,false,,,activities/724349491.fit.gz,,,1047.0,985.0,961.2,1.7,,0.0,,0.0,5.6,0.0,-0.1,,,30.0,25.0,,,,,,,,,,,,,,,,,,,,,0.0,,,,,,,,,,,,,,,,,,,,,,,,,,,,,,,,,,,,,,,,,,,,,,,,,,,,""
656002654,"Jul 28, 2016, 4:08:26 AM",Morning Run,Run,,2794,7.31,194.0,57,false,,,activities/723188684.fit.gz,81.0,,2794.0,2779.0,7312.6,4.0,,134.0,,65.2,133.2,19.6,0.0,,,109.0,77.0,194.0,156.0,,,,,,57.0,,,,,,,,,,,,,0.0,,,,,,,,,,,,,,,,,,,,,,,,,,,,,,,,,,,,,,,,,,,,,,,,,,,,""
656002645,"Jul 27, 2016, 3:23:31 PM",Evening Swim,Swim,,4387,"2,000",,,false,,,activities/723188676.fit.gz,,,4387.0,1801.0,2000.0,3.6,,0.0,,,,0.0,0.0,,,29.0,22.0,,,,,,,,,,,,,,,,,,,,,0.0,,,,,,,,,,,,,,,,,,,,,,,,,,,,,,,,,,,,,,,,,,,,,,,,,,,,""
656002639,"Jul 22, 2016, 4:15:30 PM",Evening Run,Run,"",2238,6.83,180.0,49,false,,,activities/723188667.fit.gz,81.0,,2238.0,2160.0,6837.0,6.0,,6.0,,47.8,50.4,3.4,0.0,,,113.0,78.0,180.0,160.0,,,680.0,,,79.0,,,,,,,,,,,,,0.0,,,,,,,,,,,,,,,,,,,,,,,,,,,,,,,,,,,,,,,,,,,,,,,,,,,,""
646368842,"Jul 19, 2016, 4:02:32 PM",Evening Run,Run,,908,1.95,138.0,3,false,,,activities/712868620.fit.gz,81.0,,908.0,892.0,1958.7,2.9,,1.0,,42.8,44.6,6.7,0.1,,,82.0,77.0,138.0,129.0,,,,,,13.0,,,,,,,,,,,,,0.0,,,,,,,,,,,,,,,,,,,,,,,,,,,,,,,,,,,,,,,,,,,,,,,,,,,,""
646368824,"Jul 19, 2016, 3:31:17 PM",Evening Run,Run,,300,0.51,149.0,1,false,,,activities/712868581.fit.gz,81.0,,300.0,225.0,517.6,2.9,,1.0,,43.0,44.2,18.2,0.0,,,79.0,71.0,149.0,139.0,,,52.0,,,3.0,,,,,,,,,,,,,0.0,,,,,,,,,,,,,,,,,,,,,,,,,,,,,,,,,,,,,,,,,,,,,,,,,,,,""
644026534,"Jul 17, 2016, 5:51:22 AM",Aspava olympic triathlon  Run,Run,Süründük,3255,9.56,188.0,222,false,,,activities/710368754.fit.gz,81.0,,3255.0,3240.0,9564.3,4.1,,125.0,,21.2,45.4,21.0,0.0,,,88.0,77.0,188.0,178.0,,,,,,222.0,,,,,,,,,,,,,0.0,,,,,,,,,,,,,,,,,,,,,,,,,,,,,,,,,,,,,,,,,,,,,,,,,,,,""
644026508,"Jul 17, 2016, 5:50:48 AM",Morning Activity,Workout,"",32,0.00,154.0,0,false,,,activities/710368751.fit.gz,81.0,,32.0,0.0,1.2,0.1,,0.0,,22.0,22.4,25.0,0.0,,,83.0,0.0,154.0,0.0,,,,,,0.0,,,,,,,,,,,,,0.0,,,,,,,,,,,,,,,,,,,,,,,,,,,,,,,,,,,,,,,,,,,,,,,,,,,,""
644026521,"Jul 17, 2016, 4:38:22 AM",Aspava olympic triathlon bike,Ride,"",4342,40.10,181.0,148,false,,,activities/710368747.fit.gz,81.0,,4342.0,4342.0,40102.3,13.8,,129.0,,19.6,46.6,23.1,0.0,,,,,181.0,170.0,,205.0,993.0,,,148.0,,,,,,,,,,,,,0.0,,,,,,,,,,,,,,,,,,,,,,,,,,,,,,,,,,,,,,,,,,,,,,,,,,,,""
644026485,"Jul 17, 2016, 4:37:13 AM",Morning Activity,Workout,"",66,0.05,162.0,0,false,,,activities/710368742.fit.gz,81.0,,66.0,66.0,49.6,2.2,,66.2,,-31.2,35.0,49.2,133.5,,,83.0,73.0,162.0,95.0,,,,,,0.0,,,,,,,,,,,,,0.0,,,,,,,,,,,,,,,,,,,,,,,,,,,,,,,,,,,,,,,,,,,,,,,,,,,,""
644026478,"Jul 17, 2016, 4:12:45 AM",Aspava olympic triathlon swim,Swim,"",1467,"1,632",,,false,,,activities/710368732.fit.gz,81.0,,1467.0,1467.0,1631.7,2.1,,0.0,,-126.8,-126.8,0.0,0.0,,,34.0,28.0,,,,,,,,,,,,,,,,,,,,,0.0,,,,,,,,,,,,,,,,,,,,,,,,,,,,,,,,,,,,,,,,,,,,,,,,,,,,""
641913534,"Jul 14, 2016, 5:46:24 PM",Easy nighty night swim,Swim,"",1449,919,,,false,,,activities/708113353.fit.gz,81.0,,1449.0,1344.0,918.8,2.0,,0.0,,0.0,2.6,0.0,-0.1,,,44.0,24.0,,,,,,,,,,,,,,,,,,,,,0.0,,,,,,,,,,,,,,,,,,,,,,,,,,,,,,,,,,,,,,,,,,,,,,,,,,,,""
641913532,"Jul 13, 2016, 3:05:18 PM",Evening Ride,Ride,,4310,31.74,177.0,29,false,,,activities/708113330.fit.gz,81.0,,4310.0,4310.0,31742.8,16.6,,174.0,,52.8,123.6,25.6,0.0,,,,,177.0,128.0,,150.0,722.0,,,29.0,,,,,,,,,,,,,0.0,,,,,,,,,,,,,,,,,,,,,,,,,,,,,,,,,,,,,,,,,,,,,,,,,,,,""
641913504,"Jul 12, 2016, 4:09:41 AM",Morning Run,Run,,1747,3.82,189.0,49,false,,,activities/708113309.fit.gz,81.0,,1747.0,1119.0,3820.4,5.6,,2.0,,43.4,46.4,8.5,0.0,,,128.0,76.0,189.0,158.0,,,381.0,,,49.0,,,,,,,,,,,,,0.0,,,,,,,,,,,,,,,,,,,,,,,,,,,,,,,,,,,,,,,,,,,,,,,,,,,,""
641913478,"Jul 12, 2016, 3:40:03 AM",Morning Run,Run,,1669,3.63,185.0,13,false,,,activities/708113269.fit.gz,81.0,,1669.0,1204.0,3636.5,6.5,,2.0,,43.8,46.2,17.4,0.0,,,128.0,80.0,185.0,140.0,,,,,,13.0,,,,,,,,,,,,,0.0,,,,,,,,,,,,,,,,,,,,,,,,,,,,,,,,,,,,,,,,,,,,,,,,,,,,""
638053942,"Jul 11, 2016, 2:51:18 AM",Morning Ride,Ride,"",6091,43.12,179.0,49,false,,,activities/704016417.fit.gz,81.0,,6091.0,5733.0,43127.5,15.7,,414.0,,35.8,265.4,9.1,-0.1,,,,,179.0,129.0,,162.0,,,,49.0,,,,,,,,,,,,,0.0,,,,,,,,,,,,,,,,,,,,,,,,,,,,,,,,,,,,,,,,,,,,,,,,,,,,""
635935508,"Jul 10, 2016, 6:38:37 AM",Morning Run,Run,,1464,4.32,172.0,42,false,,,activities/700451761.fit.gz,81.0,,1464.0,1464.0,4328.1,3.6,,43.0,,24.2,48.6,9.5,-0.1,,,90.0,79.0,172.0,165.0,,,433.0,,,42.0,,,,,,,,,,,,,0.0,,,,,,,,,,,,,,,,,,,,,,,,,,,,,,,,,,,,,,,,,,,,,,,,,,,,""
635935501,"Jul 10, 2016, 6:35:26 AM",Morning Activity,Workout,,190,0.08,143.0,0,false,,,activities/700451758.fit.gz,,,190.0,126.0,82.5,1.6,,0.0,,24.8,27.2,11.1,1.7,,,79.0,62.0,143.0,129.0,,,,,,0.0,,,,,,,,,,,,,0.0,,,,,,,,,,,,,,,,,,,,,,,,,,,,,,,,,,,,,,,,,,,,,,,,,,,,""
635935513,"Jul 10, 2016, 5:23:44 AM",Morning Ride,Ride,,4300,39.36,178.0,44,false,,,activities/700451755.fit.gz,81.0,,4300.0,4300.0,39365.5,11.1,,120.0,,23.6,74.8,4.9,0.0,,,,,178.0,148.0,,196.0,,,,44.0,,,,,,,,,,,,,0.0,,,,,,,,,,,,,,,,,,,,,,,,,,,,,,,,,,,,,,,,,,,,,,,,,,,,""
635935499,"Jul 10, 2016, 5:17:41 AM",Morning Activity,Workout,,362,0.28,141.0,0,false,,,activities/700451747.fit.gz,,,362.0,204.0,285.1,4.3,,35.0,,26.0,45.8,43.9,2.2,,,63.0,58.0,141.0,112.0,,,,,,0.0,,,,,,,,,,,,,0.0,,,,,,,,,,,,,,,,,,,,,,,,,,,,,,,,,,,,,,,,,,,,,,,,,,,,""
635935506,"Jul 10, 2016, 4:47:22 AM",Morning Swim,Swim,,1818,"1,667",,,false,,,activities/700451741.fit.gz,,,1818.0,1735.0,1667.0,1.8,,0.0,,6.8,6.8,0.0,0.0,,,31.0,26.0,,,,,,,,,,,,,,,,,,,,,0.0,,,,,,,,,,,,,,,,,,,,,,,,,,,,,,,,,,,,,,,,,,,,,,,,,,,,""
635358609,"Jul 8, 2016, 3:04:50 PM",Evening Run,Run,,2849,8.26,181.0,103,false,,,activities/699324203.fit.gz,81.0,,2849.0,2831.0,8259.9,4.2,,154.0,,64.0,132.0,19.0,0.1,,,90.0,79.0,181.0,159.0,,,,,,103.0,,,,,,,,,,,,,0.0,,,,,,,,,,,,,,,,,,,,,,,,,,,,,,,,,,,,,,,,,,,,,,,,,,,,""
635358553,"Jul 8, 2016, 6:18:23 AM",Morning Swim,Swim,,1730,"1,578",,,false,,,activities/699324136.fit.gz,,,1730.0,1610.0,1578.1,2.0,,0.0,,0.0,6.0,0.0,0.1,,,33.0,25.0,,,,,,,,,,,,,,,,,,,,,0.0,,,,,,,,,,,,,,,,,,,,,,,,,,,,,,,,,,,,,,,,,,,,,,,,,,,,""
635366062,"Jul 7, 2016, 2:56:56 PM",Afternoon Ride,Ride,,6914,55.25,178.0,66,false,,,activities/699324093.fit.gz,81.0,,6914.0,6634.0,55249.7,12.6,,306.0,,14.2,187.8,9.8,0.0,,,,,178.0,140.0,,185.0,,,,66.0,,,,,,,,,,,,,0.0,,,,,,,,,,,,,,,,,,,,,,,,,,,,,,,,,,,,,,,,,,,,,,,,,,,,""
635366058,"Jul 6, 2016, 3:07:25 PM",Evening Ride,Ride,,6627,50.90,184.0,98,false,,,activities/699324049.fit.gz,81.0,,6627.0,6368.0,50901.5,15.7,,442.0,,32.4,267.4,12.5,0.0,,,,,184.0,149.0,,186.0,,,,98.0,,,,,,,,,,,,,0.0,,,,,,,,,,,,,,,,,,,,,,,,,,,,,,,,,,,,,,,,,,,,,,,,,,,,""
635365987,"Jul 6, 2016, 6:10:12 AM",Morning Swim,Swim,,2140,"2,007",,,false,,,activities/699324000.fit.gz,,,2140.0,1960.0,2007.2,1.9,,0.0,,0.0,5.9,0.0,-0.2,,,32.0,27.0,,,,,,,,,,,,,,,,,,,,,0.0,,,,,,,,,,,,,,,,,,,,,,,,,,,,,,,,,,,,,,,,,,,,,,,,,,,,""
635365949,"Jul 5, 2016, 4:19:56 PM",Evening Run,Run,,4578,12.30,177.0,77,false,,,activities/699323960.fit.gz,81.0,,4578.0,4200.0,12299.4,5.1,,42.0,,53.0,89.0,3.8,0.3,,,128.0,79.0,177.0,155.0,,,,,,77.0,,,,,,,,,,,,,0.0,,,,,,,,,,,,,,,,,,,,,,,,,,,,,,,,,,,,,,,,,,,,,,,,,,,,""
630866843,"Jul 4, 2016, 3:21:20 PM",Evening Ride,Ride,,4601,35.66,,,false,,,activities/691395374.fit.gz,81.0,,4601.0,4601.0,35661.9,12.2,,187.0,,48.0,124.4,15.0,0.0,,,,,,,,163.0,,,,,,,,,,,,,,,,,0.0,,,,,,,,,,,,,,,,,,,,,,,,,,,,,,,,,,,,,,,,,,,,,,,,,,,,""
629729346,"Jul 4, 2016, 5:52:09 AM",Morning Swim,Swim,,3612,"2,399",,,false,,,activities/689415639.fit.gz,,,3612.0,2125.0,2398.8,3.1,,0.0,,,,0.0,0.0,,,29.0,24.0,,,,,,,,,,,,,,,,,,,,,0.0,,,,,,,,,,,,,,,,,,,,,,,,,,,,,,,,,,,,,,,,,,,,,,,,,,,,""
629729263,"Jul 4, 2016, 3:14:30 AM",Morning Run,Run,,946,2.63,,,false,,,activities/689415515.fit.gz,81.0,,946.0,946.0,2629.0,3.6,,5.0,,96.8,102.2,2.3,0.1,,,83.0,78.0,,,,,,,,,,,,,,,,,,,,,0.0,,,,,,,,,,,,,,,,,,,,,,,,,,,,,,,,,,,,,,,,,,,,,,,,,,,,""
629729258,"Jul 2, 2016, 4:31:47 PM",Evening Run,Run,,766,2.72,,,false,,,activities/689415508.fit.gz,81.0,,766.0,766.0,2721.9,4.0,,9.0,,49.2,59.6,2.1,0.0,,,86.0,81.0,,,,,,,,,,,,,,,,,,,,,0.0,,,,,,,,,,,,,,,,,,,,,,,,,,,,,,,,,,,,,,,,,,,,,,,,,,,,""
629729250,"Jul 2, 2016, 4:31:30 PM",Evening Activity,Workout,,11,0.01,,,false,,,activities/689415502.fit.gz,,,11.0,11.0,14.7,1.3,,0.0,,49.0,49.6,30.0,4.1,,,84.0,84.0,,,,,,,,,,,,,,,,,,,,,0.0,,,,,,,,,,,,,,,,,,,,,,,,,,,,,,,,,,,,,,,,,,,,,,,,,,,,""
629729252,"Jul 2, 2016, 4:12:14 PM",Evening Ride,Ride,,1141,9.61,,,false,,,activities/689415498.fit.gz,81.0,,1141.0,1141.0,9614.7,11.5,,36.0,,41.0,114.6,21.9,-0.4,,,,,,,,165.0,210.0,,,,,,,,,,,,,,,,0.0,,,,,,,,,,,,,,,,,,,,,,,,,,,,,,,,,,,,,,,,,,,,,,,,,,,,""
629729244,"Jul 2, 2016, 4:00:40 PM",Evening Activity,Workout,,688,5.90,,,false,,,activities/689415494.fit.gz,,,688.0,688.0,5902.4,11.5,,48.0,,41.8,91.4,8.7,0.7,,,87.0,60.0,,,,,,,,,,,,,,,,,,,,,0.0,,,,,,,,,,,,,,,,,,,,,,,,,,,,,,,,,,,,,,,,,,,,,,,,,,,,""
629729246,"Jul 2, 2016, 3:36:38 PM",Evening Run,Run,,1436,5.49,,,false,,,activities/689415488.fit.gz,81.0,,1436.0,1436.0,5490.9,5.2,,16.0,,48.6,59.6,2.2,0.0,,,101.0,82.0,,,,,,,,,,,,,,,,,,,,,0.0,,,,,,,,,,,,,,,,,,,,,,,,,,,,,,,,,,,,,,,,,,,,,,,,,,,,""
629729433,"Jun 30, 2016, 3:45:44 PM",Evening Run,Run,,1296,3.06,,,false,,,activities/689415432.fit.gz,81.0,,1296.0,1275.0,3065.7,3.8,,10.0,,43.4,46.8,6.0,0.0,,,81.0,76.0,,,,,,,,,,,,,,,,,,,,,0.0,,,,,,,,,,,,,,,,,,,,,,,,,,,,,,,,,,,,,,,,,,,,,,,,,,,,""
629729403,"Jun 27, 2016, 3:54:20 PM",Evening Run,Run,,1286,3.13,,,false,,,activities/689415382.fit.gz,81.0,,1286.0,1283.0,3135.7,2.9,,9.0,,18.8,23.0,4.9,0.1,,,82.0,76.0,,,,,313.0,,,,,,,,,,,,,,,,0.0,,,,,,,,,,,,,,,,,,,,,,,,,,,,,,,,,,,,,,,,,,,,,,,,,,,,""
629729404,"Jun 26, 2016, 5:44:19 AM",Morning Run,Run,,1365,4.76,,,false,,,activities/689415353.fit.gz,81.0,,1365.0,1365.0,4766.9,4.9,,65.0,,12.2,37.6,10.2,0.0,,,91.0,81.0,,,,,481.0,,,,,,,,,,,,,,,,0.0,,,,,,,,,,,,,,,,,,,,,,,,,,,,,,,,,,,,,,,,,,,,,,,,,,,,""
629729370,"Jun 26, 2016, 5:43:39 AM",Morning Activity,Workout,,34,0.07,,,false,,,activities/689415351.fit.gz,,,34.0,19.0,78.1,9.0,,0.0,,10.4,12.4,6.5,0.8,,,63.0,55.0,,,,,,,,,,,,,,,,,,,,,0.0,,,,,,,,,,,,,,,,,,,,,,,,,,,,,,,,,,,,,,,,,,,,,,,,,,,,""
629729373,"Jun 26, 2016, 5:10:38 AM",Morning Ride,Ride,,1980,19.79,,,false,,,activities/689415349.fit.gz,81.0,,1980.0,1980.0,19791.2,13.5,,65.0,,6.6,41.4,9.6,-0.1,,,,,,,,241.0,,,,,,,,,,,,,,,,,0.0,,,,,,,,,,,,,,,,,,,,,,,,,,,,,,,,,,,,,,,,,,,,,,,,,,,,""
629729351,"Jun 26, 2016, 5:09:13 AM",Morning Activity,Workout,,84,0.29,,,false,,,activities/689415346.fit.gz,,,84.0,84.0,294.9,5.8,,12.0,,26.4,40.0,36.6,4.6,,,82.0,68.0,,,,,,,,,,,,,,,,,,,,,0.0,,,,,,,,,,,,,,,,,,,,,,,,,,,,,,,,,,,,,,,,,,,,,,,,,,,,""
629729265,"Jun 26, 2016, 4:57:16 AM",Morning Swim,Swim,,715,780,,,false,,,activities/689415330.fit.gz,,,715.0,715.0,780.4,1.8,,0.0,,22.2,22.2,0.0,0.0,,,37.0,29.0,,,,,,,,,,,,,,,,,,,,,0.0,,,,,,,,,,,,,,,,,,,,,,,,,,,,,,,,,,,,,,,,,,,,,,,,,,,,""
629729249,"Jun 23, 2016, 4:07:36 PM",Evening Run,Run,,1229,3.52,,,false,,,activities/689415176.fit.gz,81.0,,1229.0,1229.0,3523.7,3.3,,7.0,,11.8,18.0,6.2,0.0,,,82.0,79.0,,,,,,,,,,,,,,,,,,,,,0.0,,,,,,,,,,,,,,,,,,,,,,,,,,,,,,,,,,,,,,,,,,,,,,,,,,,,""
629729254,"Jun 19, 2016, 6:15:39 AM",Morning Run,Run,,1265,4.77,188.0,90,false,,,activities/689415161.fit.gz,81.0,,1265.0,1265.0,4772.9,4.8,,64.0,,14.6,38.6,8.7,0.0,,,90.0,82.0,188.0,181.0,,,,,,90.0,,,,,,,,,,,,,0.0,,,,,,,,,,,,,,,,,,,,,,,,,,,,,,,,,,,,,,,,,,,,,,,,,,,,""
629729239,"Jun 19, 2016, 6:15:06 AM",Morning Activity,Workout,,31,0.06,159.0,0,false,,,activities/689415157.fit.gz,,,31.0,31.0,62.5,7.0,,2.0,,13.2,16.0,6.4,3.5,,,87.0,87.0,159.0,156.0,,,,,,0.0,,,,,,,,,,,,,0.0,,,,,,,,,,,,,,,,,,,,,,,,,,,,,,,,,,,,,,,,,,,,,,,,,,,,""
629729248,"Jun 19, 2016, 5:39:54 AM",Morning Ride,Ride,,2108,19.96,178.0,51,false,,,activities/689415150.fit.gz,81.0,,2108.0,2108.0,19959.4,11.7,,76.0,,12.4,37.0,7.3,0.0,,,,,178.0,169.0,,221.0,518.0,,,51.0,,,,,,,,,,,,,0.0,,,,,,,,,,,,,,,,,,,,,,,,,,,,,,,,,,,,,,,,,,,,,,,,,,,,""
629729237,"Jun 19, 2016, 5:38:51 AM",Morning Activity,Workout,,62,0.09,118.0,0,false,,,activities/689415145.fit.gz,,,62.0,62.0,98.4,3.7,,91.0,,-249.0,20.4,22.2,244.5,,,89.0,83.0,118.0,86.0,,,,,,0.0,,,,,,,,,,,,,0.0,,,,,,,,,,,,,,,,,,,,,,,,,,,,,,,,,,,,,,,,,,,,,,,,,,,,""
629729220,"Jun 19, 2016, 5:26:31 AM",Morning Swim,Swim,,737,834,,,false,,,activities/689415132.fit.gz,,,737.0,737.0,833.8,2.2,,0.0,,-183.2,-183.2,0.0,0.0,,,34.0,28.0,,,,,,,,,,,,,,,,,,,,,0.0,,,,,,,,,,,,,,,,,,,,,,,,,,,,,,,,,,,,,,,,,,,,,,,,,,,,""
629729210,"Jun 18, 2016, 3:29:34 PM",Evening Run,Run,,2128,7.54,,,false,,,activities/689415057.fit.gz,81.0,,2128.0,2101.0,7548.1,4.6,,10.0,,41.4,47.0,4.3,-0.1,,,87.0,81.0,,,,,749.0,,,,,,,,,,,,,,,,0.0,,,,,,,,,,,,,,,,,,,,,,,,,,,,,,,,,,,,,,,,,,,,,,,,,,,,""
629729207,"Jun 17, 2016, 3:17:32 PM",Evening Swim,Swim,,5995,"2,675",,,false,,,activities/689415035.fit.gz,,,5995.0,2428.0,2675.0,3.1,,0.0,,,,0.0,0.0,,,30.0,25.0,,,,,,,,,,,,,,,,,,,,,0.0,,,,,,,,,,,,,,,,,,,,,,,,,,,,,,,,,,,,,,,,,,,,,,,,,,,,""
629729181,"Jun 16, 2016, 4:12:53 PM",Evening Run,Run,,1561,4.69,,,false,,,activities/689414941.fit.gz,81.0,,1561.0,1268.0,4697.6,4.4,,22.0,,70.0,97.0,3.8,0.0,,,84.0,79.0,,,,,,,,,,,,,,,,,,,,,0.0,,,,,,,,,,,,,,,,,,,,,,,,,,,,,,,,,,,,,,,,,,,,,,,,,,,,""
629729172,"Jun 16, 2016, 4:09:52 PM",Evening Activity,Workout,,178,0.07,,,false,,,activities/689414939.fit.gz,,,178.0,94.0,76.9,2.4,,0.0,,96.8,98.4,13.6,-1.3,,,84.0,69.0,,,,,,,,,,,,,,,,,,,,,0.0,,,,,,,,,,,,,,,,,,,,,,,,,,,,,,,,,,,,,,,,,,,,,,,,,,,,""
629729156,"Jun 16, 2016, 3:25:55 PM",Evening Ride,Ride,,2636,21.01,,,false,,,activities/689414933.fit.gz,81.0,,2636.0,2636.0,21014.3,14.8,,127.0,,91.4,148.6,7.1,0.0,,,,,,,,171.0,502.0,,,,,,,,,,,,,,,,0.0,,,,,,,,,,,,,,,,,,,,,,,,,,,,,,,,,,,,,,,,,,,,,,,,,,,,""
629729119,"Jun 15, 2016, 3:33:21 PM",Evening Swim,Swim,,3152,"1,750",,,false,,,activities/689414877.fit.gz,,,3152.0,1815.0,1750.0,2.1,,0.0,,,,0.0,0.0,,,29.0,22.0,,,,,,,,,,,,,,,,,,,,,0.0,,,,,,,,,,,,,,,,,,,,,,,,,,,,,,,,,,,,,,,,,,,,,,,,,,,,""
629729096,"Jun 15, 2016, 4:24:05 AM",Morning Ride,Ride,,8413,58.18,,,false,,,activities/689414825.fit.gz,81.0,,8413.0,8067.0,58187.9,15.3,,592.0,,35.6,266.2,19.5,0.0,,,,,,,,162.0,1459.0,,,,,,,,,,,,,,,,0.0,,,,,,,,,,,,,,,,,,,,,,,,,,,,,,,,,,,,,,,,,,,,,,,,,,,,""
629729051,"Jun 14, 2016, 3:42:25 PM",Evening Run,Run,,490,2.08,,,false,,,activities/689414756.fit.gz,81.0,,490.0,490.0,2087.1,5.2,,0.0,,40.2,42.2,1.7,0.0,,,89.0,82.0,,,,,,,,,,,,,,,,,,,,,0.0,,,,,,,,,,,,,,,,,,,,,,,,,,,,,,,,,,,,,,,,,,,,,,,,,,,,""
629729044,"Jun 14, 2016, 3:42:25 PM",Evening Run,Run,,490,2.08,,,false,,,activities/689414758.fit.gz,81.0,,490.0,490.0,2087.1,5.2,,0.0,,40.2,42.2,1.7,0.0,,,89.0,82.0,,,,,208.0,,,,,,,,,,,,,,,,0.0,,,,,,,,,,,,,,,,,,,,,,,,,,,,,,,,,,,,,,,,,,,,,,,,,,,,""
629729041,"Jun 14, 2016, 3:13:56 PM",Evening Run,Run,,1550,3.42,,,false,,,activities/689414737.fit.gz,81.0,,1550.0,1021.0,3424.4,5.2,,1.0,,33.2,37.2,8.5,0.1,,,91.0,77.0,,,,,,,,,,,,,,,,,,,,,0.0,,,,,,,,,,,,,,,,,,,,,,,,,,,,,,,,,,,,,,,,,,,,,,,,,,,,""
629729028,"Jun 14, 2016, 3:13:56 PM",Evening Run,Run,,1550,3.42,,,false,,,activities/689414736.fit.gz,81.0,,1550.0,1021.0,3424.4,5.2,,1.0,,33.2,37.2,8.5,0.1,,,91.0,77.0,,,,,342.0,,,,,,,,,,,,,,,,0.0,,,,,,,,,,,,,,,,,,,,,,,,,,,,,,,,,,,,,,,,,,,,,,,,,,,,""
629729016,"Jun 13, 2016, 2:57:37 PM",Afternoon Run,Run,,1639,4.25,,,false,,,activities/689414673.fit.gz,81.0,,1639.0,1639.0,4252.8,3.1,,2.0,,57.4,59.8,2.9,0.0,,,80.0,76.0,,,,,424.0,,,,,,,,,,,,,,,,0.0,,,,,,,,,,,,,,,,,,,,,,,,,,,,,,,,,,,,,,,,,,,,,,,,,,,,""
629729008,"Jun 12, 2016, 6:18:42 AM",Morning Run,Run,,1296,4.64,,,false,,,activities/689414650.fit.gz,81.0,,1296.0,1292.0,4644.4,4.4,,60.0,,14.0,39.2,9.7,0.0,,,86.0,80.0,,,,,468.0,,,,,,,,,,,,,,,,0.0,,,,,,,,,,,,,,,,,,,,,,,,,,,,,,,,,,,,,,,,,,,,,,,,,,,,""
629728996,"Jun 12, 2016, 6:16:16 AM",Morning Activity,Workout,,145,0.01,,,false,,,activities/689414649.fit.gz,,,145.0,11.0,17.9,1.9,,0.0,,13.0,14.4,7.5,1.1,,,62.0,61.0,,,,,,,,,,,,,,,,,,,,,0.0,,,,,,,,,,,,,,,,,,,,,,,,,,,,,,,,,,,,,,,,,,,,,,,,,,,,""
629728998,"Jun 12, 2016, 5:41:45 AM",Morning Ride,Ride,,2067,20.22,,,false,,,activities/689414643.fit.gz,81.0,,2067.0,2067.0,20220.1,13.0,,82.0,,11.2,37.0,10.4,0.0,,,,,,,,237.0,,,,,,,,,,,,,,,,,0.0,,,,,,,,,,,,,,,,,,,,,,,,,,,,,,,,,,,,,,,,,,,,,,,,,,,,""
629728989,"Jun 12, 2016, 5:33:36 AM",Morning Activity,Workout,,483,0.21,,,false,,,activities/689414638.fit.gz,,,483.0,309.0,214.4,3.5,,178.0,,-294.0,21.2,35.8,68.1,,,69.0,62.0,,,,,,,,,,,,,,,,,,,,,0.0,,,,,,,,,,,,,,,,,,,,,,,,,,,,,,,,,,,,,,,,,,,,,,,,,,,,""
629728978,"Jun 12, 2016, 5:21:02 AM",Morning Swim,Swim,,752,803,,,false,,,activities/689414635.fit.gz,,,752.0,752.0,803.2,2.1,,15.0,,-117.6,-117.6,0.0,0.0,,,31.0,27.0,,,,,,,,,,,,,,,,,,,,,0.0,,,,,,,,,,,,,,,,,,,,,,,,,,,,,,,,,,,,,,,,,,,,,,,,,,,,""
629728857,"Jun 10, 2016, 3:25:11 PM",Evening Swim,Swim,,3814,"2,175",,,false,,,activities/689414466.fit.gz,,,3814.0,1846.0,2175.0,2.8,,0.0,,,,0.0,0.0,,,28.0,24.0,,,,,,,,,,,,,,,,,,,,,0.0,,,,,,,,,,,,,,,,,,,,,,,,,,,,,,,,,,,,,,,,,,,,,,,,,,,,""
629728849,"Jun 8, 2016, 2:12:42 PM",Afternoon Ride,Ride,,4123,37.07,,,false,,,activities/689414390.fit.gz,81.0,,4123.0,4101.0,37069.8,13.2,,247.0,,33.2,185.8,16.6,0.0,,,,,,,,211.0,,,,,,,,,,,,,,,,,0.0,,,,,,,,,,,,,,,,,,,,,,,,,,,,,,,,,,,,,,,,,,,,,,,,,,,,""
629728835,"Jun 7, 2016, 3:03:56 PM",Evening Run,Run,,2455,4.92,,,false,,,activities/689414353.fit.gz,81.0,,2455.0,1625.0,4924.0,6.1,,8.0,,39.0,42.6,3.9,0.0,,,102.0,80.0,,,,,491.0,,,,,,,,,,,,,,,,0.0,,,,,,,,,,,,,,,,,,,,,,,,,,,,,,,,,,,,,,,,,,,,,,,,,,,,""
601483193,"Jun 6, 2016, 3:25:19 PM",Evening Ride,Ride,,4699,40.64,,,false,,,activities/656401658.fit.gz,81.0,,4699.0,4699.0,40639.0,13.4,,275.0,,78.2,214.6,12.8,0.0,,,,,,,,205.0,,,,,,,,,,,,,,,,,0.0,,,,,,,,,,,,,,,,,,,,,,,,,,,,,,,,,,,,,,,,,,,,,,,,,,,,""
601483325,"Jun 5, 2016, 7:07:06 AM",Morning Run,Run,,331,1.08,,,false,,,activities/656401641.fit.gz,81.0,,331.0,331.0,1081.7,3.9,,14.0,,1.0,15.4,7.2,-0.1,,,84.0,78.0,,,,,108.0,,,,,,,,,,,,,,,,0.0,,,,,,,,,,,,,,,,,,,,,,,,,,,,,,,,,,,,,,,,,,,,,,,,,,,,""
601483317,"Jun 5, 2016, 7:03:06 AM",Morning Activity,Workout,,236,0.00,,,false,,,activities/656401640.fit.gz,,,236.0,3.0,7.4,0.6,,0.0,,0.0,1.2,6.6,-2.7,,,80.0,80.0,,,,,,,,,,,,,,,,,,,,,0.0,,,,,,,,,,,,,,,,,,,,,,,,,,,,,,,,,,,,,,,,,,,,,,,,,,,,""
601483306,"Jun 5, 2016, 5:48:39 AM",Morning Ride,Ride,,4461,39.71,,,false,,,activities/656401639.fit.gz,81.0,,4461.0,4461.0,39714.4,12.8,,161.0,,-3.0,53.0,18.7,0.0,,,,,,,,197.0,,,,,,,,,,,,,,,,,0.0,,,,,,,,,,,,,,,,,,,,,,,,,,,,,,,,,,,,,,,,,,,,,,,,,,,,""
601483288,"Jun 5, 2016, 5:35:34 AM",Morning Activity,Workout,,781,0.27,,,false,,,activities/656401635.fit.gz,,,781.0,413.0,277.3,3.1,,148.0,,-386.8,15.6,48.6,73.5,,,63.0,59.0,,,,,,,,,,,,,,,,,,,,,0.0,,,,,,,,,,,,,,,,,,,,,,,,,,,,,,,,,,,,,,,,,,,,,,,,,,,,""
601483256,"Jun 5, 2016, 5:20:04 AM",Morning Swim,Swim,,929,"1,043",,,false,,,activities/656401631.fit.gz,,,929.0,929.0,1042.7,2.9,,0.0,,-168.4,-168.4,0.0,0.0,,,35.0,27.0,,,,,,,,,,,,,,,,,,,,,0.0,,,,,,,,,,,,,,,,,,,,,,,,,,,,,,,,,,,,,,,,,,,,,,,,,,,,""
601483236,"Jun 4, 2016, 5:48:01 AM",Morning Run,Run,,1777,5.55,,,false,,,activities/656401589.fit.gz,81.0,,1777.0,1756.0,5550.7,6.3,,12.0,,-8.8,-4.2,4.8,0.0,,,101.0,80.0,,,,,553.0,,,,,,,,,,,,,,,,0.0,,,,,,,,,,,,,,,,,,,,,,,,,,,,,,,,,,,,,,,,,,,,,,,,,,,,""
601483177,"Jun 3, 2016, 4:07:36 PM",Evening Run,Run,,2622,4.20,,,false,,,activities/656401564.fit.gz,81.0,,2622.0,1030.0,4208.2,5.3,,23.0,,73.6,98.8,8.3,0.1,,,88.0,82.0,,,,,,,,,,,,,,,,,,,,,0.0,,,,,,,,,,,,,,,,,,,,,,,,,,,,,,,,,,,,,,,,,,,,,,,,,,,,""
601483173,"May 29, 2016, 6:28:01 AM",Morning Run,Run,,1491,5.30,193.0,81,false,,,activities/656401550.fit.gz,81.0,,1491.0,1491.0,5305.8,5.6,,56.0,,14.6,44.2,9.6,0.0,,,96.0,82.0,193.0,182.0,,,,,,81.0,,,,,,,,,,,,,0.0,,,,,,,,,,,,,,,,,,,,,,,,,,,,,,,,,,,,,,,,,,,,,,,,,,,,""
601483164,"May 29, 2016, 6:27:45 AM",Morning Activity,Workout,,13,0.00,175.0,0,false,,,activities/656401548.fit.gz,,,13.0,13.0,2.0,0.2,,0.0,,17.6,18.6,33.3,-30.0,,,97.0,0.0,175.0,0.0,,,,,,0.0,,,,,,,,,,,,,0.0,,,,,,,,,,,,,,,,,,,,,,,,,,,,,,,,,,,,,,,,,,,,,,,,,,,,""
601483163,"May 29, 2016, 5:48:44 AM",Morning Ride,Ride,,2335,20.27,187.0,62,false,,,activities/656401545.fit.gz,81.0,,2335.0,2335.0,20272.4,17.1,,235.0,,16.4,55.6,43.8,0.0,,,,,187.0,176.0,,237.0,,,,62.0,,,,,,,,,,,,,0.0,,,,,,,,,,,,,,,,,,,,,,,,,,,,,,,,,,,,,,,,,,,,,,,,,,,,""
601483148,"May 29, 2016, 5:47:34 AM",Morning Activity,Workout,,64,0.11,189.0,1,false,,,activities/656401535.fit.gz,,,64.0,64.0,114.6,3.3,,0.0,,16.6,27.2,14.0,-4.2,,,81.0,78.0,189.0,184.0,,,,,,1.0,,,,,,,,,,,,,0.0,,,,,,,,,,,,,,,,,,,,,,,,,,,,,,,,,,,,,,,,,,,,,,,,,,,,""
601483129,"May 29, 2016, 5:35:09 AM",Morning Swim,Swim,,744,840,182.0,37,false,,,activities/656401532.fit.gz,,,744.0,744.0,839.7,2.3,,0.0,,22.4,22.4,0.0,0.0,,,34.0,28.0,182.0,170.0,,,,,,37.0,,,,,,,,,,,,,0.0,,,,,,,,,,,,,,,,,,,,,,,,,,,,,,,,,,,,,,,,,,,,,,,,,,,,""
601483070,"May 25, 2016, 3:08:45 PM",Evening Swim,Swim,,2898,"1,225",,,false,,,activities/656401480.fit.gz,,,2898.0,1112.0,1225.0,3.1,,0.0,,,,0.0,0.0,,,32.0,24.0,,,,,,,,,,,,,,,,,,,,,0.0,,,,,,,,,,,,,,,,,,,,,,,,,,,,,,,,,,,,,,,,,,,,,,,,,,,,""
585271402,"May 22, 2016, 6:45:50 AM",Morning Run,Run,,644,2.40,185.0,28,false,,,activities/639711454.fit.gz,81.0,,644.0,644.0,2407.4,4.4,,33.0,,-4.8,19.2,10.5,0.0,,,91.0,81.0,185.0,177.0,,,,,,28.0,,,,,,,,,,,,,0.0,,,,,,,,,,,,,,,,,,,,,,,,,,,,,,,,,,,,,,,,,,,,,,,,,,,,""
585271398,"May 22, 2016, 6:45:13 AM",Morning Activity,Workout,,35,0.03,151.0,0,false,,,activities/639711451.fit.gz,81.0,,35.0,9.0,29.3,2.6,,0.0,,-5.2,-4.0,6.1,0.7,,,90.0,90.0,151.0,130.0,,,,,,0.0,,,,,,,,,,,,,0.0,,,,,,,,,,,,,,,,,,,,,,,,,,,,,,,,,,,,,,,,,,,,,,,,,,,,""
585271404,"May 22, 2016, 5:44:12 AM",Morning Ride,Ride,,3658,25.45,180.0,65,false,,,activities/639711450.fit.gz,81.0,,3658.0,3658.0,25449.4,16.5,,577.0,,-5.6,179.6,12.1,0.0,,,,,180.0,156.0,,,,,,65.0,,,,,,,,,,,,,0.0,,,,,,,,,,,,,,,,,,,,,,,,,,,,,,,,,,,,,,,,,,,,,,,,,,,,""
585271394,"May 22, 2016, 5:32:21 AM",Morning Activity,Workout,,710,0.46,159.0,3,false,,,activities/639711448.fit.gz,81.0,,710.0,539.0,466.6,7.4,,120.0,,-292.4,4.8,48.0,40.6,,,95.0,64.0,159.0,124.0,,,,,,3.0,,,,,,,,,,,,,0.0,,,,,,,,,,,,,,,,,,,,,,,,,,,,,,,,,,,,,,,,,,,,,,,,,,,,""
585271391,"May 22, 2016, 5:20:49 AM",Morning Swim,Swim,,691,756,107.0,2,false,,,activities/639711444.fit.gz,81.0,,691.0,691.0,755.9,1.9,,0.0,,0.0,1.9,0.0,0.3,,,37.0,29.0,107.0,107.0,,,,,,2.0,,,,,,,,,,,,,0.0,,,,,,,,,,,,,,,,,,,,,,,,,,,,,,,,,,,,,,,,,,,,,,,,,,,,""
585271374,"May 21, 2016, 1:33:43 PM",Afternoon Swim,Swim,,964,450,,,false,,,activities/639711428.fit.gz,81.0,,964.0,417.0,450.0,2.5,,0.0,,,,0.0,0.0,,,28.0,23.0,,,,,,,,,,,,,,,,,,,,,0.0,,,,,,,,,,,,,,,,,,,,,,,,,,,,,,,,,,,,,,,,,,,,,,,,,,,,""
585271373,"May 21, 2016, 5:56:59 AM",Morning Run,Run,,1161,3.58,189.0,30,false,,,activities/639711421.fit.gz,81.0,,1161.0,1148.0,3582.0,4.8,,7.0,,6.0,12.2,7.8,0.1,,,89.0,75.0,189.0,160.0,,,,,,30.0,,,,,,,,,,,,,0.0,,,,,,,,,,,,,,,,,,,,,,,,,,,,,,,,,,,,,,,,,,,,,,,,,,,,""
585271362,"May 21, 2016, 5:46:49 AM",Morning Activity,Workout,,607,0.47,130.0,1,false,,,activities/639711418.fit.gz,81.0,,607.0,392.0,474.0,2.4,,0.0,,8.0,17.4,12.3,-1.7,,,72.0,58.0,130.0,110.0,,,,,,1.0,,,,,,,,,,,,,0.0,,,,,,,,,,,,,,,,,,,,,,,,,,,,,,,,,,,,,,,,,,,,,,,,,,,,""
585271370,"May 21, 2016, 4:41:57 AM",Morning Ride,Ride,,3888,33.71,188.0,61,false,,,activities/639711416.fit.gz,81.0,,3888.0,3888.0,33714.8,14.1,,148.0,,8.2,106.8,7.8,0.0,,,,,188.0,148.0,,,,,,61.0,,,,,,,,,,,,,0.0,,,,,,,,,,,,,,,,,,,,,,,,,,,,,,,,,,,,,,,,,,,,,,,,,,,,""
585271357,"May 20, 2016, 3:23:54 PM",Evening Swim,Swim,,2741,"1,325",,,false,,,activities/639711402.fit.gz,81.0,,2741.0,1388.0,1325.0,2.8,,0.0,,,,0.0,0.0,,,30.0,23.0,,,,,,,,,,,,,,,,,,,,,0.0,,,,,,,,,,,,,,,,,,,,,,,,,,,,,,,,,,,,,,,,,,,,,,,,,,,,""
585271341,"May 19, 2016, 2:07:20 PM",Afternoon Run,Run,,1831,5.04,188.0,40,false,,,activities/639711389.fit.gz,81.0,,1831.0,1636.0,5044.9,5.0,,13.0,,41.4,45.4,11.8,0.0,,,89.0,78.0,188.0,161.0,,,,,,40.0,,,,,,,,,,,,,0.0,,,,,,,,,,,,,,,,,,,,,,,,,,,,,,,,,,,,,,,,,,,,,,,,,,,,""
585271337,"May 18, 2016, 3:07:58 PM",Evening Swim,Swim,,3391,"1,525",,,false,,,activities/639711380.fit.gz,81.0,,3391.0,1616.0,1525.0,2.8,,0.0,,,,0.0,0.0,,,26.0,22.0,,,,,,,,,,,,,,,,,,,,,0.0,,,,,,,,,,,,,,,,,,,,,,,,,,,,,,,,,,,,,,,,,,,,,,,,,,,,""
585271335,"May 15, 2016, 11:26:27 AM",Afternoon Run,Run,,2739,9.62,194.0,163,false,,,activities/639711372.fit.gz,81.0,,2739.0,2739.0,9621.4,4.9,,3.0,,12.8,26.6,3.6,0.0,,,92.0,81.0,194.0,184.0,,,956.0,,,163.0,,,,,,,,,,,,,0.0,,,,,,,,,,,,,,,,,,,,,,,,,,,,,,,,,,,,,,,,,,,,,,,,,,,,""
585271317,"May 15, 2016, 11:25:31 AM",Afternoon Activity,Workout,,52,0.08,172.0,0,false,,,activities/639711371.fit.gz,81.0,,52.0,32.0,85.1,3.5,,0.0,,22.6,24.4,6.7,0.2,,,87.0,63.0,172.0,170.0,,,,,,0.0,,,,,,,,,,,,,0.0,,,,,,,,,,,,,,,,,,,,,,,,,,,,,,,,,,,,,,,,,,,,,,,,,,,,""
585271318,"May 15, 2016, 10:22:57 AM",Afternoon Ride,Ride,,3748,37.98,190.0,91,false,,,activities/639711369.fit.gz,81.0,,3748.0,3748.0,37981.5,13.5,,58.0,,11.4,26.2,4.8,0.0,,,,,190.0,173.0,,,,,,91.0,,,,,,,,,,,,,0.0,,,,,,,,,,,,,,,,,,,,,,,,,,,,,,,,,,,,,,,,,,,,,,,,,,,,""
585271308,"May 15, 2016, 10:20:12 AM",Afternoon Activity,Workout,,159,0.59,187.0,4,false,,,activities/639711364.fit.gz,81.0,,159.0,159.0,592.4,8.7,,4.0,,11.6,19.2,8.8,0.4,,,84.0,69.0,187.0,180.0,,,,,,4.0,,,,,,,,,,,,,0.0,,,,,,,,,,,,,,,,,,,,,,,,,,,,,,,,,,,,,,,,,,,,,,,,,,,,""
585271307,"May 15, 2016, 9:59:42 AM",Lunch Swim,Swim,,1229,"1,298",182.0,43,false,,,activities/639711359.fit.gz,81.0,,1229.0,1229.0,1298.4,1.7,,0.0,,0.0,0.0,0.0,0.0,,,36.0,28.0,182.0,160.0,,,,,,43.0,,,,,,,,,,,,,0.0,,,,,,,,,,,,,,,,,,,,,,,,,,,,,,,,,,,,,,,,,,,,,,,,,,,,""
585271261,"May 11, 2016, 3:23:28 PM",Evening Swim,Swim,,4416,"1,850",,,false,,,activities/639711313.fit.gz,81.0,,4416.0,1718.0,1850.0,8.3,,0.0,,,,0.0,0.0,,,33.0,24.0,,,,,,,,,,,,,,,,,,,,,0.0,,,,,,,,,,,,,,,,,,,,,,,,,,,,,,,,,,,,,,,,,,,,,,,,,,,,""
585271242,"May 10, 2016, 2:22:03 PM",Afternoon Run,Run,,3280,7.40,192.0,89,false,,,activities/639711295.fit.gz,81.0,,3280.0,2523.0,7407.8,6.4,,12.0,,44.4,49.4,10.2,0.0,,,99.0,77.0,192.0,159.0,,,,,,89.0,,,,,,,,,,,,,0.0,,,,,,,,,,,,,,,,,,,,,,,,,,,,,,,,,,,,,,,,,,,,,,,,,,,,""
585271183,"May 8, 2016, 6:26:21 AM",Morning Swim,Swim,,1761,"1,558",,,false,,,activities/639711251.fit.gz,81.0,,1761.0,1517.0,1558.3,1.9,,0.0,,0.0,4.8,0.0,0.1,,,133.0,27.0,,,,,,,,,,,,,,,,,,,,,0.0,,,,,,,,,,,,,,,,,,,,,,,,,,,,,,,,,,,,,,,,,,,,,,,,,,,,""
585271169,"May 7, 2016, 3:32:40 PM",Evening Run,Run,,1984,5.34,167.0,31,false,,,activities/639711235.fit.gz,81.0,,1984.0,1801.0,5347.7,3.8,,7.0,,40.0,44.6,8.0,0.1,,,92.0,78.0,167.0,154.0,,,,,,31.0,,,,,,,,,,,,,0.0,,,,,,,,,,,,,,,,,,,,,,,,,,,,,,,,,,,,,,,,,,,,,,,,,,,,""
568421556,"May 2, 2016, 3:29:37 PM",Evening Ride,Ride,,2401,21.20,,,false,,,activities/622298392.fit.gz,81.0,,2401.0,2401.0,21206.0,13.8,,134.0,,73.2,136.8,7.5,0.0,,,,,,,,,,,,,,,,,,,,,,,,,0.0,,,,,,,,,,,,,,,,,,,,,,,,,,,,,,,,,,,,,,,,,,,,,,,,,,,,""
568421528,"May 1, 2016, 5:59:43 AM",Morning Swim,Swim,,2762,"2,884",,,false,,,activities/622298368.fit.gz,81.0,,2762.0,2762.0,2884.0,1.7,,0.0,,0.0,5.5,0.0,0.0,,,48.0,29.0,,,,,,,,,,,,,,,,,,,,,0.0,,,,,,,,,,,,,,,,,,,,,,,,,,,,,,,,,,,,,,,,,,,,,,,,,,,,""
568421521,"Apr 27, 2016, 3:08:16 PM",Evening Swim,Swim,,4644,"1,850",,,false,,,activities/622298287.fit.gz,81.0,,4644.0,1752.0,1850.0,3.1,,0.0,,,,0.0,0.0,,,33.0,24.0,,,,,,,,,,,,,,,,,,,,,0.0,,,,,,,,,,,,,,,,,,,,,,,,,,,,,,,,,,,,,,,,,,,,,,,,,,,,""
568421476,"Apr 26, 2016, 1:58:15 PM",Afternoon Run,Run,,3290,8.43,190.0,57,false,,,activities/622298227.fit.gz,81.0,,3290.0,2894.0,8434.9,5.3,,56.0,,131.0,140.4,45.0,0.0,,,107.0,77.0,190.0,157.0,,,850.0,,,57.0,,,,,,,,,,,,,0.0,,,,,,,,,,,,,,,,,,,,,,,,,,,,,,,,,,,,,,,,,,,,,,,,,,,,""
568421401,"Apr 24, 2016, 5:33:49 AM",Morning Ride,Ride,,3091,24.87,179.0,57,false,,,activities/622298180.fit.gz,81.0,,3091.0,3091.0,24870.3,16.0,,273.0,,30.2,272.0,10.7,-0.4,,,,,179.0,150.0,,,,,,57.0,,,,,,,,,,,,,0.0,,,,,,,,,,,,,,,,,,,,,,,,,,,,,,,,,,,,,,,,,,,,,,,,,,,,""
554374364,"Apr 23, 2016, 2:10:42 PM",Afternoon Run,Run,,2301,8.13,184.0,64,false,,,activities/607843692.fit.gz,81.0,,2301.0,2290.0,8130.5,5.1,,18.0,,-3.8,8.6,7.7,0.1,,,90.0,80.0,184.0,164.0,,,813.0,,,64.0,,,,,,,,,,,,,0.0,,,,,,,,,,,,,,,,,,,,,,,,,,,,,,,,,,,,,,,,,,,,,,,,,,,,""
554374114,"Apr 23, 2016, 5:14:12 AM",Morning Ride,Ride,,3039,22.30,180.0,38,false,,,activities/607843479.fit.gz,81.0,,3039.0,3039.0,22302.1,14.1,,216.0,,4.4,158.6,9.9,0.0,,,,,180.0,143.0,,,,,,38.0,,,,,,,,,,,,,0.0,,,,,,,,,,,,,,,,,,,,,,,,,,,,,,,,,,,,,,,,,,,,,,,,,,,,""
554373590,"Apr 22, 2016, 2:53:33 PM",Afternoon Swim,Swim,,4194,"2,250",,,false,,,activities/607842941.fit.gz,81.0,,4194.0,2248.0,2250.0,2.8,,0.0,,,,0.0,0.0,,,31.0,22.0,,,,,,,,,,,,,,,,,,,,,0.0,,,,,,,,,,,,,,,,,,,,,,,,,,,,,,,,,,,,,,,,,,,,,,,,,,,,""
551508088,"Apr 20, 2016, 4:46:25 PM",Evening Run,Run,"3x300 1x400 1x600
",1828,5.10,186.0,54,false,,,activities/604777240.fit.gz,81.0,,1828.0,1820.0,5108.0,6.4,,6.0,,42.6,45.8,14.5,0.0,,,102.0,78.0,186.0,154.0,,,510.0,,,54.0,,,,,,,,,,,,,0.0,,,,,,,,,,,,,,,,,,,,,,,,,,,,,,,,,,,,,,,,,,,,,,,,,,,,""
547683179,"Apr 17, 2016, 5:13:31 AM",Morning Run,Run,"",3065,9.37,187.0,55,false,,,activities/600791413.fit.gz,81.0,,3065.0,3065.0,9375.0,5.1,,20.0,,-6.6,-0.4,6.0,0.0,,,96.0,80.0,187.0,154.0,,,,,,55.0,,,,,,,,,,,,,0.0,,,,,,,,,,,,,,,,,,,,,,,,,,,,,,,,,,,,,,,,,,,,,,,,,,,,""
547683132,"Apr 16, 2016, 5:29:25 AM",Morning Ride,Ride,"",4440,23.36,179.0,55,false,,,activities/600791382.fit.gz,81.0,,4440.0,3798.0,23362.9,19.2,,576.0,,-3.4,181.2,48.5,0.1,,,,,179.0,142.0,,,,,,55.0,,,,,,,,,,,,,0.0,,,,,,,,,,,,,,,,,,,,,,,,,,,,,,,,,,,,,,,,,,,,,,,,,,,,""
546640263,"Apr 15, 2016, 3:08:24 PM",Evening Swim,Swim,,4500,"2,350",,,false,,,activities/599709963.fit.gz,81.0,,4500.0,2324.0,2350.0,2.5,,0.0,,,,0.0,0.0,,,29.0,22.0,,,,,,,,,,,,,,,,,,,,,0.0,,,,,,,,,,,,,,,,,,,,,,,,,,,,,,,,,,,,,,,,,,,,,,,,,,,,""
545903170,"Apr 14, 2016, 1:36:52 PM",Afternoon Run,Run,"",3105,6.22,186.0,61,false,,,activities/598953780.fit.gz,81.0,,3105.0,2847.0,6222.5,4.7,,120.0,,62.4,128.8,20.0,-1.0,,,128.0,72.0,186.0,145.0,,,633.0,,,61.0,,,,,,,,,,,,,0.0,,,,,,,,,,,,,,,,,,,,,,,,,,,,,,,,,,,,,,,,,,,,,,,,,,,,""
544326993,"Apr 13, 2016, 3:00:43 PM",Evening Swim,Swim,,5230,"2,625",,,false,,,activities/597339313.fit.gz,81.0,,5230.0,2600.0,2625.0,2.5,,0.0,,,,0.0,0.0,,,30.0,23.0,,,,,,,,,,,,,,,,,,,,,0.0,,,,,,,,,,,,,,,,,,,,,,,,,,,,,,,,,,,,,,,,,,,,,,,,,,,,""
543224429,"Apr 12, 2016, 2:24:59 PM",Afternoon Run,Run,,2702,7.62,193.0,49,false,,,activities/596203576.fit.gz,81.0,,2702.0,2604.0,7623.7,6.3,,6.0,,41.2,45.4,17.4,0.0,,,120.0,79.0,193.0,158.0,,,,,,49.0,,,,,,,,,,,,,0.0,,,,,,,,,,,,,,,,,,,,,,,,,,,,,,,,,,,,,,,,,,,,,,,,,,,,""
543224444,"Apr 10, 2016, 7:51:04 AM",Morning Run,Run,,937,1.62,136.0,9,false,,,activities/596203469.fit.gz,81.0,,937.0,934.0,1625.0,3.3,,15.0,,87.2,106.0,13.2,0.1,,,82.0,63.0,136.0,113.0,,,164.0,,,9.0,,,,,,,,,,,,,0.0,,,,,,,,,,,,,,,,,,,,,,,,,,,,,,,,,,,,,,,,,,,,,,,,,,,,""
543224425,"Apr 10, 2016, 7:44:12 AM",Morning Activity,Workout,,410,0.10,126.0,1,false,,,activities/596203465.fit.gz,81.0,,410.0,161.0,100.1,1.2,,0.0,,103.4,107.8,46.2,-1.6,,,69.0,58.0,126.0,106.0,,,,,,1.0,,,,,,,,,,,,,0.0,,,,,,,,,,,,,,,,,,,,,,,,,,,,,,,,,,,,,,,,,,,,,,,,,,,,""
543224455,"Apr 10, 2016, 4:42:57 AM",Morning Ride,Ride,,10874,70.95,178.0,84,false,,,activities/596203458.fit.gz,81.0,,10874.0,9219.0,70954.6,15.6,,616.0,,35.2,269.2,10.9,0.0,,,136.0,80.0,178.0,139.0,,,,,,84.0,,,,,,,,,,,,,0.0,,,,,,,,,,,,,,,,,,,,,,,,,,,,,,,,,,,,,,,,,,,,,,,,,,,,""
543561539,"Apr 9, 2016, 7:40:50 AM",Morning Swim,Swim,,3012,"2,872",,,false,,,activities/596548384.fit.gz,81.0,,3012.0,3012.0,2871.5,1.6,,0.0,,0.0,5.8,0.0,0.0,,,65.0,28.0,,,,,,,,,,,,,,,,,,,,,0.0,,,,,,,,,,,,,,,,,,,,,,,,,,,,,,,,,,,,,,,,,,,,,,,,,,,,""
543561616,"Apr 8, 2016, 2:55:45 PM",Afternoon Ride,Ride,,3835,25.56,182.0,84,false,,,activities/596548393.fit.gz,81.0,,3835.0,3835.0,25564.7,19.1,,576.0,,1.2,180.0,11.8,0.0,,,,,182.0,156.0,,,,,,84.0,,,,,,,,,,,,,0.0,,,,,,,,,,,,,,,,,,,,,,,,,,,,,,,,,,,,,,,,,,,,,,,,,,,,""
543561653,"Apr 7, 2016, 2:46:36 PM",Afternoon Run,Run,,3547,6.97,192.0,93,false,,,activities/596548405.fit.gz,81.0,,3547.0,3193.0,6976.5,4.4,,168.0,,63.0,129.4,20.3,-0.8,,,128.0,74.0,192.0,152.0,,,,,,93.0,,,,,,,,,,,,,0.0,,,,,,,,,,,,,,,,,,,,,,,,,,,,,,,,,,,,,,,,,,,,,,,,,,,,""
543561523,"Apr 6, 2016, 6:02:47 AM",Morning Swim,Swim,,1100,"1,033",,,false,,,activities/596548379.fit.gz,81.0,,1100.0,1096.0,1032.8,2.3,,0.0,,0.0,5.2,0.0,0.0,,,36.0,25.0,,,,,,,,,,,,,,,,,,,,,0.0,,,,,,,,,,,,,,,,,,,,,,,,,,,,,,,,,,,,,,,,,,,,,,,,,,,,""
543561394,"Apr 4, 2016, 3:07:05 PM",Evening Run,Run,,1410,3.11,149.0,6,false,,,activities/596548358.fit.gz,81.0,,1410.0,1400.0,3110.8,2.9,,0.0,,49.0,50.8,6.2,0.0,,,87.0,75.0,149.0,135.0,,,,,,6.0,,,,,,,,,,,,,0.0,,,,,,,,,,,,,,,,,,,,,,,,,,,,,,,,,,,,,,,,,,,,,,,,,,,,""
543561559,"Mar 30, 2016, 9:16:00 AM",Lunch Run,Run,,1250,2.57,,,false,,,activities/596548387.fit.gz,81.0,,1250.0,964.0,2575.9,6.9,,10.0,,27.8,31.6,15.6,0.0,,,120.0,75.0,,,,,,,,,,,,,,,,,,,,,0.0,,,,,,,,,,,,,,,,,,,,,,,,,,,,,,,,,,,,,,,,,,,,,,,,,,,,""
543561622,"Mar 27, 2016, 7:21:20 AM",Morning Run,Run,,1328,4.99,188.0,72,false,,,activities/596548402.fit.gz,81.0,,1328.0,1328.0,4992.1,4.8,,54.0,,13.6,47.4,9.4,0.0,,,89.0,83.0,188.0,182.0,,,,,,72.0,,,,,,,,,,,,,0.0,,,,,,,,,,,,,,,,,,,,,,,,,,,,,,,,,,,,,,,,,,,,,,,,,,,,""
543561660,"Mar 27, 2016, 7:18:02 AM",Morning Activity,Workout,,195,0.09,164.0,2,false,,,activities/596548392.fit.gz,81.0,,195.0,35.0,95.4,7.4,,0.0,,11.8,15.0,33.3,-0.4,,,81.0,63.0,164.0,156.0,,,,,,2.0,,,,,,,,,,,,,0.0,,,,,,,,,,,,,,,,,,,,,,,,,,,,,,,,,,,,,,,,,,,,,,,,,,,,""
543561614,"Mar 27, 2016, 7:18:02 AM",Morning Activity,Workout,,195,0.09,164.0,2,false,,,activities/596548390.fit.gz,81.0,,195.0,35.0,95.4,7.4,,0.0,,11.8,15.0,33.3,-0.4,,,81.0,63.0,164.0,156.0,,,,,,2.0,,,,,,,,,,,,,0.0,,,,,,,,,,,,,,,,,,,,,,,,,,,,,,,,,,,,,,,,,,,,,,,,,,,,""
543561593,"Mar 27, 2016, 7:18:02 AM",Morning Activity,Workout,,195,0.09,164.0,2,false,,,activities/596548388.fit.gz,81.0,,195.0,35.0,95.4,7.4,,0.0,,11.8,15.0,33.3,-0.4,,,81.0,63.0,164.0,156.0,,,,,,2.0,,,,,,,,,,,,,0.0,,,,,,,,,,,,,,,,,,,,,,,,,,,,,,,,,,,,,,,,,,,,,,,,,,,,""
543561589,"Mar 27, 2016, 6:42:26 AM",Morning Ride,Ride,,2134,19.99,190.0,82,false,,,activities/596548386.fit.gz,81.0,,2134.0,2134.0,19992.3,13.5,,73.0,,12.0,41.2,10.3,0.0,,,,,190.0,172.0,,,,,,82.0,,,,,,,,,,,,,0.0,,,,,,,,,,,,,,,,,,,,,,,,,,,,,,,,,,,,,,,,,,,,,,,,,,,,""
543561579,"Mar 27, 2016, 6:26:11 AM",Morning Activity,Workout,,971,0.36,131.0,3,false,,,activities/596548370.fit.gz,81.0,,971.0,576.0,362.4,3.6,,26.0,,-156.6,27.6,47.9,6.6,,,90.0,64.0,131.0,128.0,,,,,,3.0,,,,,,,,,,,,,0.0,,,,,,,,,,,,,,,,,,,,,,,,,,,,,,,,,,,,,,,,,,,,,,,,,,,,""
543561533,"Mar 27, 2016, 6:26:11 AM",Morning Activity,Workout,,971,0.36,131.0,3,false,,,activities/596548378.fit.gz,81.0,,971.0,576.0,362.4,3.6,,26.0,,-156.6,27.6,47.9,6.6,,,90.0,64.0,131.0,128.0,,,,,,3.0,,,,,,,,,,,,,0.0,,,,,,,,,,,,,,,,,,,,,,,,,,,,,,,,,,,,,,,,,,,,,,,,,,,,""
543561516,"Mar 27, 2016, 6:26:11 AM",Morning Activity,Workout,,971,0.36,131.0,3,false,,,activities/596548376.fit.gz,81.0,,971.0,576.0,362.4,3.6,,26.0,,-156.6,27.6,47.9,6.6,,,90.0,64.0,131.0,128.0,,,,,,3.0,,,,,,,,,,,,,0.0,,,,,,,,,,,,,,,,,,,,,,,,,,,,,,,,,,,,,,,,,,,,,,,,,,,,""
543561500,"Mar 27, 2016, 6:26:11 AM",Morning Activity,Workout,,971,0.36,131.0,3,false,,,activities/596548372.fit.gz,81.0,,971.0,576.0,362.4,3.6,,26.0,,-156.6,27.6,47.9,6.6,,,90.0,64.0,131.0,128.0,,,,,,3.0,,,,,,,,,,,,,0.0,,,,,,,,,,,,,,,,,,,,,,,,,,,,,,,,,,,,,,,,,,,,,,,,,,,,""
543561492,"Mar 27, 2016, 6:14:42 AM",Morning Swim,Swim,,687,751,,,false,,,activities/596548367.fit.gz,81.0,,687.0,687.0,751.1,1.6,,0.0,,-5.4,-5.4,0.0,0.0,,,35.0,29.0,,,,,,,,,,,,,,,,,,,,,0.0,,,,,,,,,,,,,,,,,,,,,,,,,,,,,,,,,,,,,,,,,,,,,,,,,,,,""
543561459,"Mar 27, 2016, 6:14:42 AM",Morning Swim,Swim,,687,751,,,false,,,activities/596548366.fit.gz,81.0,,687.0,687.0,751.1,1.6,,0.0,,-5.4,-5.4,0.0,0.0,,,35.0,29.0,,,,,,,,,,,,,,,,,,,,,0.0,,,,,,,,,,,,,,,,,,,,,,,,,,,,,,,,,,,,,,,,,,,,,,,,,,,,""
543561604,"Mar 25, 2016, 7:42:16 AM",Morning Ride,Ride,,1751,11.27,175.0,13,false,,,activities/596548396.fit.gz,81.0,,1751.0,1751.0,11277.7,13.8,,0.0,,43.6,46.2,1.5,0.0,,,93.0,64.0,175.0,134.0,,,,,,13.0,,,,,,,,,,,,,0.0,,,,,,,,,,,,,,,,,,,,,,,,,,,,,,,,,,,,,,,,,,,,,,,,,,,,""
543561609,"Mar 24, 2016, 3:23:39 PM",Afternoon Run,Run,,529,1.24,185.0,7,false,,,activities/596548389.fit.gz,81.0,,529.0,523.0,1244.9,6.4,,3.0,,37.0,40.6,19.0,0.1,,,116.0,71.0,185.0,151.0,,,,,,7.0,,,,,,,,,,,,,0.0,,,,,,,,,,,,,,,,,,,,,,,,,,,,,,,,,,,,,,,,,,,,,,,,,,,,""
543561374,"Mar 24, 2016, 3:18:19 PM",Afternoon Run,Run,,85,0.41,187.0,4,false,,,activities/596548344.fit.gz,81.0,,85.0,85.0,413.6,6.3,,2.0,,35.4,39.4,6.0,-0.1,,,128.0,89.0,187.0,178.0,,,,,,4.0,,,,,,,,,,,,,0.0,,,,,,,,,,,,,,,,,,,,,,,,,,,,,,,,,,,,,,,,,,,,,,,,,,,,""
543561397,"Mar 24, 2016, 2:53:30 PM",Afternoon Run,Run,,1359,3.52,188.0,19,false,,,activities/596548354.fit.gz,81.0,,1359.0,1100.0,3528.9,6.6,,12.0,,28.2,34.0,23.1,-0.1,,,118.0,77.0,188.0,150.0,,,,,,19.0,,,,,,,,,,,,,0.0,,,,,,,,,,,,,,,,,,,,,,,,,,,,,,,,,,,,,,,,,,,,,,,,,,,,""
543561652,"Mar 23, 2016, 4:13:02 PM",Evening Swim,Swim,,4358,"2,275",,,false,,,activities/596548404.fit.gz,81.0,,4358.0,2176.0,2275.0,2.5,,0.0,,,,0.0,0.0,,,32.0,23.0,,,,,,,,,,,,,,,,,,,,,0.0,,,,,,,,,,,,,,,,,,,,,,,,,,,,,,,,,,,,,,,,,,,,,,,,,,,,""
543561637,"Mar 20, 2016, 8:29:02 AM",Morning Run,Run,,1209,4.78,193.0,72,false,,,activities/596548400.fit.gz,81.0,,1209.0,1209.0,4784.4,5.1,,70.0,,16.0,44.6,15.5,0.0,,,91.0,85.0,193.0,185.0,,,,,,72.0,,,,,,,,,,,,,0.0,,,,,,,,,,,,,,,,,,,,,,,,,,,,,,,,,,,,,,,,,,,,,,,,,,,,""
543561635,"Mar 20, 2016, 8:29:02 AM",Morning Run,Run,,1209,4.78,193.0,92,false,,,activities/596548399.fit.gz,81.0,,1209.0,1209.0,4784.4,5.1,,70.0,,16.0,44.6,15.5,0.0,,,91.0,85.0,193.0,185.0,,,483.0,,,92.0,,,,,,,,,,,,,0.0,,,,,,,,,,,,,,,,,,,,,,,,,,,,,,,,,,,,,,,,,,,,,,,,,,,,""
543561612,"Mar 20, 2016, 8:24:13 AM",Morning Activity,Workout,,288,0.11,167.0,3,false,,,activities/596548391.fit.gz,81.0,,288.0,132.0,118.4,5.9,,0.0,,15.6,20.0,22.6,-2.7,,,84.0,61.0,167.0,151.0,,,,,,3.0,,,,,,,,,,,,,0.0,,,,,,,,,,,,,,,,,,,,,,,,,,,,,,,,,,,,,,,,,,,,,,,,,,,,""
543561543,"Mar 20, 2016, 7:47:51 AM",Morning Ride,Ride,,2181,20.08,188.0,75,false,,,activities/596548381.fit.gz,81.0,,2181.0,2181.0,20082.9,13.2,,80.0,,13.0,40.0,10.2,0.0,,,117.0,88.0,188.0,169.0,,,,,,75.0,,,,,,,,,,,,,0.0,,,,,,,,,,,,,,,,,,,,,,,,,,,,,,,,,,,,,,,,,,,,,,,,,,,,""
543561544,"Mar 20, 2016, 7:28:38 AM",Morning Activity,Workout,,1148,0.76,138.0,4,false,,,activities/596548371.fit.gz,81.0,,1148.0,743.0,763.1,5.8,,211.0,,-363.8,34.8,49.0,15.5,,,117.0,59.0,138.0,134.0,,,,,,4.0,,,,,,,,,,,,,0.0,,,,,,,,,,,,,,,,,,,,,,,,,,,,,,,,,,,,,,,,,,,,,,,,,,,,""
543561530,"Mar 20, 2016, 7:28:38 AM",Morning Activity,Workout,,1148,0.76,138.0,4,false,,,activities/596548377.fit.gz,81.0,,1148.0,743.0,763.1,5.8,,211.0,,-363.8,34.8,49.0,15.5,,,117.0,59.0,138.0,134.0,,,,,,4.0,,,,,,,,,,,,,0.0,,,,,,,,,,,,,,,,,,,,,,,,,,,,,,,,,,,,,,,,,,,,,,,,,,,,""
543561520,"Mar 20, 2016, 7:28:38 AM",Morning Activity,Workout,,1148,0.76,138.0,4,false,,,activities/596548374.fit.gz,81.0,,1148.0,743.0,763.1,5.8,,211.0,,-363.8,34.8,49.0,15.5,,,117.0,59.0,138.0,134.0,,,,,,4.0,,,,,,,,,,,,,0.0,,,,,,,,,,,,,,,,,,,,,,,,,,,,,,,,,,,,,,,,,,,,,,,,,,,,""
543561509,"Mar 20, 2016, 7:28:38 AM",Morning Activity,Workout,,1148,0.76,138.0,4,false,,,activities/596548375.fit.gz,81.0,,1148.0,743.0,763.1,5.8,,211.0,,-363.8,34.8,49.0,15.5,,,117.0,59.0,138.0,134.0,,,,,,4.0,,,,,,,,,,,,,0.0,,,,,,,,,,,,,,,,,,,,,,,,,,,,,,,,,,,,,,,,,,,,,,,,,,,,""
543561568,"Mar 20, 2016, 7:13:34 AM",Morning Swim,Swim,,903,"1,006",,,false,,,activities/596548365.fit.gz,81.0,,903.0,903.0,1006.2,2.3,,0.0,,-113.6,-113.6,0.0,0.0,,,33.0,29.0,,,,,,,,,,,,,,,,,,,,,0.0,,,,,,,,,,,,,,,,,,,,,,,,,,,,,,,,,,,,,,,,,,,,,,,,,,,,""
543561557,"Mar 19, 2016, 6:13:25 AM",Morning Run,Run,,2100,6.41,181.0,90,false,,,activities/596548380.fit.gz,81.0,,2100.0,2064.0,6414.1,3.9,,17.0,,4.4,10.0,7.4,0.0,,,85.0,79.0,181.0,162.0,,,,,,90.0,,,,,,,,,,,,,0.0,,,,,,,,,,,,,,,,,,,,,,,,,,,,,,,,,,,,,,,,,,,,,,,,,,,,""
543561640,"Mar 18, 2016, 4:05:05 PM",Evening Swim,Swim,,4695,"1,900",,,false,,,activities/596548403.fit.gz,81.0,,4695.0,1778.0,1900.0,2.5,,0.0,,,,0.0,0.0,,,34.0,25.0,,,,,,,,,,,,,,,,,,,,,0.0,,,,,,,,,,,,,,,,,,,,,,,,,,,,,,,,,,,,,,,,,,,,,,,,,,,,""
543561565,"Mar 18, 2016, 5:35:09 AM",Morning Run,Run,,1327,4.00,187.0,32,false,,,activities/596548383.fit.gz,81.0,,1327.0,1291.0,4003.2,4.5,,6.0,,94.8,101.8,6.7,0.0,,,86.0,79.0,187.0,161.0,,,398.0,,,32.0,,,,,,,,,,,,,0.0,,,,,,,,,,,,,,,,,,,,,,,,,,,,,,,,,,,,,,,,,,,,,,,,,,,,""
543561631,"Mar 16, 2016, 4:13:05 PM",Evening Swim,Swim,,4031,"1,725",,,false,,,activities/596548397.fit.gz,81.0,,4031.0,1965.0,1725.0,2.1,,0.0,,,,0.0,0.0,,,29.0,21.0,,,,,,,,,,,,,,,,,,,,,0.0,,,,,,,,,,,,,,,,,,,,,,,,,,,,,,,,,,,,,,,,,,,,,,,,,,,,""
454927212,"Dec 23, 2015, 7:15:37 AM",Morning Ride,Ride,,7172,50.83,181.0,80,false,,,activities/505887308.fit.gz,81.0,,7172.0,6870.0,50838.5,15.6,,478.0,,31.2,273.0,9.4,0.0,,,,,181.0,143.0,,,,,,80.0,,,,,,,,,,,,,0.0,,,,,,,,,,,,,,,,,,,,,,,,,,,,,,,,,,,,,,,,,,,,,,,,,,,,""
454540301,"Dec 22, 2015, 2:24:18 PM",Afternoon Run,Run,,1377,4.15,184.0,14,false,,,activities/505493255.fit.gz,81.0,,1377.0,1234.0,4155.0,5.1,,0.0,,46.8,48.0,9.2,0.0,,,86.0,76.0,184.0,146.0,,,,,,14.0,,,,,,,,,,,,,0.0,,,,,,,,,,,,,,,,,,,,,,,,,,,,,,,,,,,,,,,,,,,,,,,,,,,,""
454540175,"Dec 22, 2015, 2:08:09 PM",Afternoon Run,Run,,672,2.13,168.0,8,false,,,activities/505493127.fit.gz,81.0,,672.0,612.0,2132.5,3.9,,0.0,,40.6,42.0,16.7,0.0,,,81.0,77.0,168.0,140.0,,,213.0,,,8.0,,,,,,,,,,,,,0.0,,,,,,,,,,,,,,,,,,,,,,,,,,,,,,,,,,,,,,,,,,,,,,,,,,,,""
454718081,"Dec 20, 2015, 6:37:19 AM",Morning Ride,Ride,,8648,52.58,,,false,,,activities/505673221.fit.gz,81.0,,8648.0,7432.0,52583.4,19.6,,472.0,,35.4,277.2,11.2,0.0,,,125.0,78.0,,,,,,,,,,,,,,,,,,,,,0.0,,,,,,,,,,,,,,,,,,,,,,,,,,,,,,,,,,,,,,,,,,,,,,,,,,,,""
454718079,"Dec 19, 2015, 1:15:59 PM",Afternoon Run,Run,,2343,8.64,193.0,108,false,,,activities/505673225.fit.gz,81.0,,2343.0,2340.0,8648.2,4.7,,21.0,,2.2,11.6,6.1,0.0,,,93.0,81.0,193.0,176.0,,,,,,108.0,,,,,,,,,,,,,0.0,,,,,,,,,,,,,,,,,,,,,,,,,,,,,,,,,,,,,,,,,,,,,,,,,,,,""
